date,vehicle_id,assigned_tech,technology,vehicle_class,duty_id,duty_class,distance_km,duration_hr,payload_kg,payload_ratio,stop_count,elevation_gain_m,departure_time,return_time,charging_window_hr,ambient_temp_c,weather_cond,precipitation_mm,service_status,is_outsourced,outsourced_cost_usd,diesel_liters,sim_true_traction_kwh,sim_true_onboard_aux_kwh,sim_true_battery_withdrawal_kwh,sim_true_grid_charging_kwh,state_of_charge_start_pct,state_of_charge_end_pct,charger_id,charger_power_kw,monitoring_tier,obs_traction_kwh,telemetry_status,obs_availability,dispatch_reported_at,telemetry_reported_at,report_available_at
2025-01-02,EV-01,Electric,Electric,Class6_Box,DUTY_URB_01,D1_Urban,86.4,5.8,2840,0.71,28,128,07:30,13:18,17.7,0.7,Snow,0.7,Completed,0,0.0,,146.0,15.4,161.4,183.4,100.0,19.3,CHG-01,50.0,Enhanced_Telemetry,146.3,Received_Valid,Immediate_CAN_Bus,2025-01-02T13:48:00,2025-01-02T13:23:00,2025-01-02T13:23:00
2025-01-02,D-02,Diesel,Diesel,Class6_Box,DUTY_URB_02,D1_Urban,86.6,5.8,3200,0.80,29,141,07:00,12:48,18.2,0.7,Snow,0.7,Completed,0,0.0,26.2,,,,,,,,,None,,Not_Installed_Diesel,Quarter_End,2025-01-02T12:59:00,,2025-05-15T00:00:00
2025-01-02,D-03,Diesel,Diesel,Class6_Box,DUTY_URB_03,D1_Urban,85.3,6.1,3080,0.77,35,146,07:15,13:21,17.6,0.7,Snow,0.7,Completed,0,0.0,26.7,,,,,,,,,None,,Not_Installed_Diesel,Quarter_End,2025-01-02T13:51:00,,2025-05-15T00:00:00
2025-01-02,D-04,Diesel,Diesel,Class6_Box,DUTY_SUB_01,D2_Suburban,131.8,6.2,3080,0.77,19,300,07:30,13:42,17.3,0.7,Snow,0.7,Completed,0,0.0,39.2,,,,,,,,,None,,Not_Installed_Diesel,Quarter_End,2025-01-02T13:59:00,,2025-05-15T00:00:00
2025-01-02,D-05,Diesel,Diesel,Class6_Box,DUTY_SUB_02,D2_Suburban,138.5,6.5,2680,0.67,18,276,07:15,13:45,17.2,0.7,Snow,0.7,Completed,0,0.0,38.8,,,,,,,,,None,,Not_Installed_Diesel,Quarter_End,2025-01-02T13:59:00,,2025-05-15T00:00:00
2025-01-02,D-06,Diesel,Diesel,Class6_Box,DUTY_SUB_03,D2_Suburban,133.4,6.4,2640,0.66,15,300,07:15,13:39,17.4,0.7,Snow,0.7,Completed,0,0.0,38.5,,,,,,,,,None,,Not_Installed_Diesel,Quarter_End,2025-01-02T13:59:00,,2025-05-15T00:00:00
2025-01-02,D-07,Diesel,Diesel,Class6_Box,DUTY_SUB_04,D2_Suburban,135.7,6.3,2800,0.70,11,275,07:30,13:48,17.2,0.7,Snow,0.7,Completed,0,0.0,38.1,,,,,,,,,None,,Not_Installed_Diesel,Quarter_End,2025-01-02T13:59:00,,2025-05-15T00:00:00
2025-01-02,D-08,Diesel,Diesel,Class6_Box,DUTY_REG_01,D3_Regional,212.4,7.8,3040,0.76,7,534,07:15,15:03,15.9,0.7,Snow,0.7,Completed,0,0.0,57.8,,,,,,,,,None,,Not_Installed_Diesel,Quarter_End,2025-01-02T15:33:00,,2025-05-15T00:00:00
2025-01-02,D-09,Diesel,Diesel,Class6_Box,DUTY_REG_02,D3_Regional,205.5,7.7,2960,0.74,8,477,07:30,15:12,15.8,0.7,Snow,0.7,Completed,0,0.0,58.7,,,,,,,,,None,,Not_Installed_Diesel,Quarter_End,2025-01-02T15:42:00,,2025-05-15T00:00:00
2025-01-02,D-10,Diesel,Diesel,Class6_Box,DUTY_REG_03,D3_Regional,211.9,7.9,2840,0.71,9,537,07:30,15:24,15.6,0.7,Snow,0.7,Completed,0,0.0,57.6,,,,,,,,,None,,Not_Installed_Diesel,Quarter_End,2025-01-02T15:54:00,,2025-05-15T00:00:00
2025-01-03,EV-01,Electric,Electric,Class6_Box,DUTY_URB_01,D1_Urban,87.9,5.8,3280,0.82,32,136,07:30,13:18,17.7,0.5,Dry,0.0,Completed,0,0.0,,152.8,14.3,167.1,189.9,100.0,16.5,CHG-01,50.0,Enhanced_Telemetry,152.3,Received_Valid,Immediate_CAN_Bus,2025-01-03T13:48:00,2025-01-03T13:23:00,2025-01-03T13:23:00
2025-01-03,D-02,Diesel,Diesel,Class6_Box,DUTY_URB_02,D1_Urban,82.6,5.7,2600,0.65,31,148,07:00,12:42,18.3,0.5,Dry,0.0,Completed,0,0.0,25.9,,,,,,,,,None,,Not_Installed_Diesel,Quarter_End,2025-01-03T12:59:00,,2025-05-15T00:00:00
2025-01-03,D-03,Diesel,Diesel,Class6_Box,DUTY_URB_03,D1_Urban,85.6,6.1,3120,0.78,33,130,07:00,13:06,17.9,0.5,Dry,0.0,Completed,0,0.0,24.9,,,,,,,,,None,,Not_Installed_Diesel,Quarter_End,2025-01-03T13:36:00,,2025-05-15T00:00:00
2025-01-03,D-04,Diesel,Diesel,Class6_Box,DUTY_SUB_01,D2_Suburban,130.3,6.1,2840,0.71,14,294,07:30,13:36,17.4,0.5,Dry,0.0,Completed,0,0.0,38.3,,,,,,,,,None,,Not_Installed_Diesel,Quarter_End,2025-01-03T13:59:00,,2025-05-15T00:00:00
2025-01-03,D-05,Diesel,Diesel,Class6_Box,DUTY_SUB_02,D2_Suburban,133.7,6.6,3200,0.80,12,291,07:30,14:06,16.9,0.5,Dry,0.0,Completed,0,0.0,38.0,,,,,,,,,None,,Not_Installed_Diesel,Quarter_End,2025-01-03T14:36:00,,2025-05-15T00:00:00
2025-01-03,D-06,Diesel,Diesel,Class6_Box,DUTY_SUB_03,D2_Suburban,139.9,6.8,2960,0.74,19,321,07:00,13:48,17.2,0.5,Dry,0.0,Completed,0,0.0,37.4,,,,,,,,,None,,Not_Installed_Diesel,Quarter_End,2025-01-03T13:59:00,,2025-05-15T00:00:00
2025-01-03,D-07,Diesel,Diesel,Class6_Box,DUTY_SUB_04,D2_Suburban,134.8,6.6,2720,0.68,16,282,07:30,14:06,16.9,0.5,Dry,0.0,Completed,0,0.0,38.6,,,,,,,,,None,,Not_Installed_Diesel,Quarter_End,2025-01-03T14:36:00,,2025-05-15T00:00:00
2025-01-03,D-08,Diesel,Diesel,Class6_Box,DUTY_REG_01,D3_Regional,211.1,7.9,2960,0.74,7,528,07:00,14:54,16.1,0.5,Dry,0.0,Completed,0,0.0,58.0,,,,,,,,,None,,Not_Installed_Diesel,Quarter_End,2025-01-03T14:59:00,,2025-05-15T00:00:00
2025-01-03,D-09,Diesel,Diesel,Class6_Box,DUTY_REG_02,D3_Regional,207.9,7.7,3400,0.85,6,470,07:00,14:42,16.3,0.5,Dry,0.0,Completed,0,0.0,56.7,,,,,,,,,None,,Not_Installed_Diesel,Quarter_End,2025-01-03T14:59:00,,2025-05-15T00:00:00
2025-01-03,D-10,Diesel,Diesel,Class6_Box,DUTY_REG_03,D3_Regional,212.4,8.1,2880,0.72,10,559,07:15,15:21,15.7,0.5,Dry,0.0,Completed,0,0.0,56.8,,,,,,,,,None,,Not_Installed_Diesel,Quarter_End,2025-01-03T15:51:00,,2025-05-15T00:00:00
2025-01-06,EV-01,Electric,Electric,Class6_Box,DUTY_URB_01,D1_Urban,83.6,6.4,3080,0.77,31,154,07:00,13:24,17.6,2.0,Cold_Wind,0.0,Completed,0,0.0,,147.4,11.0,158.4,180.0,100.0,20.8,CHG-01,50.0,Enhanced_Telemetry,147.1,Received_Valid,Immediate_CAN_Bus,2025-01-06T13:54:00,2025-01-06T13:29:00,2025-01-06T13:29:00
2025-01-06,D-02,Diesel,Diesel,Class6_Box,DUTY_URB_02,D1_Urban,88.3,5.8,3160,0.79,30,130,07:15,13:03,17.9,2.0,Cold_Wind,0.0,Completed,0,0.0,26.3,,,,,,,,,None,,Not_Installed_Diesel,Quarter_End,2025-01-06T13:33:00,,2025-05-15T00:00:00
2025-01-06,D-03,Diesel,Diesel,Class6_Box,DUTY_URB_03,D1_Urban,83.6,5.7,2760,0.69,31,138,07:15,12:57,18.1,2.0,Cold_Wind,0.0,Completed,0,0.0,25.3,,,,,,,,,None,,Not_Installed_Diesel,Quarter_End,2025-01-06T12:59:00,,2025-05-15T00:00:00
2025-01-06,D-04,Diesel,Diesel,Class6_Box,DUTY_SUB_01,D2_Suburban,136.7,5.5,3120,0.78,13,264,07:30,13:00,18.0,2.0,Cold_Wind,0.0,Completed,0,0.0,37.4,,,,,,,,,None,,Not_Installed_Diesel,Quarter_End,2025-01-06T13:30:00,,2025-05-15T00:00:00
2025-01-06,D-05,Diesel,Diesel,Class6_Box,DUTY_SUB_02,D2_Suburban,136.9,6.9,2320,0.58,17,289,07:30,14:24,16.6,2.0,Cold_Wind,0.0,Completed,0,0.0,38.0,,,,,,,,,None,,Not_Installed_Diesel,Quarter_End,2025-01-06T14:54:00,,2025-05-15T00:00:00
2025-01-06,D-06,Diesel,Diesel,Class6_Box,DUTY_SUB_03,D2_Suburban,135.7,6.6,3400,0.85,19,325,07:00,13:36,17.4,2.0,Cold_Wind,0.0,Completed,0,0.0,37.5,,,,,,,,,None,,Not_Installed_Diesel,Quarter_End,2025-01-06T13:59:00,,2025-05-15T00:00:00
2025-01-06,D-07,Diesel,Diesel,Class6_Box,DUTY_SUB_04,D2_Suburban,131.6,6.5,3080,0.77,17,258,07:15,13:45,17.2,2.0,Cold_Wind,0.0,Completed,0,0.0,38.1,,,,,,,,,None,,Not_Installed_Diesel,Quarter_End,2025-01-06T13:59:00,,2025-05-15T00:00:00
2025-01-06,D-08,Diesel,Diesel,Class6_Box,DUTY_REG_01,D3_Regional,209.9,7.7,2600,0.65,3,504,07:30,15:12,15.8,2.0,Cold_Wind,0.0,Completed,0,0.0,56.3,,,,,,,,,None,,Not_Installed_Diesel,Quarter_End,2025-01-06T15:42:00,,2025-05-15T00:00:00
2025-01-06,D-09,Diesel,Diesel,Class6_Box,DUTY_REG_02,D3_Regional,207.1,8.2,3000,0.75,8,472,07:00,15:11,15.8,2.0,Cold_Wind,0.0,Completed,0,0.0,57.8,,,,,,,,,None,,Not_Installed_Diesel,Quarter_End,2025-01-06T15:41:00,,2025-05-15T00:00:00
2025-01-06,D-10,Diesel,Diesel,Class6_Box,DUTY_REG_03,D3_Regional,208.6,8.1,2800,0.70,5,541,07:15,15:21,15.7,2.0,Cold_Wind,0.0,Completed,0,0.0,57.9,,,,,,,,,None,,Not_Installed_Diesel,Quarter_End,2025-01-06T15:51:00,,2025-05-15T00:00:00
2025-01-07,EV-01,Electric,Electric,Class6_Box,DUTY_URB_01,D1_Urban,85.5,5.6,2840,0.71,33,126,07:15,12:51,18.1,-0.0,Snow,2.0,Completed,0,0.0,,150.3,15.1,165.4,188.0,100.0,17.3,CHG-01,50.0,Enhanced_Telemetry,151.2,Received_Valid,Immediate_CAN_Bus,2025-01-07T12:59:00,2025-01-07T12:56:00,2025-01-07T12:56:00
2025-01-07,D-02,Diesel,Diesel,Class6_Box,DUTY_URB_02,D1_Urban,87.5,5.9,2920,0.73,27,132,07:00,12:54,18.1,-0.0,Snow,2.0,Completed,0,0.0,26.4,,,,,,,,,None,,Not_Installed_Diesel,Quarter_End,2025-01-07T12:59:00,,2025-05-15T00:00:00
2025-01-07,D-03,Diesel,Diesel,Class6_Box,DUTY_URB_03,D1_Urban,86.3,5.9,2280,0.57,31,136,07:00,12:54,18.1,-0.0,Snow,2.0,Completed,0,0.0,26.5,,,,,,,,,None,,Not_Installed_Diesel,Quarter_End,2025-01-07T12:59:00,,2025-05-15T00:00:00
2025-01-07,D-04,Diesel,Diesel,Class6_Box,DUTY_SUB_01,D2_Suburban,136.3,6.2,3080,0.77,15,262,07:30,13:42,17.3,-0.0,Snow,2.0,Completed,0,0.0,38.3,,,,,,,,,None,,Not_Installed_Diesel,Quarter_End,2025-01-07T13:59:00,,2025-05-15T00:00:00
2025-01-07,D-05,Diesel,Diesel,Class6_Box,DUTY_SUB_02,D2_Suburban,135.6,6.8,2640,0.66,17,291,07:00,13:48,17.2,-0.0,Snow,2.0,Completed,0,0.0,38.6,,,,,,,,,None,,Not_Installed_Diesel,Quarter_End,2025-01-07T13:59:00,,2025-05-15T00:00:00
2025-01-07,D-06,Diesel,Diesel,Class6_Box,DUTY_SUB_03,D2_Suburban,137.0,6.8,3040,0.76,17,301,07:30,14:18,16.7,-0.0,Snow,2.0,Completed,0,0.0,38.7,,,,,,,,,None,,Not_Installed_Diesel,Quarter_End,2025-01-07T14:48:00,,2025-05-15T00:00:00
2025-01-07,D-07,Diesel,Diesel,Class6_Box,DUTY_SUB_04,D2_Suburban,134.3,6.4,2760,0.69,14,283,07:30,13:54,17.1,-0.0,Snow,2.0,Completed,0,0.0,38.7,,,,,,,,,None,,Not_Installed_Diesel,Quarter_End,2025-01-07T13:59:00,,2025-05-15T00:00:00
2025-01-07,D-08,Diesel,Diesel,Class6_Box,DUTY_REG_01,D3_Regional,208.8,7.8,2520,0.63,4,512,07:00,14:48,16.2,-0.0,Snow,2.0,Completed,0,0.0,58.2,,,,,,,,,None,,Not_Installed_Diesel,Quarter_End,2025-01-07T14:59:00,,2025-05-15T00:00:00
2025-01-07,D-09,Diesel,Diesel,Class6_Box,DUTY_REG_02,D3_Regional,207.7,7.6,2720,0.68,7,494,07:30,15:06,15.9,-0.0,Snow,2.0,Completed,0,0.0,58.7,,,,,,,,,None,,Not_Installed_Diesel,Quarter_End,2025-01-07T15:36:00,,2025-05-15T00:00:00
2025-01-07,D-10,Diesel,Diesel,Class6_Box,DUTY_REG_03,D3_Regional,209.9,8.0,2520,0.63,7,533,07:30,15:30,15.5,-0.0,Snow,2.0,Completed,0,0.0,58.3,,,,,,,,,None,,Not_Installed_Diesel,Quarter_End,2025-01-07T15:59:00,,2025-05-15T00:00:00
2025-01-08,EV-01,Electric,Electric,Class6_Box,DUTY_URB_01,D1_Urban,81.4,5.5,3080,0.77,30,159,07:15,12:45,18.2,2.9,Dry,0.0,Completed,0,0.0,,135.7,12.3,148.0,168.2,100.0,26.0,CHG-01,50.0,Enhanced_Telemetry,135.1,Received_Valid,Immediate_CAN_Bus,2025-01-08T12:59:00,2025-01-08T12:50:00,2025-01-08T12:50:00
2025-01-08,D-02,Diesel,Diesel,Class6_Box,DUTY_URB_02,D1_Urban,82.5,5.7,3240,0.81,31,148,07:15,12:57,18.1,2.9,Dry,0.0,Completed,0,0.0,25.8,,,,,,,,,None,,Not_Installed_Diesel,Quarter_End,2025-01-08T12:59:00,,2025-05-15T00:00:00
2025-01-08,D-03,Diesel,Diesel,Class6_Box,DUTY_URB_03,D1_Urban,84.5,5.9,2760,0.69,30,149,07:00,12:54,18.1,2.9,Dry,0.0,Completed,0,0.0,26.5,,,,,,,,,None,,Not_Installed_Diesel,Quarter_End,2025-01-08T12:59:00,,2025-05-15T00:00:00
2025-01-08,D-04,Diesel,Diesel,Class6_Box,DUTY_SUB_01,D2_Suburban,135.3,6.5,2320,0.58,13,296,07:15,13:45,17.2,2.9,Dry,0.0,Completed,0,0.0,38.3,,,,,,,,,None,,Not_Installed_Diesel,Quarter_End,2025-01-08T13:59:00,,2025-05-15T00:00:00
2025-01-08,D-05,Diesel,Diesel,Class6_Box,DUTY_SUB_02,D2_Suburban,132.2,6.4,3120,0.78,18,308,07:15,13:39,17.4,2.9,Dry,0.0,Completed,0,0.0,37.6,,,,,,,,,None,,Not_Installed_Diesel,Quarter_End,2025-01-08T13:59:00,,2025-05-15T00:00:00
2025-01-08,D-06,Diesel,Diesel,Class6_Box,DUTY_SUB_03,D2_Suburban,134.3,6.5,2920,0.73,18,324,07:00,13:30,17.5,2.9,Dry,0.0,Completed,0,0.0,37.6,,,,,,,,,None,,Not_Installed_Diesel,Quarter_End,2025-01-08T13:59:00,,2025-05-15T00:00:00
2025-01-08,D-07,Diesel,Diesel,Class6_Box,DUTY_SUB_04,D2_Suburban,136.1,6.7,2680,0.67,13,268,07:15,13:57,17.1,2.9,Dry,0.0,Completed,0,0.0,38.1,,,,,,,,,None,,Not_Installed_Diesel,Quarter_End,2025-01-08T13:59:00,,2025-05-15T00:00:00
2025-01-08,D-08,Diesel,Diesel,Class6_Box,DUTY_REG_01,D3_Regional,208.3,8.4,3080,0.77,4,504,07:30,15:54,15.1,2.9,Dry,0.0,Completed,0,0.0,57.8,,,,,,,,,None,,Not_Installed_Diesel,Quarter_End,2025-01-08T15:59:00,,2025-05-15T00:00:00
2025-01-08,D-09,Diesel,Diesel,Class6_Box,DUTY_REG_02,D3_Regional,207.6,7.7,2760,0.69,3,499,07:00,14:42,16.3,2.9,Dry,0.0,Completed,0,0.0,56.9,,,,,,,,,None,,Not_Installed_Diesel,Quarter_End,2025-01-08T14:59:00,,2025-05-15T00:00:00
2025-01-08,D-10,Diesel,Diesel,Class6_Box,DUTY_REG_03,D3_Regional,210.9,7.4,2600,0.65,8,554,07:15,14:39,16.4,2.9,Dry,0.0,Completed,0,0.0,56.3,,,,,,,,,None,,Not_Installed_Diesel,Quarter_End,2025-01-08T14:59:00,,2025-05-15T00:00:00
2025-01-09,EV-01,Electric,Electric,Class6_Box,DUTY_URB_01,D1_Urban,84.1,6.2,2960,0.74,33,127,07:00,13:12,17.8,1.1,Rain,2.5,Completed,0,0.0,,142.8,11.8,154.6,175.7,100.0,22.7,CHG-01,50.0,Enhanced_Telemetry,143.2,Received_Valid,Immediate_CAN_Bus,2025-01-09T13:42:00,2025-01-09T13:17:00,2025-01-09T13:17:00
2025-01-09,D-02,Diesel,Diesel,Class6_Box,DUTY_URB_02,D1_Urban,84.4,5.8,2760,0.69,27,155,07:15,13:03,17.9,1.1,Rain,2.5,Completed,0,0.0,24.3,,,,,,,,,None,,Not_Installed_Diesel,Quarter_End,2025-01-09T13:33:00,,2025-05-15T00:00:00
2025-01-09,D-03,Diesel,Diesel,Class6_Box,DUTY_URB_03,D1_Urban,83.5,5.8,2840,0.71,32,162,07:00,12:48,18.2,1.1,Rain,2.5,Completed,0,0.0,24.9,,,,,,,,,None,,Not_Installed_Diesel,Quarter_End,2025-01-09T12:59:00,,2025-05-15T00:00:00
2025-01-09,D-04,Diesel,Diesel,Class6_Box,DUTY_SUB_01,D2_Suburban,132.9,6.2,2880,0.72,16,273,07:15,13:27,17.6,1.1,Rain,2.5,Completed,0,0.0,37.3,,,,,,,,,None,,Not_Installed_Diesel,Quarter_End,2025-01-09T13:57:00,,2025-05-15T00:00:00
2025-01-09,D-05,Diesel,Diesel,Class6_Box,DUTY_SUB_02,D2_Suburban,135.7,6.5,2480,0.62,17,296,07:30,14:00,17.0,1.1,Rain,2.5,Completed,0,0.0,38.2,,,,,,,,,None,,Not_Installed_Diesel,Quarter_End,2025-01-09T14:30:00,,2025-05-15T00:00:00
2025-01-09,D-06,Diesel,Diesel,Class6_Box,DUTY_SUB_03,D2_Suburban,136.2,6.6,3240,0.81,16,320,07:30,14:06,16.9,1.1,Rain,2.5,Completed,0,0.0,37.4,,,,,,,,,None,,Not_Installed_Diesel,Quarter_End,2025-01-09T14:36:00,,2025-05-15T00:00:00
2025-01-09,D-07,Diesel,Diesel,Class6_Box,DUTY_SUB_04,D2_Suburban,135.5,6.6,3080,0.77,12,275,07:30,14:06,16.9,1.1,Rain,2.5,Completed,0,0.0,37.6,,,,,,,,,None,,Not_Installed_Diesel,Quarter_End,2025-01-09T14:36:00,,2025-05-15T00:00:00
2025-01-09,D-08,Diesel,Diesel,Class6_Box,DUTY_REG_01,D3_Regional,205.1,7.8,3000,0.75,4,518,07:00,14:48,16.2,1.1,Rain,2.5,Completed,0,0.0,56.6,,,,,,,,,None,,Not_Installed_Diesel,Quarter_End,2025-01-09T14:59:00,,2025-05-15T00:00:00
2025-01-09,D-09,Diesel,Diesel,Class6_Box,DUTY_REG_02,D3_Regional,207.4,8.3,2920,0.73,7,501,07:15,15:33,15.4,1.1,Rain,2.5,Completed,0,0.0,58.0,,,,,,,,,None,,Not_Installed_Diesel,Quarter_End,2025-01-09T15:59:00,,2025-05-15T00:00:00
2025-01-09,D-10,Diesel,Diesel,Class6_Box,DUTY_REG_03,D3_Regional,213.4,8.0,2680,0.67,4,566,07:30,15:30,15.5,1.1,Rain,2.5,Completed,0,0.0,55.7,,,,,,,,,None,,Not_Installed_Diesel,Quarter_End,2025-01-09T15:59:00,,2025-05-15T00:00:00
2025-01-10,EV-01,Electric,Electric,Class6_Box,DUTY_URB_01,D1_Urban,83.3,5.7,2920,0.73,31,159,07:15,12:57,18.1,0.8,Dry,0.0,Completed,0,0.0,,150.0,13.2,163.2,185.5,100.0,18.4,CHG-01,50.0,Enhanced_Telemetry,149.8,Received_Valid,Immediate_CAN_Bus,2025-01-10T12:59:00,2025-01-10T12:59:00,2025-01-10T12:59:00
2025-01-10,D-02,Diesel,Diesel,Class6_Box,DUTY_URB_02,D1_Urban,85.5,5.8,2840,0.71,31,128,07:30,13:18,17.7,0.8,Dry,0.0,Completed,0,0.0,25.9,,,,,,,,,None,,Not_Installed_Diesel,Quarter_End,2025-01-10T13:48:00,,2025-05-15T00:00:00
2025-01-10,D-03,Diesel,Diesel,Class6_Box,DUTY_URB_03,D1_Urban,83.2,6.0,2920,0.73,31,127,07:30,13:30,17.5,0.8,Dry,0.0,Completed,0,0.0,25.5,,,,,,,,,None,,Not_Installed_Diesel,Quarter_End,2025-01-10T13:59:00,,2025-05-15T00:00:00
2025-01-10,D-04,Diesel,Diesel,Class6_Box,DUTY_SUB_01,D2_Suburban,137.2,6.5,2720,0.68,13,294,07:00,13:30,17.5,0.8,Dry,0.0,Completed,0,0.0,37.6,,,,,,,,,None,,Not_Installed_Diesel,Quarter_End,2025-01-10T13:59:00,,2025-05-15T00:00:00
2025-01-10,D-05,Diesel,Diesel,Class6_Box,DUTY_SUB_02,D2_Suburban,135.0,6.2,3160,0.79,14,298,07:30,13:42,17.3,0.8,Dry,0.0,Completed,0,0.0,37.2,,,,,,,,,None,,Not_Installed_Diesel,Quarter_End,2025-01-10T13:59:00,,2025-05-15T00:00:00
2025-01-10,D-06,Diesel,Diesel,Class6_Box,DUTY_SUB_03,D2_Suburban,136.9,6.6,2560,0.64,14,295,07:00,13:36,17.4,0.8,Dry,0.0,Completed,0,0.0,37.3,,,,,,,,,None,,Not_Installed_Diesel,Quarter_End,2025-01-10T13:59:00,,2025-05-15T00:00:00
2025-01-10,D-07,Diesel,Diesel,Class6_Box,DUTY_SUB_04,D2_Suburban,135.4,6.6,2520,0.63,17,266,07:15,13:51,17.1,0.8,Dry,0.0,Completed,0,0.0,37.6,,,,,,,,,None,,Not_Installed_Diesel,Quarter_End,2025-01-10T13:59:00,,2025-05-15T00:00:00
2025-01-10,D-08,Diesel,Diesel,Class6_Box,DUTY_REG_01,D3_Regional,210.0,7.6,3200,0.80,9,510,07:15,14:51,16.1,0.8,Dry,0.0,Completed,0,0.0,56.4,,,,,,,,,None,,Not_Installed_Diesel,Quarter_End,2025-01-10T14:59:00,,2025-05-15T00:00:00
2025-01-10,D-09,Diesel,Diesel,Class6_Box,DUTY_REG_02,D3_Regional,209.7,7.8,3160,0.79,2,495,07:00,14:48,16.2,0.8,Dry,0.0,Completed,0,0.0,57.0,,,,,,,,,None,,Not_Installed_Diesel,Quarter_End,2025-01-10T14:59:00,,2025-05-15T00:00:00
2025-01-10,D-10,Diesel,Diesel,Class6_Box,DUTY_REG_03,D3_Regional,213.6,7.6,2600,0.65,5,547,07:30,15:06,15.9,0.8,Dry,0.0,Completed,0,0.0,56.5,,,,,,,,,None,,Not_Installed_Diesel,Quarter_End,2025-01-10T15:36:00,,2025-05-15T00:00:00
2025-01-13,EV-01,Electric,Electric,Class6_Box,DUTY_URB_01,D1_Urban,85.9,5.4,3120,0.78,29,155,07:00,12:24,18.6,0.3,Dry,0.0,Completed,0,0.0,,150.6,14.9,165.5,188.1,100.0,17.2,CHG-01,50.0,Enhanced_Telemetry,150.5,Received_Valid,Immediate_CAN_Bus,2025-01-13T12:54:00,2025-01-13T12:29:00,2025-01-13T12:29:00
2025-01-13,D-02,Diesel,Diesel,Class6_Box,DUTY_URB_02,D1_Urban,86.8,5.6,2600,0.65,27,141,07:15,12:51,18.1,0.3,Dry,0.0,Completed,0,0.0,25.4,,,,,,,,,None,,Not_Installed_Diesel,Quarter_End,2025-01-13T12:59:00,,2025-05-15T00:00:00
2025-01-13,D-03,Diesel,Diesel,Class6_Box,DUTY_URB_03,D1_Urban,88.1,5.6,2640,0.66,31,151,07:15,12:51,18.1,0.3,Dry,0.0,Completed,0,0.0,24.0,,,,,,,,,None,,Not_Installed_Diesel,Quarter_End,2025-01-13T12:59:00,,2025-05-15T00:00:00
2025-01-13,D-04,Diesel,Diesel,Class6_Box,DUTY_SUB_01,D2_Suburban,130.5,6.6,3120,0.78,15,281,07:30,14:06,16.9,0.3,Dry,0.0,Completed,0,0.0,37.4,,,,,,,,,None,,Not_Installed_Diesel,Quarter_End,2025-01-13T14:36:00,,2025-05-15T00:00:00
2025-01-13,D-05,Diesel,Diesel,Class6_Box,DUTY_SUB_02,D2_Suburban,132.4,6.8,2760,0.69,15,272,07:15,14:03,16.9,0.3,Dry,0.0,Completed,0,0.0,38.4,,,,,,,,,None,,Not_Installed_Diesel,Quarter_End,2025-01-13T14:33:00,,2025-05-15T00:00:00
2025-01-13,D-06,Diesel,Diesel,Class6_Box,DUTY_SUB_03,D2_Suburban,135.7,6.3,2880,0.72,20,296,07:15,13:33,17.4,0.3,Dry,0.0,Completed,0,0.0,37.8,,,,,,,,,None,,Not_Installed_Diesel,Quarter_End,2025-01-13T13:59:00,,2025-05-15T00:00:00
2025-01-13,D-07,Diesel,Diesel,Class6_Box,DUTY_SUB_04,D2_Suburban,138.3,6.7,2720,0.68,13,276,07:00,13:42,17.3,0.3,Dry,0.0,Completed,0,0.0,37.5,,,,,,,,,None,,Not_Installed_Diesel,Quarter_End,2025-01-13T13:59:00,,2025-05-15T00:00:00
2025-01-13,D-08,Diesel,Diesel,Class6_Box,DUTY_REG_01,D3_Regional,211.1,7.8,2400,0.60,3,539,07:00,14:48,16.2,0.3,Dry,0.0,Completed,0,0.0,57.2,,,,,,,,,None,,Not_Installed_Diesel,Quarter_End,2025-01-13T14:59:00,,2025-05-15T00:00:00
2025-01-13,D-09,Diesel,Diesel,Class6_Box,DUTY_REG_02,D3_Regional,208.7,7.3,3000,0.75,2,498,07:00,14:18,16.7,0.3,Dry,0.0,Completed,0,0.0,56.7,,,,,,,,,None,,Not_Installed_Diesel,Quarter_End,2025-01-13T14:48:00,,2025-05-15T00:00:00
2025-01-13,D-10,Diesel,Diesel,Class6_Box,DUTY_REG_03,D3_Regional,212.7,7.5,2720,0.68,5,541,07:00,14:30,16.5,0.3,Dry,0.0,Completed,0,0.0,56.3,,,,,,,,,None,,Not_Installed_Diesel,Quarter_End,2025-01-13T14:59:00,,2025-05-15T00:00:00
2025-01-14,EV-01,Electric,Electric,Class6_Box,DUTY_URB_01,D1_Urban,83.7,5.6,3080,0.77,32,120,07:15,12:51,18.1,3.4,Rain,0.3,Completed,0,0.0,,144.2,11.3,155.5,176.7,100.0,22.2,CHG-01,50.0,Enhanced_Telemetry,143.9,Received_Valid,Immediate_CAN_Bus,2025-01-14T12:59:00,2025-01-14T12:56:00,2025-01-14T12:56:00
2025-01-14,D-02,Diesel,Diesel,Class6_Box,DUTY_URB_02,D1_Urban,86.5,5.5,2960,0.74,31,134,07:00,12:30,18.5,3.4,Rain,0.3,Completed,0,0.0,25.9,,,,,,,,,None,,Not_Installed_Diesel,Quarter_End,2025-01-14T12:59:00,,2025-05-15T00:00:00
2025-01-14,D-03,Diesel,Diesel,Class6_Box,DUTY_URB_03,D1_Urban,85.4,5.8,2840,0.71,35,150,07:30,13:18,17.7,3.4,Rain,0.3,Completed,0,0.0,25.6,,,,,,,,,None,,Not_Installed_Diesel,Quarter_End,2025-01-14T13:48:00,,2025-05-15T00:00:00
2025-01-14,D-04,Diesel,Diesel,Class6_Box,DUTY_SUB_01,D2_Suburban,130.6,6.4,2720,0.68,19,282,07:00,13:24,17.6,3.4,Rain,0.3,Completed,0,0.0,37.1,,,,,,,,,None,,Not_Installed_Diesel,Quarter_End,2025-01-14T13:54:00,,2025-05-15T00:00:00
2025-01-14,D-05,Diesel,Diesel,Class6_Box,DUTY_SUB_02,D2_Suburban,132.3,6.1,2800,0.70,17,272,07:30,13:36,17.4,3.4,Rain,0.3,Completed,0,0.0,37.6,,,,,,,,,None,,Not_Installed_Diesel,Quarter_End,2025-01-14T13:59:00,,2025-05-15T00:00:00
2025-01-14,D-06,Diesel,Diesel,Class6_Box,DUTY_SUB_03,D2_Suburban,137.7,6.7,2400,0.60,16,323,07:30,14:12,16.8,3.4,Rain,0.3,Completed,0,0.0,38.8,,,,,,,,,None,,Not_Installed_Diesel,Quarter_End,2025-01-14T14:42:00,,2025-05-15T00:00:00
2025-01-14,D-07,Diesel,Diesel,Class6_Box,DUTY_SUB_04,D2_Suburban,135.5,6.3,3000,0.75,11,284,07:00,13:18,17.7,3.4,Rain,0.3,Completed,0,0.0,38.7,,,,,,,,,None,,Not_Installed_Diesel,Quarter_End,2025-01-14T13:48:00,,2025-05-15T00:00:00
2025-01-14,D-08,Diesel,Diesel,Class6_Box,DUTY_REG_01,D3_Regional,209.3,7.8,2840,0.71,7,507,07:15,15:03,15.9,3.4,Rain,0.3,Completed,0,0.0,57.3,,,,,,,,,None,,Not_Installed_Diesel,Quarter_End,2025-01-14T15:33:00,,2025-05-15T00:00:00
2025-01-14,D-09,Diesel,Diesel,Class6_Box,DUTY_REG_02,D3_Regional,207.6,7.4,2720,0.68,6,505,07:30,14:54,16.1,3.4,Rain,0.3,Completed,0,0.0,56.7,,,,,,,,,None,,Not_Installed_Diesel,Quarter_End,2025-01-14T14:59:00,,2025-05-15T00:00:00
2025-01-14,D-10,Diesel,Diesel,Class6_Box,DUTY_REG_03,D3_Regional,213.7,8.1,2800,0.70,7,537,07:00,15:06,15.9,3.4,Rain,0.3,Completed,0,0.0,57.2,,,,,,,,,None,,Not_Installed_Diesel,Quarter_End,2025-01-14T15:36:00,,2025-05-15T00:00:00
2025-01-15,EV-01,Electric,Electric,Class6_Box,DUTY_URB_01,D1_Urban,82.7,5.7,3160,0.79,32,129,07:15,12:57,18.1,-0.2,Dry,0.0,Completed,0,0.0,,141.4,11.1,152.5,173.3,100.0,23.8,CHG-01,50.0,Enhanced_Telemetry,140.6,Received_Valid,Immediate_CAN_Bus,2025-01-15T12:59:00,2025-01-15T12:59:00,2025-01-15T12:59:00
2025-01-15,D-02,Diesel,Diesel,Class6_Box,DUTY_URB_02,D1_Urban,83.3,5.7,3120,0.78,30,138,07:30,13:12,17.8,-0.2,Dry,0.0,Completed,0,0.0,25.7,,,,,,,,,None,,Not_Installed_Diesel,Quarter_End,2025-01-15T13:42:00,,2025-05-15T00:00:00
2025-01-15,D-03,Diesel,Diesel,Class6_Box,DUTY_URB_03,D1_Urban,85.9,5.8,2840,0.71,30,165,07:15,13:03,17.9,-0.2,Dry,0.0,Completed,0,0.0,26.4,,,,,,,,,None,,Not_Installed_Diesel,Quarter_End,2025-01-15T13:33:00,,2025-05-15T00:00:00
2025-01-15,D-04,Diesel,Diesel,Class6_Box,DUTY_SUB_01,D2_Suburban,135.3,6.5,3360,0.84,15,269,07:30,14:00,17.0,-0.2,Dry,0.0,Completed,0,0.0,38.0,,,,,,,,,None,,Not_Installed_Diesel,Quarter_End,2025-01-15T14:30:00,,2025-05-15T00:00:00
2025-01-15,D-05,Diesel,Diesel,Class6_Box,DUTY_SUB_02,D2_Suburban,134.8,6.5,2920,0.73,12,292,07:15,13:45,17.2,-0.2,Dry,0.0,Completed,0,0.0,37.6,,,,,,,,,None,,Not_Installed_Diesel,Quarter_End,2025-01-15T13:59:00,,2025-05-15T00:00:00
2025-01-15,D-06,Diesel,Diesel,Class6_Box,DUTY_SUB_03,D2_Suburban,136.4,6.4,2960,0.74,18,296,07:15,13:39,17.4,-0.2,Dry,0.0,Completed,0,0.0,38.1,,,,,,,,,None,,Not_Installed_Diesel,Quarter_End,2025-01-15T13:59:00,,2025-05-15T00:00:00
2025-01-15,D-07,Diesel,Diesel,Class6_Box,DUTY_SUB_04,D2_Suburban,131.0,6.7,3040,0.76,11,285,07:00,13:42,17.3,-0.2,Dry,0.0,Completed,0,0.0,38.4,,,,,,,,,None,,Not_Installed_Diesel,Quarter_End,2025-01-15T13:59:00,,2025-05-15T00:00:00
2025-01-15,D-08,Diesel,Diesel,Class6_Box,DUTY_REG_01,D3_Regional,211.2,7.7,3200,0.80,7,520,07:15,14:57,16.1,-0.2,Dry,0.0,Completed,0,0.0,57.0,,,,,,,,,None,,Not_Installed_Diesel,Quarter_End,2025-01-15T14:59:00,,2025-05-15T00:00:00
2025-01-15,D-09,Diesel,Diesel,Class6_Box,DUTY_REG_02,D3_Regional,210.1,7.4,2840,0.71,8,505,07:15,14:39,16.4,-0.2,Dry,0.0,Completed,0,0.0,56.2,,,,,,,,,None,,Not_Installed_Diesel,Quarter_End,2025-01-15T14:59:00,,2025-05-15T00:00:00
2025-01-15,D-10,Diesel,Diesel,Class6_Box,DUTY_REG_03,D3_Regional,213.7,7.8,3040,0.76,5,560,07:00,14:48,16.2,-0.2,Dry,0.0,Completed,0,0.0,57.2,,,,,,,,,None,,Not_Installed_Diesel,Quarter_End,2025-01-15T14:59:00,,2025-05-15T00:00:00
2025-01-16,EV-01,Electric,Electric,Class6_Box,DUTY_URB_01,D1_Urban,89.2,6.0,2760,0.69,31,141,07:30,13:30,17.5,2.4,Dry,0.0,Completed,0,0.0,,152.9,12.9,165.8,188.4,100.0,17.1,CHG-01,50.0,Enhanced_Telemetry,152.7,Received_Valid,Immediate_CAN_Bus,2025-01-16T13:59:00,2025-01-16T13:35:00,2025-01-16T13:35:00
2025-01-16,D-02,Diesel,Diesel,Class6_Box,DUTY_URB_02,D1_Urban,85.0,5.9,3040,0.76,26,145,07:00,12:54,18.1,2.4,Dry,0.0,Completed,0,0.0,25.5,,,,,,,,,None,,Not_Installed_Diesel,Quarter_End,2025-01-16T12:59:00,,2025-05-15T00:00:00
2025-01-16,D-03,Diesel,Diesel,Class6_Box,DUTY_URB_03,D1_Urban,83.4,6.0,2600,0.65,35,164,07:00,13:00,18.0,2.4,Dry,0.0,Completed,0,0.0,26.0,,,,,,,,,None,,Not_Installed_Diesel,Quarter_End,2025-01-16T13:30:00,,2025-05-15T00:00:00
2025-01-16,D-04,Diesel,Diesel,Class6_Box,DUTY_SUB_01,D2_Suburban,134.3,6.6,2760,0.69,14,269,07:30,14:06,16.9,2.4,Dry,0.0,Completed,0,0.0,36.5,,,,,,,,,None,,Not_Installed_Diesel,Quarter_End,2025-01-16T14:36:00,,2025-05-15T00:00:00
2025-01-16,D-05,Diesel,Diesel,Class6_Box,DUTY_SUB_02,D2_Suburban,133.6,6.7,2800,0.70,13,293,07:30,14:12,16.8,2.4,Dry,0.0,Completed,0,0.0,37.8,,,,,,,,,None,,Not_Installed_Diesel,Quarter_End,2025-01-16T14:42:00,,2025-05-15T00:00:00
2025-01-16,D-06,Diesel,Diesel,Class6_Box,DUTY_SUB_03,D2_Suburban,135.4,6.4,2960,0.74,18,318,07:15,13:39,17.4,2.4,Dry,0.0,Completed,0,0.0,38.2,,,,,,,,,None,,Not_Installed_Diesel,Quarter_End,2025-01-16T13:59:00,,2025-05-15T00:00:00
2025-01-16,D-07,Diesel,Diesel,Class6_Box,DUTY_SUB_04,D2_Suburban,132.8,6.5,2640,0.66,11,269,07:00,13:30,17.5,2.4,Dry,0.0,Completed,0,0.0,37.9,,,,,,,,,None,,Not_Installed_Diesel,Quarter_End,2025-01-16T13:59:00,,2025-05-15T00:00:00
2025-01-16,D-08,Diesel,Diesel,Class6_Box,DUTY_REG_01,D3_Regional,208.5,7.5,2880,0.72,4,524,07:30,15:00,16.0,2.4,Dry,0.0,Completed,0,0.0,56.1,,,,,,,,,None,,Not_Installed_Diesel,Quarter_End,2025-01-16T15:30:00,,2025-05-15T00:00:00
2025-01-16,D-09,Diesel,Diesel,Class6_Box,DUTY_REG_02,D3_Regional,208.8,7.7,2600,0.65,2,490,07:30,15:12,15.8,2.4,Dry,0.0,Completed,0,0.0,57.2,,,,,,,,,None,,Not_Installed_Diesel,Quarter_End,2025-01-16T15:42:00,,2025-05-15T00:00:00
2025-01-16,D-10,Diesel,Diesel,Class6_Box,DUTY_REG_03,D3_Regional,211.8,7.5,2960,0.74,6,535,07:15,14:45,16.2,2.4,Dry,0.0,Completed,0,0.0,56.5,,,,,,,,,None,,Not_Installed_Diesel,Quarter_End,2025-01-16T14:59:00,,2025-05-15T00:00:00
2025-01-17,EV-01,Electric,Electric,Class6_Box,DUTY_URB_01,D1_Urban,84.1,6.0,2760,0.69,28,124,07:30,13:30,17.5,-4.3,Dry,0.0,Completed,0,0.0,,147.1,14.9,162.0,184.1,100.0,19.0,CHG-01,50.0,Enhanced_Telemetry,147.9,Received_Valid,Immediate_CAN_Bus,2025-01-17T13:59:00,2025-01-17T13:35:00,2025-01-17T13:35:00
2025-01-17,D-02,Diesel,Diesel,Class6_Box,DUTY_URB_02,D1_Urban,83.8,5.9,3000,0.75,26,153,07:00,12:54,18.1,-4.3,Dry,0.0,Completed,0,0.0,26.4,,,,,,,,,None,,Not_Installed_Diesel,Quarter_End,2025-01-17T12:59:00,,2025-05-15T00:00:00
2025-01-17,D-03,Diesel,Diesel,Class6_Box,DUTY_URB_03,D1_Urban,85.6,5.6,3080,0.77,33,165,07:30,13:06,17.9,-4.3,Dry,0.0,Completed,0,0.0,25.0,,,,,,,,,None,,Not_Installed_Diesel,Quarter_End,2025-01-17T13:36:00,,2025-05-15T00:00:00
2025-01-17,D-04,Diesel,Diesel,Class6_Box,DUTY_SUB_01,D2_Suburban,131.6,6.3,2960,0.74,16,288,07:00,13:18,17.7,-4.3,Dry,0.0,Completed,0,0.0,38.3,,,,,,,,,None,,Not_Installed_Diesel,Quarter_End,2025-01-17T13:48:00,,2025-05-15T00:00:00
2025-01-17,D-05,Diesel,Diesel,Class6_Box,DUTY_SUB_02,D2_Suburban,133.0,6.5,2480,0.62,16,272,07:30,14:00,17.0,-4.3,Dry,0.0,Completed,0,0.0,38.3,,,,,,,,,None,,Not_Installed_Diesel,Quarter_End,2025-01-17T14:30:00,,2025-05-15T00:00:00
2025-01-17,D-06,Diesel,Diesel,Class6_Box,DUTY_SUB_03,D2_Suburban,135.5,7.0,2280,0.57,14,322,07:30,14:30,16.5,-4.3,Dry,0.0,Completed,0,0.0,38.0,,,,,,,,,None,,Not_Installed_Diesel,Quarter_End,2025-01-17T14:59:00,,2025-05-15T00:00:00
2025-01-17,D-07,Diesel,Diesel,Class6_Box,DUTY_SUB_04,D2_Suburban,134.5,6.6,2840,0.71,14,276,07:30,14:06,16.9,-4.3,Dry,0.0,Completed,0,0.0,37.6,,,,,,,,,None,,Not_Installed_Diesel,Quarter_End,2025-01-17T14:36:00,,2025-05-15T00:00:00
2025-01-17,D-08,Diesel,Diesel,Class6_Box,DUTY_REG_01,D3_Regional,208.7,7.5,2440,0.61,9,509,07:15,14:45,16.2,-4.3,Dry,0.0,Completed,0,0.0,56.6,,,,,,,,,None,,Not_Installed_Diesel,Quarter_End,2025-01-17T14:59:00,,2025-05-15T00:00:00
2025-01-17,D-09,Diesel,Diesel,Class6_Box,DUTY_REG_02,D3_Regional,210.4,8.0,2560,0.64,2,489,07:15,15:15,15.8,-4.3,Dry,0.0,Completed,0,0.0,56.8,,,,,,,,,None,,Not_Installed_Diesel,Quarter_End,2025-01-17T15:45:00,,2025-05-15T00:00:00
2025-01-17,D-10,Diesel,Diesel,Class6_Box,DUTY_REG_03,D3_Regional,209.3,7.7,2680,0.67,6,531,07:15,14:57,16.1,-4.3,Dry,0.0,Completed,0,0.0,57.6,,,,,,,,,None,,Not_Installed_Diesel,Quarter_End,2025-01-17T14:59:00,,2025-05-15T00:00:00
2025-01-20,EV-01,Electric,Electric,Class6_Box,DUTY_URB_01,D1_Urban,85.8,6.0,2600,0.65,33,126,07:30,13:30,17.5,2.6,Dry,0.0,Outsourced,1,180.0,,,,,,,,,,None,,Not_Applicable_Outsourced,Quarter_End,2025-01-20T13:59:00,,2025-01-20T13:59:00
2025-01-20,D-02,Diesel,Diesel,Class6_Box,DUTY_URB_02,D1_Urban,83.6,5.9,3280,0.82,31,154,07:00,12:54,18.1,2.6,Dry,0.0,Completed,0,0.0,26.2,,,,,,,,,None,,Not_Installed_Diesel,Quarter_End,2025-01-20T12:59:00,,2025-05-15T00:00:00
2025-01-20,D-03,Diesel,Diesel,Class6_Box,DUTY_URB_03,D1_Urban,85.5,5.5,2920,0.73,30,159,07:15,12:45,18.2,2.6,Dry,0.0,Completed,0,0.0,25.1,,,,,,,,,None,,Not_Installed_Diesel,Quarter_End,2025-01-20T12:59:00,,2025-05-15T00:00:00
2025-01-20,D-04,Diesel,Diesel,Class6_Box,DUTY_SUB_01,D2_Suburban,133.2,6.5,2600,0.65,16,270,07:00,13:30,17.5,2.6,Dry,0.0,Completed,0,0.0,38.5,,,,,,,,,None,,Not_Installed_Diesel,Quarter_End,2025-01-20T13:59:00,,2025-05-15T00:00:00
2025-01-20,D-05,Diesel,Diesel,Class6_Box,DUTY_SUB_02,D2_Suburban,137.8,6.8,2800,0.70,18,277,07:15,14:03,16.9,2.6,Dry,0.0,Completed,0,0.0,38.7,,,,,,,,,None,,Not_Installed_Diesel,Quarter_End,2025-01-20T14:33:00,,2025-05-15T00:00:00
2025-01-20,D-06,Diesel,Diesel,Class6_Box,DUTY_SUB_03,D2_Suburban,138.2,7.0,2520,0.63,17,293,07:15,14:15,16.8,2.6,Dry,0.0,Completed,0,0.0,37.8,,,,,,,,,None,,Not_Installed_Diesel,Quarter_End,2025-01-20T14:45:00,,2025-05-15T00:00:00
2025-01-20,D-07,Diesel,Diesel,Class6_Box,DUTY_SUB_04,D2_Suburban,136.9,6.2,3000,0.75,17,264,07:15,13:27,17.6,2.6,Dry,0.0,Completed,0,0.0,37.8,,,,,,,,,None,,Not_Installed_Diesel,Quarter_End,2025-01-20T13:57:00,,2025-05-15T00:00:00
2025-01-20,D-08,Diesel,Diesel,Class6_Box,DUTY_REG_01,D3_Regional,210.1,7.8,3320,0.83,7,538,07:30,15:18,15.7,2.6,Dry,0.0,Completed,0,0.0,57.1,,,,,,,,,None,,Not_Installed_Diesel,Quarter_End,2025-01-20T15:48:00,,2025-05-15T00:00:00
2025-01-20,D-09,Diesel,Diesel,Class6_Box,DUTY_REG_02,D3_Regional,208.0,7.6,2840,0.71,8,501,07:30,15:06,15.9,2.6,Dry,0.0,Completed,0,0.0,57.3,,,,,,,,,None,,Not_Installed_Diesel,Quarter_End,2025-01-20T15:36:00,,2025-05-15T00:00:00
2025-01-20,D-10,Diesel,Diesel,Class6_Box,DUTY_REG_03,D3_Regional,212.0,8.0,3200,0.80,8,553,07:00,15:00,16.0,2.6,Dry,0.0,Completed,0,0.0,56.3,,,,,,,,,None,,Not_Installed_Diesel,Quarter_End,2025-01-20T15:30:00,,2025-05-15T00:00:00
2025-01-21,EV-01,Electric,Electric,Class6_Box,DUTY_URB_01,D1_Urban,86.7,5.9,2880,0.72,29,136,07:00,12:54,18.1,-3.4,Cold_Wind,0.0,Completed,0,0.0,,148.4,13.0,161.4,183.4,100.0,19.3,CHG-01,50.0,Enhanced_Telemetry,149.1,Received_Valid,Immediate_CAN_Bus,2025-01-21T12:59:00,2025-01-21T12:59:00,2025-01-21T12:59:00
2025-01-21,D-02,Diesel,Diesel,Class6_Box,DUTY_URB_02,D1_Urban,81.6,6.0,2960,0.74,31,126,07:30,13:30,17.5,-3.4,Cold_Wind,0.0,Completed,0,0.0,24.9,,,,,,,,,None,,Not_Installed_Diesel,Quarter_End,2025-01-21T13:59:00,,2025-05-15T00:00:00
2025-01-21,D-03,Diesel,Diesel,Class6_Box,DUTY_URB_03,D1_Urban,84.1,6.0,3040,0.76,29,137,07:15,13:15,17.8,-3.4,Cold_Wind,0.0,Completed,0,0.0,25.6,,,,,,,,,None,,Not_Installed_Diesel,Quarter_End,2025-01-21T13:45:00,,2025-05-15T00:00:00
2025-01-21,D-04,Diesel,Diesel,Class6_Box,DUTY_SUB_01,D2_Suburban,137.0,6.1,3200,0.80,19,281,07:15,13:21,17.6,-3.4,Cold_Wind,0.0,Completed,0,0.0,37.3,,,,,,,,,None,,Not_Installed_Diesel,Quarter_End,2025-01-21T13:51:00,,2025-05-15T00:00:00
2025-01-21,D-05,Diesel,Diesel,Class6_Box,DUTY_SUB_02,D2_Suburban,137.1,6.5,3120,0.78,15,293,07:00,13:30,17.5,-3.4,Cold_Wind,0.0,Completed,0,0.0,38.1,,,,,,,,,None,,Not_Installed_Diesel,Quarter_End,2025-01-21T13:59:00,,2025-05-15T00:00:00
2025-01-21,D-06,Diesel,Diesel,Class6_Box,DUTY_SUB_03,D2_Suburban,134.0,6.9,3040,0.76,16,318,07:30,14:24,16.6,-3.4,Cold_Wind,0.0,Completed,0,0.0,38.0,,,,,,,,,None,,Not_Installed_Diesel,Quarter_End,2025-01-21T14:54:00,,2025-05-15T00:00:00
2025-01-21,D-07,Diesel,Diesel,Class6_Box,DUTY_SUB_04,D2_Suburban,134.1,6.3,3200,0.80,16,258,07:15,13:33,17.4,-3.4,Cold_Wind,0.0,Completed,0,0.0,38.8,,,,,,,,,None,,Not_Installed_Diesel,Quarter_End,2025-01-21T13:59:00,,2025-05-15T00:00:00
2025-01-21,D-08,Diesel,Diesel,Class6_Box,DUTY_REG_01,D3_Regional,210.7,7.7,2920,0.73,4,523,07:15,14:57,16.1,-3.4,Cold_Wind,0.0,Completed,0,0.0,56.4,,,,,,,,,None,,Not_Installed_Diesel,Quarter_End,2025-01-21T14:59:00,,2025-05-15T00:00:00
2025-01-21,D-09,Diesel,Diesel,Class6_Box,DUTY_REG_02,D3_Regional,208.7,7.4,2600,0.65,6,493,07:00,14:24,16.6,-3.4,Cold_Wind,0.0,Completed,0,0.0,55.8,,,,,,,,,None,,Not_Installed_Diesel,Quarter_End,2025-01-21T14:54:00,,2025-05-15T00:00:00
2025-01-21,D-10,Diesel,Diesel,Class6_Box,DUTY_REG_03,D3_Regional,211.6,8.0,2520,0.63,5,569,07:15,15:15,15.8,-3.4,Cold_Wind,0.0,Completed,0,0.0,57.1,,,,,,,,,None,,Not_Installed_Diesel,Quarter_End,2025-01-21T15:45:00,,2025-05-15T00:00:00
2025-01-22,EV-01,Electric,Electric,Class6_Box,DUTY_URB_01,D1_Urban,83.6,5.0,2680,0.67,33,140,07:30,12:30,18.5,0.9,Snow,0.8,Completed,0,0.0,,141.5,12.4,153.9,174.9,100.0,23.0,CHG-01,50.0,Enhanced_Telemetry,141.2,Received_Valid,Immediate_CAN_Bus,2025-01-22T12:59:00,2025-01-22T12:35:00,2025-01-22T12:35:00
2025-01-22,D-02,Diesel,Diesel,Class6_Box,DUTY_URB_02,D1_Urban,80.5,5.8,2600,0.65,25,127,07:00,12:48,18.2,0.9,Snow,0.8,Completed,0,0.0,27.3,,,,,,,,,None,,Not_Installed_Diesel,Quarter_End,2025-01-22T12:59:00,,2025-05-15T00:00:00
2025-01-22,D-03,Diesel,Diesel,Class6_Box,DUTY_URB_03,D1_Urban,88.1,6.3,2560,0.64,29,144,07:15,13:33,17.4,0.9,Snow,0.8,Completed,0,0.0,28.0,,,,,,,,,None,,Not_Installed_Diesel,Quarter_End,2025-01-22T13:59:00,,2025-05-15T00:00:00
2025-01-22,D-04,Diesel,Diesel,Class6_Box,DUTY_SUB_01,D2_Suburban,136.2,6.0,3000,0.75,15,268,07:30,13:30,17.5,0.9,Snow,0.8,Completed,0,0.0,38.9,,,,,,,,,None,,Not_Installed_Diesel,Quarter_End,2025-01-22T13:59:00,,2025-05-15T00:00:00
2025-01-22,D-05,Diesel,Diesel,Class6_Box,DUTY_SUB_02,D2_Suburban,135.7,6.6,2720,0.68,13,280,07:15,13:51,17.1,0.9,Snow,0.8,Completed,0,0.0,39.3,,,,,,,,,None,,Not_Installed_Diesel,Quarter_End,2025-01-22T13:59:00,,2025-05-15T00:00:00
2025-01-22,D-06,Diesel,Diesel,Class6_Box,DUTY_SUB_03,D2_Suburban,136.6,6.5,3200,0.80,18,324,07:00,13:30,17.5,0.9,Snow,0.8,Completed,0,0.0,38.9,,,,,,,,,None,,Not_Installed_Diesel,Quarter_End,2025-01-22T13:59:00,,2025-05-15T00:00:00
2025-01-22,D-07,Diesel,Diesel,Class6_Box,DUTY_SUB_04,D2_Suburban,132.8,6.2,2920,0.73,15,257,07:00,13:12,17.8,0.9,Snow,0.8,Completed,0,0.0,39.2,,,,,,,,,None,,Not_Installed_Diesel,Quarter_End,2025-01-22T13:42:00,,2025-05-15T00:00:00
2025-01-22,D-08,Diesel,Diesel,Class6_Box,DUTY_REG_01,D3_Regional,212.3,8.3,2960,0.74,7,518,07:30,15:48,15.2,0.9,Snow,0.8,Completed,0,0.0,57.3,,,,,,,,,None,,Not_Installed_Diesel,Quarter_End,2025-01-22T15:59:00,,2025-05-15T00:00:00
2025-01-22,D-09,Diesel,Diesel,Class6_Box,DUTY_REG_02,D3_Regional,210.3,7.8,2960,0.74,5,499,07:15,15:03,15.9,0.9,Snow,0.8,Completed,0,0.0,57.8,,,,,,,,,None,,Not_Installed_Diesel,Quarter_End,2025-01-22T15:33:00,,2025-05-15T00:00:00
2025-01-22,D-10,Diesel,Diesel,Class6_Box,DUTY_REG_03,D3_Regional,213.5,7.8,2880,0.72,5,559,07:00,14:48,16.2,0.9,Snow,0.8,Completed,0,0.0,58.3,,,,,,,,,None,,Not_Installed_Diesel,Quarter_End,2025-01-22T14:59:00,,2025-05-15T00:00:00
2025-01-23,EV-01,Electric,Electric,Class6_Box,DUTY_URB_01,D1_Urban,85.0,6.3,3240,0.81,28,140,07:00,13:18,17.7,3.1,Rain,0.9,Completed,0,0.0,,146.5,11.8,158.3,179.9,100.0,20.8,CHG-01,50.0,Enhanced_Telemetry,145.9,Received_Valid,Immediate_CAN_Bus,2025-01-23T13:48:00,2025-01-23T13:23:00,2025-01-23T13:23:00
2025-01-23,D-02,Diesel,Diesel,Class6_Box,DUTY_URB_02,D1_Urban,84.5,6.0,2800,0.70,26,128,07:30,13:30,17.5,3.1,Rain,0.9,Completed,0,0.0,25.6,,,,,,,,,None,,Not_Installed_Diesel,Quarter_End,2025-01-23T13:59:00,,2025-05-15T00:00:00
2025-01-23,D-03,Diesel,Diesel,Class6_Box,DUTY_URB_03,D1_Urban,82.1,5.8,3160,0.79,32,133,07:15,13:03,17.9,3.1,Rain,0.9,Completed,0,0.0,25.8,,,,,,,,,None,,Not_Installed_Diesel,Quarter_End,2025-01-23T13:33:00,,2025-05-15T00:00:00
2025-01-23,D-04,Diesel,Diesel,Class6_Box,DUTY_SUB_01,D2_Suburban,136.1,6.0,2880,0.72,15,299,07:30,13:30,17.5,3.1,Rain,0.9,Completed,0,0.0,38.1,,,,,,,,,None,,Not_Installed_Diesel,Quarter_End,2025-01-23T13:59:00,,2025-05-15T00:00:00
2025-01-23,D-05,Diesel,Diesel,Class6_Box,DUTY_SUB_02,D2_Suburban,134.3,6.6,2840,0.71,16,302,07:00,13:36,17.4,3.1,Rain,0.9,Completed,0,0.0,37.2,,,,,,,,,None,,Not_Installed_Diesel,Quarter_End,2025-01-23T13:59:00,,2025-05-15T00:00:00
2025-01-23,D-06,Diesel,Diesel,Class6_Box,DUTY_SUB_03,D2_Suburban,136.7,6.4,3160,0.79,15,315,07:30,13:54,17.1,3.1,Rain,0.9,Completed,0,0.0,38.6,,,,,,,,,None,,Not_Installed_Diesel,Quarter_End,2025-01-23T13:59:00,,2025-05-15T00:00:00
2025-01-23,D-07,Diesel,Diesel,Class6_Box,DUTY_SUB_04,D2_Suburban,134.5,6.9,2560,0.64,13,276,07:30,14:24,16.6,3.1,Rain,0.9,Completed,0,0.0,37.4,,,,,,,,,None,,Not_Installed_Diesel,Quarter_End,2025-01-23T14:54:00,,2025-05-15T00:00:00
2025-01-23,D-08,Diesel,Diesel,Class6_Box,DUTY_REG_01,D3_Regional,208.2,7.4,2360,0.59,7,536,07:00,14:24,16.6,3.1,Rain,0.9,Completed,0,0.0,57.5,,,,,,,,,None,,Not_Installed_Diesel,Quarter_End,2025-01-23T14:54:00,,2025-05-15T00:00:00
2025-01-23,D-09,Diesel,Diesel,Class6_Box,DUTY_REG_02,D3_Regional,210.1,8.0,3000,0.75,2,506,07:00,15:00,16.0,3.1,Rain,0.9,Completed,0,0.0,57.0,,,,,,,,,None,,Not_Installed_Diesel,Quarter_End,2025-01-23T15:30:00,,2025-05-15T00:00:00
2025-01-23,D-10,Diesel,Diesel,Class6_Box,DUTY_REG_03,D3_Regional,214.0,7.4,2960,0.74,9,533,07:30,14:54,16.1,3.1,Rain,0.9,Completed,0,0.0,57.5,,,,,,,,,None,,Not_Installed_Diesel,Quarter_End,2025-01-23T14:59:00,,2025-05-15T00:00:00
2025-01-24,EV-01,Electric,Electric,Class6_Box,DUTY_URB_01,D1_Urban,86.8,6.3,2640,0.66,29,154,07:30,13:48,17.2,-1.5,Dry,0.0,Completed,0,0.0,,156.7,12.5,169.2,192.3,100.0,15.4,CHG-01,50.0,Enhanced_Telemetry,155.9,Received_Valid,Immediate_CAN_Bus,2025-01-24T13:59:00,2025-01-24T13:53:00,2025-01-24T13:53:00
2025-01-24,D-02,Diesel,Diesel,Class6_Box,DUTY_URB_02,D1_Urban,84.9,5.5,3440,0.86,27,133,07:30,13:00,18.0,-1.5,Dry,0.0,Completed,0,0.0,26.0,,,,,,,,,None,,Not_Installed_Diesel,Quarter_End,2025-01-24T13:30:00,,2025-05-15T00:00:00
2025-01-24,D-03,Diesel,Diesel,Class6_Box,DUTY_URB_03,D1_Urban,85.4,6.0,2400,0.60,34,159,07:15,13:15,17.8,-1.5,Dry,0.0,Completed,0,0.0,25.4,,,,,,,,,None,,Not_Installed_Diesel,Quarter_End,2025-01-24T13:45:00,,2025-05-15T00:00:00
2025-01-24,D-04,Diesel,Diesel,Class6_Box,DUTY_SUB_01,D2_Suburban,136.8,6.2,2960,0.74,16,273,07:00,13:12,17.8,-1.5,Dry,0.0,Completed,0,0.0,37.7,,,,,,,,,None,,Not_Installed_Diesel,Quarter_End,2025-01-24T13:42:00,,2025-05-15T00:00:00
2025-01-24,D-05,Diesel,Diesel,Class6_Box,DUTY_SUB_02,D2_Suburban,135.0,6.6,2840,0.71,16,284,07:15,13:51,17.1,-1.5,Dry,0.0,Completed,0,0.0,38.7,,,,,,,,,None,,Not_Installed_Diesel,Quarter_End,2025-01-24T13:59:00,,2025-05-15T00:00:00
2025-01-24,D-06,Diesel,Diesel,Class6_Box,DUTY_SUB_03,D2_Suburban,139.5,6.8,3160,0.79,17,320,07:30,14:18,16.7,-1.5,Dry,0.0,Completed,0,0.0,38.5,,,,,,,,,None,,Not_Installed_Diesel,Quarter_End,2025-01-24T14:48:00,,2025-05-15T00:00:00
2025-01-24,D-07,Diesel,Diesel,Class6_Box,DUTY_SUB_04,D2_Suburban,133.5,6.4,3000,0.75,16,257,07:00,13:24,17.6,-1.5,Dry,0.0,Completed,0,0.0,37.9,,,,,,,,,None,,Not_Installed_Diesel,Quarter_End,2025-01-24T13:54:00,,2025-05-15T00:00:00
2025-01-24,D-08,Diesel,Diesel,Class6_Box,DUTY_REG_01,D3_Regional,208.9,7.9,2720,0.68,3,500,07:15,15:09,15.8,-1.5,Dry,0.0,Completed,0,0.0,56.8,,,,,,,,,None,,Not_Installed_Diesel,Quarter_End,2025-01-24T15:39:00,,2025-05-15T00:00:00
2025-01-24,D-09,Diesel,Diesel,Class6_Box,DUTY_REG_02,D3_Regional,204.3,7.7,2720,0.68,8,502,07:00,14:42,16.3,-1.5,Dry,0.0,Completed,0,0.0,56.8,,,,,,,,,None,,Not_Installed_Diesel,Quarter_End,2025-01-24T14:59:00,,2025-05-15T00:00:00
2025-01-24,D-10,Diesel,Diesel,Class6_Box,DUTY_REG_03,D3_Regional,211.7,7.8,3240,0.81,5,541,07:30,15:18,15.7,-1.5,Dry,0.0,Completed,0,0.0,56.3,,,,,,,,,None,,Not_Installed_Diesel,Quarter_End,2025-01-24T15:48:00,,2025-05-15T00:00:00
2025-01-27,EV-01,Electric,Electric,Class6_Box,DUTY_URB_01,D1_Urban,85.4,5.9,3120,0.78,29,135,07:15,13:09,17.9,-1.7,Snow,7.9,Completed,0,0.0,,149.6,15.4,165.0,187.5,100.0,17.5,CHG-01,50.0,Enhanced_Telemetry,148.4,Received_Valid,Immediate_CAN_Bus,2025-01-27T13:39:00,2025-01-27T13:14:00,2025-01-27T13:14:00
2025-01-27,D-02,Diesel,Diesel,Class6_Box,DUTY_URB_02,D1_Urban,84.2,5.7,2800,0.70,25,144,07:15,12:57,18.1,-1.7,Snow,7.9,Completed,0,0.0,26.3,,,,,,,,,None,,Not_Installed_Diesel,Quarter_End,2025-01-27T12:59:00,,2025-05-15T00:00:00
2025-01-27,D-03,Diesel,Diesel,Class6_Box,DUTY_URB_03,D1_Urban,82.7,5.4,3000,0.75,31,164,07:15,12:39,18.4,-1.7,Snow,7.9,Completed,0,0.0,26.3,,,,,,,,,None,,Not_Installed_Diesel,Quarter_End,2025-01-27T12:59:00,,2025-05-15T00:00:00
2025-01-27,D-04,Diesel,Diesel,Class6_Box,DUTY_SUB_01,D2_Suburban,135.1,6.0,2800,0.70,14,275,07:30,13:30,17.5,-1.7,Snow,7.9,Completed,0,0.0,39.3,,,,,,,,,None,,Not_Installed_Diesel,Quarter_End,2025-01-27T13:59:00,,2025-05-15T00:00:00
2025-01-27,D-05,Diesel,Diesel,Class6_Box,DUTY_SUB_02,D2_Suburban,134.4,6.5,2960,0.74,16,302,07:00,13:30,17.5,-1.7,Snow,7.9,Completed,0,0.0,39.2,,,,,,,,,None,,Not_Installed_Diesel,Quarter_End,2025-01-27T13:59:00,,2025-05-15T00:00:00
2025-01-27,D-06,Diesel,Diesel,Class6_Box,DUTY_SUB_03,D2_Suburban,138.3,6.1,2840,0.71,17,298,07:30,13:36,17.4,-1.7,Snow,7.9,Completed,0,0.0,38.8,,,,,,,,,None,,Not_Installed_Diesel,Quarter_End,2025-01-27T13:59:00,,2025-05-15T00:00:00
2025-01-27,D-07,Diesel,Diesel,Class6_Box,DUTY_SUB_04,D2_Suburban,135.5,6.5,3120,0.78,12,292,07:30,14:00,17.0,-1.7,Snow,7.9,Completed,0,0.0,40.1,,,,,,,,,None,,Not_Installed_Diesel,Quarter_End,2025-01-27T14:30:00,,2025-05-15T00:00:00
2025-01-27,D-08,Diesel,Diesel,Class6_Box,DUTY_REG_01,D3_Regional,211.8,7.4,3120,0.78,9,526,07:15,14:39,16.4,-1.7,Snow,7.9,Completed,0,0.0,57.3,,,,,,,,,None,,Not_Installed_Diesel,Quarter_End,2025-01-27T14:59:00,,2025-05-15T00:00:00
2025-01-27,D-09,Diesel,Diesel,Class6_Box,DUTY_REG_02,D3_Regional,207.3,7.4,3440,0.86,7,492,07:15,14:39,16.4,-1.7,Snow,7.9,Completed,0,0.0,58.2,,,,,,,,,None,,Not_Installed_Diesel,Quarter_End,2025-01-27T14:59:00,,2025-05-15T00:00:00
2025-01-27,D-10,Diesel,Diesel,Class6_Box,DUTY_REG_03,D3_Regional,212.0,7.8,2600,0.65,8,554,07:00,14:48,16.2,-1.7,Snow,7.9,Completed,0,0.0,59.2,,,,,,,,,None,,Not_Installed_Diesel,Quarter_End,2025-01-27T14:59:00,,2025-05-15T00:00:00
2025-01-28,EV-01,Electric,Electric,Class6_Box,DUTY_URB_01,D1_Urban,85.7,5.6,2880,0.72,33,121,07:30,13:06,17.9,-2.0,Snow,3.7,Completed,0,0.0,,151.3,16.8,168.1,191.0,100.0,16.0,CHG-01,50.0,Enhanced_Telemetry,151.4,Received_Valid,Immediate_CAN_Bus,2025-01-28T13:36:00,2025-01-28T13:11:00,2025-01-28T13:11:00
2025-01-28,D-02,Diesel,Diesel,Class6_Box,DUTY_URB_02,D1_Urban,85.4,5.7,3040,0.76,31,118,07:00,12:42,18.3,-2.0,Snow,3.7,Completed,0,0.0,26.1,,,,,,,,,None,,Not_Installed_Diesel,Quarter_End,2025-01-28T12:59:00,,2025-05-15T00:00:00
2025-01-28,D-03,Diesel,Diesel,Class6_Box,DUTY_URB_03,D1_Urban,84.8,5.7,3160,0.79,31,134,07:15,12:57,18.1,-2.0,Snow,3.7,Completed,0,0.0,27.6,,,,,,,,,None,,Not_Installed_Diesel,Quarter_End,2025-01-28T12:59:00,,2025-05-15T00:00:00
2025-01-28,D-04,Diesel,Diesel,Class6_Box,DUTY_SUB_01,D2_Suburban,131.3,6.1,3000,0.75,15,284,07:30,13:36,17.4,-2.0,Snow,3.7,Completed,0,0.0,39.4,,,,,,,,,None,,Not_Installed_Diesel,Quarter_End,2025-01-28T13:59:00,,2025-05-15T00:00:00
2025-01-28,D-05,Diesel,Diesel,Class6_Box,DUTY_SUB_02,D2_Suburban,135.9,6.3,3080,0.77,17,279,07:30,13:48,17.2,-2.0,Snow,3.7,Completed,0,0.0,38.7,,,,,,,,,None,,Not_Installed_Diesel,Quarter_End,2025-01-28T13:59:00,,2025-05-15T00:00:00
2025-01-28,D-06,Diesel,Diesel,Class6_Box,DUTY_SUB_03,D2_Suburban,136.9,6.8,3000,0.75,16,295,07:30,14:18,16.7,-2.0,Snow,3.7,Completed,0,0.0,39.8,,,,,,,,,None,,Not_Installed_Diesel,Quarter_End,2025-01-28T14:48:00,,2025-05-15T00:00:00
2025-01-28,D-07,Diesel,Diesel,Class6_Box,DUTY_SUB_04,D2_Suburban,136.7,6.9,2920,0.73,16,290,07:15,14:09,16.9,-2.0,Snow,3.7,Completed,0,0.0,39.3,,,,,,,,,None,,Not_Installed_Diesel,Quarter_End,2025-01-28T14:39:00,,2025-05-15T00:00:00
2025-01-28,D-08,Diesel,Diesel,Class6_Box,DUTY_REG_01,D3_Regional,212.8,7.8,2360,0.59,8,538,07:30,15:18,15.7,-2.0,Snow,3.7,Completed,0,0.0,57.8,,,,,,,,,None,,Not_Installed_Diesel,Quarter_End,2025-01-28T15:48:00,,2025-05-15T00:00:00
2025-01-28,D-09,Diesel,Diesel,Class6_Box,DUTY_REG_02,D3_Regional,207.6,7.9,2440,0.61,6,501,07:30,15:24,15.6,-2.0,Snow,3.7,Completed,0,0.0,57.7,,,,,,,,,None,,Not_Installed_Diesel,Quarter_End,2025-01-28T15:54:00,,2025-05-15T00:00:00
2025-01-28,D-10,Diesel,Diesel,Class6_Box,DUTY_REG_03,D3_Regional,213.4,7.9,3000,0.75,6,565,07:30,15:24,15.6,-2.0,Snow,3.7,Completed,0,0.0,58.4,,,,,,,,,None,,Not_Installed_Diesel,Quarter_End,2025-01-28T15:54:00,,2025-05-15T00:00:00
2025-01-29,EV-01,Electric,Electric,Class6_Box,DUTY_URB_01,D1_Urban,82.4,5.8,2840,0.71,32,141,07:30,13:18,17.7,-2.8,Snow,1.4,Completed,0,0.0,,150.7,15.0,165.7,188.3,100.0,17.2,CHG-01,50.0,Enhanced_Telemetry,150.2,Received_Valid,Immediate_CAN_Bus,2025-01-29T13:48:00,2025-01-29T13:23:00,2025-01-29T13:23:00
2025-01-29,D-02,Diesel,Diesel,Class6_Box,DUTY_URB_02,D1_Urban,83.4,5.1,2920,0.73,29,118,07:30,12:36,18.4,-2.8,Snow,1.4,Completed,0,0.0,26.5,,,,,,,,,None,,Not_Installed_Diesel,Quarter_End,2025-01-29T12:59:00,,2025-05-15T00:00:00
2025-01-29,D-03,Diesel,Diesel,Class6_Box,DUTY_URB_03,D1_Urban,86.2,5.7,3160,0.79,34,134,07:15,12:57,18.1,-2.8,Snow,1.4,Completed,0,0.0,27.4,,,,,,,,,None,,Not_Installed_Diesel,Quarter_End,2025-01-29T12:59:00,,2025-05-15T00:00:00
2025-01-29,D-04,Diesel,Diesel,Class6_Box,DUTY_SUB_01,D2_Suburban,132.6,6.1,2840,0.71,13,293,07:30,13:36,17.4,-2.8,Snow,1.4,Completed,0,0.0,39.1,,,,,,,,,None,,Not_Installed_Diesel,Quarter_End,2025-01-29T13:59:00,,2025-05-15T00:00:00
2025-01-29,D-05,Diesel,Diesel,Class6_Box,DUTY_SUB_02,D2_Suburban,135.7,6.4,2960,0.74,12,303,07:30,13:54,17.1,-2.8,Snow,1.4,Completed,0,0.0,40.1,,,,,,,,,None,,Not_Installed_Diesel,Quarter_End,2025-01-29T13:59:00,,2025-05-15T00:00:00
2025-01-29,D-06,Diesel,Diesel,Class6_Box,DUTY_SUB_03,D2_Suburban,138.2,6.6,3240,0.81,16,295,07:30,14:06,16.9,-2.8,Snow,1.4,Completed,0,0.0,39.1,,,,,,,,,None,,Not_Installed_Diesel,Quarter_End,2025-01-29T14:36:00,,2025-05-15T00:00:00
2025-01-29,D-07,Diesel,Diesel,Class6_Box,DUTY_SUB_04,D2_Suburban,133.7,6.2,3080,0.77,11,286,07:15,13:27,17.6,-2.8,Snow,1.4,Completed,0,0.0,38.9,,,,,,,,,None,,Not_Installed_Diesel,Quarter_End,2025-01-29T13:57:00,,2025-05-15T00:00:00
2025-01-29,D-08,Diesel,Diesel,Class6_Box,DUTY_REG_01,D3_Regional,209.9,8.2,2520,0.63,6,517,07:00,15:11,15.8,-2.8,Snow,1.4,Completed,0,0.0,58.7,,,,,,,,,None,,Not_Installed_Diesel,Quarter_End,2025-01-29T15:41:00,,2025-05-15T00:00:00
2025-01-29,D-09,Diesel,Diesel,Class6_Box,DUTY_REG_02,D3_Regional,208.7,7.7,3160,0.79,3,507,07:15,14:57,16.1,-2.8,Snow,1.4,Completed,0,0.0,57.2,,,,,,,,,None,,Not_Installed_Diesel,Quarter_End,2025-01-29T14:59:00,,2025-05-15T00:00:00
2025-01-29,D-10,Diesel,Diesel,Class6_Box,DUTY_REG_03,D3_Regional,210.6,7.7,2840,0.71,9,538,07:30,15:12,15.8,-2.8,Snow,1.4,Completed,0,0.0,58.0,,,,,,,,,None,,Not_Installed_Diesel,Quarter_End,2025-01-29T15:42:00,,2025-05-15T00:00:00
2025-01-30,EV-01,Electric,Electric,Class6_Box,DUTY_URB_01,D1_Urban,83.3,6.2,3080,0.77,31,145,07:30,13:42,17.3,5.3,Dry,0.0,Completed,0,0.0,,145.2,10.4,155.6,176.8,100.0,22.2,CHG-01,50.0,Enhanced_Telemetry,146.7,Received_Valid,Immediate_CAN_Bus,2025-01-30T13:59:00,2025-01-30T13:47:00,2025-01-30T13:47:00
2025-01-30,D-02,Diesel,Diesel,Class6_Box,DUTY_URB_02,D1_Urban,87.9,5.5,2560,0.64,25,154,07:15,12:45,18.2,5.3,Dry,0.0,Completed,0,0.0,25.7,,,,,,,,,None,,Not_Installed_Diesel,Quarter_End,2025-01-30T12:59:00,,2025-05-15T00:00:00
2025-01-30,D-03,Diesel,Diesel,Class6_Box,DUTY_URB_03,D1_Urban,85.4,5.7,3080,0.77,29,130,07:15,12:57,18.1,5.3,Dry,0.0,Completed,0,0.0,25.0,,,,,,,,,None,,Not_Installed_Diesel,Quarter_End,2025-01-30T12:59:00,,2025-05-15T00:00:00
2025-01-30,D-04,Diesel,Diesel,Class6_Box,DUTY_SUB_01,D2_Suburban,135.0,6.5,2960,0.74,17,265,07:30,14:00,17.0,5.3,Dry,0.0,Completed,0,0.0,38.1,,,,,,,,,None,,Not_Installed_Diesel,Quarter_End,2025-01-30T14:30:00,,2025-05-15T00:00:00
2025-01-30,D-05,Diesel,Diesel,Class6_Box,DUTY_SUB_02,D2_Suburban,138.2,6.2,2520,0.63,13,306,07:00,13:12,17.8,5.3,Dry,0.0,Completed,0,0.0,38.3,,,,,,,,,None,,Not_Installed_Diesel,Quarter_End,2025-01-30T13:42:00,,2025-05-15T00:00:00
2025-01-30,D-06,Diesel,Diesel,Class6_Box,DUTY_SUB_03,D2_Suburban,136.7,6.5,2880,0.72,16,305,07:30,14:00,17.0,5.3,Dry,0.0,Completed,0,0.0,38.0,,,,,,,,,None,,Not_Installed_Diesel,Quarter_End,2025-01-30T14:30:00,,2025-05-15T00:00:00
2025-01-30,D-07,Diesel,Diesel,Class6_Box,DUTY_SUB_04,D2_Suburban,134.3,6.8,2640,0.66,17,276,07:30,14:18,16.7,5.3,Dry,0.0,Completed,0,0.0,38.1,,,,,,,,,None,,Not_Installed_Diesel,Quarter_End,2025-01-30T14:48:00,,2025-05-15T00:00:00
2025-01-30,D-08,Diesel,Diesel,Class6_Box,DUTY_REG_01,D3_Regional,209.6,8.4,2760,0.69,5,540,07:15,15:39,15.3,5.3,Dry,0.0,Completed,0,0.0,57.2,,,,,,,,,None,,Not_Installed_Diesel,Quarter_End,2025-01-30T15:59:00,,2025-05-15T00:00:00
2025-01-30,D-09,Diesel,Diesel,Class6_Box,DUTY_REG_02,D3_Regional,209.6,7.6,2760,0.69,6,481,07:30,15:06,15.9,5.3,Dry,0.0,Completed,0,0.0,56.7,,,,,,,,,None,,Not_Installed_Diesel,Quarter_End,2025-01-30T15:36:00,,2025-05-15T00:00:00
2025-01-30,D-10,Diesel,Diesel,Class6_Box,DUTY_REG_03,D3_Regional,214.7,8.0,2640,0.66,7,538,07:30,15:30,15.5,5.3,Dry,0.0,Completed,0,0.0,57.3,,,,,,,,,None,,Not_Installed_Diesel,Quarter_End,2025-01-30T15:59:00,,2025-05-15T00:00:00
2025-01-31,EV-01,Electric,Electric,Class6_Box,DUTY_URB_01,D1_Urban,83.1,5.6,3320,0.83,31,152,07:15,12:51,18.1,0.4,Dry,0.0,Completed,0,0.0,,142.2,10.9,153.1,174.0,100.0,23.5,CHG-01,50.0,Enhanced_Telemetry,142.0,Received_Valid,Immediate_CAN_Bus,2025-01-31T12:59:00,2025-01-31T12:56:00,2025-01-31T12:56:00
2025-01-31,D-02,Diesel,Diesel,Class6_Box,DUTY_URB_02,D1_Urban,83.1,6.1,3080,0.77,30,137,07:00,13:06,17.9,0.4,Dry,0.0,Completed,0,0.0,25.5,,,,,,,,,None,,Not_Installed_Diesel,Quarter_End,2025-01-31T13:36:00,,2025-05-15T00:00:00
2025-01-31,D-03,Diesel,Diesel,Class6_Box,DUTY_URB_03,D1_Urban,87.4,5.8,2880,0.72,29,131,07:30,13:18,17.7,0.4,Dry,0.0,Completed,0,0.0,25.2,,,,,,,,,None,,Not_Installed_Diesel,Quarter_End,2025-01-31T13:48:00,,2025-05-15T00:00:00
2025-01-31,D-04,Diesel,Diesel,Class6_Box,DUTY_SUB_01,D2_Suburban,135.4,6.3,2760,0.69,13,290,07:00,13:18,17.7,0.4,Dry,0.0,Completed,0,0.0,38.3,,,,,,,,,None,,Not_Installed_Diesel,Quarter_End,2025-01-31T13:48:00,,2025-05-15T00:00:00
2025-01-31,D-05,Diesel,Diesel,Class6_Box,DUTY_SUB_02,D2_Suburban,133.3,6.9,2800,0.70,16,300,07:30,14:24,16.6,0.4,Dry,0.0,Completed,0,0.0,37.9,,,,,,,,,None,,Not_Installed_Diesel,Quarter_End,2025-01-31T14:54:00,,2025-05-15T00:00:00
2025-01-31,D-06,Diesel,Diesel,Class6_Box,DUTY_SUB_03,D2_Suburban,135.2,6.4,2600,0.65,15,305,07:30,13:54,17.1,0.4,Dry,0.0,Completed,0,0.0,37.4,,,,,,,,,None,,Not_Installed_Diesel,Quarter_End,2025-01-31T13:59:00,,2025-05-15T00:00:00
2025-01-31,D-07,Diesel,Diesel,Class6_Box,DUTY_SUB_04,D2_Suburban,136.5,6.8,3200,0.80,14,280,07:00,13:48,17.2,0.4,Dry,0.0,Completed,0,0.0,37.9,,,,,,,,,None,,Not_Installed_Diesel,Quarter_End,2025-01-31T13:59:00,,2025-05-15T00:00:00
2025-01-31,D-08,Diesel,Diesel,Class6_Box,DUTY_REG_01,D3_Regional,211.4,7.9,2560,0.64,9,534,07:00,14:54,16.1,0.4,Dry,0.0,Completed,0,0.0,57.3,,,,,,,,,None,,Not_Installed_Diesel,Quarter_End,2025-01-31T14:59:00,,2025-05-15T00:00:00
2025-01-31,D-09,Diesel,Diesel,Class6_Box,DUTY_REG_02,D3_Regional,207.8,7.9,3040,0.76,5,507,07:15,15:09,15.8,0.4,Dry,0.0,Completed,0,0.0,56.6,,,,,,,,,None,,Not_Installed_Diesel,Quarter_End,2025-01-31T15:39:00,,2025-05-15T00:00:00
2025-01-31,D-10,Diesel,Diesel,Class6_Box,DUTY_REG_03,D3_Regional,214.4,8.0,2960,0.74,6,537,07:00,15:00,16.0,0.4,Dry,0.0,Completed,0,0.0,57.3,,,,,,,,,None,,Not_Installed_Diesel,Quarter_End,2025-01-31T15:30:00,,2025-05-15T00:00:00
2025-02-03,EV-01,Electric,Electric,Class6_Box,DUTY_URB_01,D1_Urban,82.8,5.8,2600,0.65,32,131,07:00,12:48,18.2,1.0,Dry,0.0,Completed,0,0.0,,143.5,13.1,156.6,178.0,100.0,21.7,CHG-01,50.0,Enhanced_Telemetry,144.4,Received_Valid,Immediate_CAN_Bus,2025-02-03T12:59:00,2025-02-03T12:53:00,2025-02-03T12:53:00
2025-02-03,D-02,Diesel,Diesel,Class6_Box,DUTY_URB_02,D1_Urban,81.2,5.8,3120,0.78,29,147,07:30,13:18,17.7,1.0,Dry,0.0,Completed,0,0.0,26.1,,,,,,,,,None,,Not_Installed_Diesel,Quarter_End,2025-02-03T13:48:00,,2025-05-15T00:00:00
2025-02-03,D-03,Diesel,Diesel,Class6_Box,DUTY_URB_03,D1_Urban,88.5,6.0,2840,0.71,31,127,07:00,13:00,18.0,1.0,Dry,0.0,Completed,0,0.0,25.0,,,,,,,,,None,,Not_Installed_Diesel,Quarter_End,2025-02-03T13:30:00,,2025-05-15T00:00:00
2025-02-03,D-04,Diesel,Diesel,Class6_Box,DUTY_SUB_01,D2_Suburban,134.1,6.4,3160,0.79,15,294,07:00,13:24,17.6,1.0,Dry,0.0,Completed,0,0.0,38.3,,,,,,,,,None,,Not_Installed_Diesel,Quarter_End,2025-02-03T13:54:00,,2025-05-15T00:00:00
2025-02-03,D-05,Diesel,Diesel,Class6_Box,DUTY_SUB_02,D2_Suburban,135.1,7.0,2840,0.71,12,298,07:00,14:00,17.0,1.0,Dry,0.0,Completed,0,0.0,37.9,,,,,,,,,None,,Not_Installed_Diesel,Quarter_End,2025-02-03T14:30:00,,2025-05-15T00:00:00
2025-02-03,D-06,Diesel,Diesel,Class6_Box,DUTY_SUB_03,D2_Suburban,139.3,6.4,3200,0.80,19,317,07:00,13:24,17.6,1.0,Dry,0.0,Completed,0,0.0,37.0,,,,,,,,,None,,Not_Installed_Diesel,Quarter_End,2025-02-03T13:54:00,,2025-05-15T00:00:00
2025-02-03,D-07,Diesel,Diesel,Class6_Box,DUTY_SUB_04,D2_Suburban,134.6,6.4,2840,0.71,16,273,07:30,13:54,17.1,1.0,Dry,0.0,Completed,0,0.0,38.7,,,,,,,,,None,,Not_Installed_Diesel,Quarter_End,2025-02-03T13:59:00,,2025-05-15T00:00:00
2025-02-03,D-08,Diesel,Diesel,Class6_Box,DUTY_REG_01,D3_Regional,209.3,8.3,2840,0.71,4,508,07:00,15:18,15.7,1.0,Dry,0.0,Completed,0,0.0,57.8,,,,,,,,,None,,Not_Installed_Diesel,Quarter_End,2025-02-03T15:48:00,,2025-05-15T00:00:00
2025-02-03,D-09,Diesel,Diesel,Class6_Box,DUTY_REG_02,D3_Regional,206.8,7.4,3240,0.81,5,498,07:00,14:24,16.6,1.0,Dry,0.0,Completed,0,0.0,57.2,,,,,,,,,None,,Not_Installed_Diesel,Quarter_End,2025-02-03T14:54:00,,2025-05-15T00:00:00
2025-02-03,D-10,Diesel,Diesel,Class6_Box,DUTY_REG_03,D3_Regional,210.6,7.5,2640,0.66,10,535,07:30,15:00,16.0,1.0,Dry,0.0,Completed,0,0.0,55.9,,,,,,,,,None,,Not_Installed_Diesel,Quarter_End,2025-02-03T15:30:00,,2025-05-15T00:00:00
2025-02-04,EV-01,Electric,Electric,Class6_Box,DUTY_URB_01,D1_Urban,88.3,5.7,2800,0.70,30,137,07:30,13:12,17.8,1.8,Heavy_Rain,8.2,Completed,0,0.0,,157.1,13.0,170.1,193.3,100.0,15.0,CHG-01,50.0,Enhanced_Telemetry,156.8,Received_Valid,Immediate_CAN_Bus,2025-02-04T13:42:00,2025-02-04T13:17:00,2025-02-04T13:17:00
2025-02-04,D-02,Diesel,Diesel,Class6_Box,DUTY_URB_02,D1_Urban,86.8,6.1,3120,0.78,28,116,07:00,13:06,17.9,1.8,Heavy_Rain,8.2,Completed,0,0.0,27.2,,,,,,,,,None,,Not_Installed_Diesel,Quarter_End,2025-02-04T13:36:00,,2025-05-15T00:00:00
2025-02-04,D-03,Diesel,Diesel,Class6_Box,DUTY_URB_03,D1_Urban,88.6,6.2,3240,0.81,31,135,07:00,13:12,17.8,1.8,Heavy_Rain,8.2,Late,0,0.0,27.0,,,,,,,,,None,,Not_Installed_Diesel,Quarter_End,2025-02-04T13:42:00,,2025-05-15T00:00:00
2025-02-04,D-04,Diesel,Diesel,Class6_Box,DUTY_SUB_01,D2_Suburban,133.4,6.3,3240,0.81,14,287,07:30,13:48,17.2,1.8,Heavy_Rain,8.2,Completed,0,0.0,39.2,,,,,,,,,None,,Not_Installed_Diesel,Quarter_End,2025-02-04T13:59:00,,2025-05-15T00:00:00
2025-02-04,D-05,Diesel,Diesel,Class6_Box,DUTY_SUB_02,D2_Suburban,134.8,6.5,3120,0.78,14,277,07:00,13:30,17.5,1.8,Heavy_Rain,8.2,Completed,0,0.0,39.1,,,,,,,,,None,,Not_Installed_Diesel,Quarter_End,2025-02-04T13:59:00,,2025-05-15T00:00:00
2025-02-04,D-06,Diesel,Diesel,Class6_Box,DUTY_SUB_03,D2_Suburban,135.2,6.5,3120,0.78,20,298,07:30,14:00,17.0,1.8,Heavy_Rain,8.2,Completed,0,0.0,39.0,,,,,,,,,None,,Not_Installed_Diesel,Quarter_End,2025-02-04T14:30:00,,2025-05-15T00:00:00
2025-02-04,D-07,Diesel,Diesel,Class6_Box,DUTY_SUB_04,D2_Suburban,135.1,6.2,2680,0.67,12,281,07:00,13:12,17.8,1.8,Heavy_Rain,8.2,Completed,0,0.0,38.6,,,,,,,,,None,,Not_Installed_Diesel,Quarter_End,2025-02-04T13:42:00,,2025-05-15T00:00:00
2025-02-04,D-08,Diesel,Diesel,Class6_Box,DUTY_REG_01,D3_Regional,209.1,7.7,3000,0.75,5,505,07:00,14:42,16.3,1.8,Heavy_Rain,8.2,Completed,0,0.0,57.5,,,,,,,,,None,,Not_Installed_Diesel,Quarter_End,2025-02-04T14:59:00,,2025-05-15T00:00:00
2025-02-04,D-09,Diesel,Diesel,Class6_Box,DUTY_REG_02,D3_Regional,207.7,7.5,2480,0.62,6,508,07:15,14:45,16.2,1.8,Heavy_Rain,8.2,Completed,0,0.0,58.1,,,,,,,,,None,,Not_Installed_Diesel,Quarter_End,2025-02-04T14:59:00,,2025-05-15T00:00:00
2025-02-04,D-10,Diesel,Diesel,Class6_Box,DUTY_REG_03,D3_Regional,213.8,7.8,2800,0.70,4,553,07:15,15:03,15.9,1.8,Heavy_Rain,8.2,Completed,0,0.0,57.9,,,,,,,,,None,,Not_Installed_Diesel,Quarter_End,2025-02-04T15:33:00,,2025-05-15T00:00:00
2025-02-05,EV-01,Electric,Electric,Class6_Box,DUTY_URB_01,D1_Urban,88.0,5.7,3040,0.76,27,157,07:00,12:42,18.3,3.0,Dry,0.0,Completed,0,0.0,,155.1,13.9,169.0,192.0,100.0,15.5,CHG-01,50.0,Enhanced_Telemetry,154.5,Received_Valid,Immediate_CAN_Bus,2025-02-05T12:59:00,2025-02-05T12:47:00,2025-02-05T12:47:00
2025-02-05,D-02,Diesel,Diesel,Class6_Box,DUTY_URB_02,D1_Urban,87.3,5.5,3000,0.75,30,149,07:30,13:00,18.0,3.0,Dry,0.0,Completed,0,0.0,26.2,,,,,,,,,None,,Not_Installed_Diesel,Quarter_End,2025-02-05T13:30:00,,2025-05-15T00:00:00
2025-02-05,D-03,Diesel,Diesel,Class6_Box,DUTY_URB_03,D1_Urban,83.8,5.8,2800,0.70,34,129,07:00,12:48,18.2,3.0,Dry,0.0,Completed,0,0.0,24.9,,,,,,,,,None,,Not_Installed_Diesel,Quarter_End,2025-02-05T12:59:00,,2025-05-15T00:00:00
2025-02-05,D-04,Diesel,Diesel,Class6_Box,DUTY_SUB_01,D2_Suburban,134.7,6.4,2480,0.62,13,260,07:30,13:54,17.1,3.0,Dry,0.0,Completed,0,0.0,37.8,,,,,,,,,None,,Not_Installed_Diesel,Quarter_End,2025-02-05T13:59:00,,2025-05-15T00:00:00
2025-02-05,D-05,Diesel,Diesel,Class6_Box,DUTY_SUB_02,D2_Suburban,134.9,6.7,2880,0.72,17,287,07:00,13:42,17.3,3.0,Dry,0.0,Completed,0,0.0,37.7,,,,,,,,,None,,Not_Installed_Diesel,Quarter_End,2025-02-05T13:59:00,,2025-05-15T00:00:00
2025-02-05,D-06,Diesel,Diesel,Class6_Box,DUTY_SUB_03,D2_Suburban,140.9,6.3,2880,0.72,14,321,07:30,13:48,17.2,3.0,Dry,0.0,Completed,0,0.0,36.8,,,,,,,,,None,,Not_Installed_Diesel,Quarter_End,2025-02-05T13:59:00,,2025-05-15T00:00:00
2025-02-05,D-07,Diesel,Diesel,Class6_Box,DUTY_SUB_04,D2_Suburban,135.5,6.5,2880,0.72,17,255,07:15,13:45,17.2,3.0,Dry,0.0,Completed,0,0.0,38.7,,,,,,,,,None,,Not_Installed_Diesel,Quarter_End,2025-02-05T13:59:00,,2025-05-15T00:00:00
2025-02-05,D-08,Diesel,Diesel,Class6_Box,DUTY_REG_01,D3_Regional,210.7,7.7,2720,0.68,4,526,07:30,15:12,15.8,3.0,Dry,0.0,Completed,0,0.0,56.7,,,,,,,,,None,,Not_Installed_Diesel,Quarter_End,2025-02-05T15:42:00,,2025-05-15T00:00:00
2025-02-05,D-09,Diesel,Diesel,Class6_Box,DUTY_REG_02,D3_Regional,208.9,8.0,3120,0.78,2,495,07:15,15:15,15.8,3.0,Dry,0.0,Completed,0,0.0,56.4,,,,,,,,,None,,Not_Installed_Diesel,Quarter_End,2025-02-05T15:45:00,,2025-05-15T00:00:00
2025-02-05,D-10,Diesel,Diesel,Class6_Box,DUTY_REG_03,D3_Regional,212.5,8.0,2480,0.62,5,559,07:15,15:15,15.8,3.0,Dry,0.0,Completed,0,0.0,56.5,,,,,,,,,None,,Not_Installed_Diesel,Quarter_End,2025-02-05T15:45:00,,2025-05-15T00:00:00
2025-02-06,EV-01,Electric,Electric,Class6_Box,DUTY_URB_01,D1_Urban,85.0,5.8,2920,0.73,30,121,07:30,13:18,17.7,-0.9,Dry,0.0,Completed,0,0.0,,152.0,14.8,166.8,189.5,100.0,16.6,CHG-01,50.0,Enhanced_Telemetry,,Dropped_Cellular_Deadzone,Immediate_CAN_Bus,2025-02-06T13:48:00,2025-02-06T13:23:00,2025-02-06T13:48:00
2025-02-06,D-02,Diesel,Diesel,Class6_Box,DUTY_URB_02,D1_Urban,81.6,5.9,3040,0.76,26,141,07:15,13:09,17.9,-0.9,Dry,0.0,Completed,0,0.0,25.9,,,,,,,,,None,,Not_Installed_Diesel,Quarter_End,2025-02-06T13:39:00,,2025-05-15T00:00:00
2025-02-06,D-03,Diesel,Diesel,Class6_Box,DUTY_URB_03,D1_Urban,86.5,5.7,2960,0.74,31,154,07:00,12:42,18.3,-0.9,Dry,0.0,Completed,0,0.0,25.4,,,,,,,,,None,,Not_Installed_Diesel,Quarter_End,2025-02-06T12:59:00,,2025-05-15T00:00:00
2025-02-06,D-04,Diesel,Diesel,Class6_Box,DUTY_SUB_01,D2_Suburban,133.6,6.5,3040,0.76,19,280,07:15,13:45,17.2,-0.9,Dry,0.0,Completed,0,0.0,38.2,,,,,,,,,None,,Not_Installed_Diesel,Quarter_End,2025-02-06T13:59:00,,2025-05-15T00:00:00
2025-02-06,D-05,Diesel,Diesel,Class6_Box,DUTY_SUB_02,D2_Suburban,135.4,6.2,3000,0.75,13,276,07:15,13:27,17.6,-0.9,Dry,0.0,Completed,0,0.0,37.3,,,,,,,,,None,,Not_Installed_Diesel,Quarter_End,2025-02-06T13:57:00,,2025-05-15T00:00:00
2025-02-06,D-06,Diesel,Diesel,Class6_Box,DUTY_SUB_03,D2_Suburban,136.6,7.0,3120,0.78,16,328,07:00,14:00,17.0,-0.9,Dry,0.0,Completed,0,0.0,38.5,,,,,,,,,None,,Not_Installed_Diesel,Quarter_End,2025-02-06T14:30:00,,2025-05-15T00:00:00
2025-02-06,D-07,Diesel,Diesel,Class6_Box,DUTY_SUB_04,D2_Suburban,136.9,6.6,3120,0.78,17,266,07:15,13:51,17.1,-0.9,Dry,0.0,Completed,0,0.0,38.5,,,,,,,,,None,,Not_Installed_Diesel,Quarter_End,2025-02-06T13:59:00,,2025-05-15T00:00:00
2025-02-06,D-08,Diesel,Diesel,Class6_Box,DUTY_REG_01,D3_Regional,211.9,8.2,3040,0.76,4,508,07:00,15:11,15.8,-0.9,Dry,0.0,Completed,0,0.0,56.3,,,,,,,,,None,,Not_Installed_Diesel,Quarter_End,2025-02-06T15:41:00,,2025-05-15T00:00:00
2025-02-06,D-09,Diesel,Diesel,Class6_Box,DUTY_REG_02,D3_Regional,208.6,7.7,3080,0.77,2,482,07:00,14:42,16.3,-0.9,Dry,0.0,Completed,0,0.0,57.7,,,,,,,,,None,,Not_Installed_Diesel,Quarter_End,2025-02-06T14:59:00,,2025-05-15T00:00:00
2025-02-06,D-10,Diesel,Diesel,Class6_Box,DUTY_REG_03,D3_Regional,215.0,8.1,2760,0.69,9,555,07:15,15:21,15.7,-0.9,Dry,0.0,Completed,0,0.0,57.2,,,,,,,,,None,,Not_Installed_Diesel,Quarter_End,2025-02-06T15:51:00,,2025-05-15T00:00:00
2025-02-07,EV-01,Electric,Electric,Class6_Box,DUTY_URB_01,D1_Urban,85.4,5.8,2880,0.72,31,159,07:15,13:03,17.9,0.9,Dry,0.0,Completed,0,0.0,,152.4,13.3,165.7,188.3,100.0,17.2,CHG-01,50.0,Enhanced_Telemetry,152.0,Received_Valid,Immediate_CAN_Bus,2025-02-07T13:33:00,2025-02-07T13:08:00,2025-02-07T13:08:00
2025-02-07,D-02,Diesel,Diesel,Class6_Box,DUTY_URB_02,D1_Urban,85.8,5.8,2720,0.68,31,149,07:00,12:48,18.2,0.9,Dry,0.0,Completed,0,0.0,26.1,,,,,,,,,None,,Not_Installed_Diesel,Quarter_End,2025-02-07T12:59:00,,2025-05-15T00:00:00
2025-02-07,D-03,Diesel,Diesel,Class6_Box,DUTY_URB_03,D1_Urban,83.7,5.9,2800,0.70,30,126,07:15,13:09,17.9,0.9,Dry,0.0,Completed,0,0.0,25.8,,,,,,,,,None,,Not_Installed_Diesel,Quarter_End,2025-02-07T13:39:00,,2025-05-15T00:00:00
2025-02-07,D-04,Diesel,Diesel,Class6_Box,DUTY_SUB_01,D2_Suburban,126.9,6.7,3080,0.77,15,294,07:30,14:12,16.8,0.9,Dry,0.0,Completed,0,0.0,38.8,,,,,,,,,None,,Not_Installed_Diesel,Quarter_End,2025-02-07T14:42:00,,2025-05-15T00:00:00
2025-02-07,D-05,Diesel,Diesel,Class6_Box,DUTY_SUB_02,D2_Suburban,136.8,6.1,2520,0.63,13,285,07:30,13:36,17.4,0.9,Dry,0.0,Completed,0,0.0,37.4,,,,,,,,,None,,Not_Installed_Diesel,Quarter_End,2025-02-07T13:59:00,,2025-05-15T00:00:00
2025-02-07,D-06,Diesel,Diesel,Class6_Box,DUTY_SUB_03,D2_Suburban,137.9,7.1,2720,0.68,20,321,07:30,14:36,16.4,0.9,Dry,0.0,Completed,0,0.0,38.0,,,,,,,,,None,,Not_Installed_Diesel,Quarter_End,2025-02-07T14:59:00,,2025-05-15T00:00:00
2025-02-07,D-07,Diesel,Diesel,Class6_Box,DUTY_SUB_04,D2_Suburban,139.5,6.5,2800,0.70,12,263,07:15,13:45,17.2,0.9,Dry,0.0,Completed,0,0.0,38.0,,,,,,,,,None,,Not_Installed_Diesel,Quarter_End,2025-02-07T13:59:00,,2025-05-15T00:00:00
2025-02-07,D-08,Diesel,Diesel,Class6_Box,DUTY_REG_01,D3_Regional,210.7,7.7,2960,0.74,8,525,07:30,15:12,15.8,0.9,Dry,0.0,Completed,0,0.0,57.1,,,,,,,,,None,,Not_Installed_Diesel,Quarter_End,2025-02-07T15:42:00,,2025-05-15T00:00:00
2025-02-07,D-09,Diesel,Diesel,Class6_Box,DUTY_REG_02,D3_Regional,211.0,7.6,2680,0.67,3,505,07:15,14:51,16.1,0.9,Dry,0.0,Completed,0,0.0,56.6,,,,,,,,,None,,Not_Installed_Diesel,Quarter_End,2025-02-07T14:59:00,,2025-05-15T00:00:00
2025-02-07,D-10,Diesel,Diesel,Class6_Box,DUTY_REG_03,D3_Regional,214.6,7.8,2320,0.58,8,555,07:30,15:18,15.7,0.9,Dry,0.0,Completed,0,0.0,56.2,,,,,,,,,None,,Not_Installed_Diesel,Quarter_End,2025-02-07T15:48:00,,2025-05-15T00:00:00
2025-02-10,EV-01,Electric,Electric,Class6_Box,DUTY_URB_01,D1_Urban,85.9,5.7,2920,0.73,32,124,07:00,12:42,18.3,3.8,Dry,0.0,Completed,0,0.0,,160.2,9.7,169.9,193.1,100.0,15.0,CHG-01,50.0,Enhanced_Telemetry,159.2,Received_Valid,Immediate_CAN_Bus,2025-02-10T12:59:00,2025-02-10T12:47:00,2025-02-10T12:47:00
2025-02-10,D-02,Diesel,Diesel,Class6_Box,DUTY_URB_02,D1_Urban,81.9,5.9,2880,0.72,30,119,07:15,13:09,17.9,3.8,Dry,0.0,Completed,0,0.0,25.6,,,,,,,,,None,,Not_Installed_Diesel,Quarter_End,2025-02-10T13:39:00,,2025-05-15T00:00:00
2025-02-10,D-03,Diesel,Diesel,Class6_Box,DUTY_URB_03,D1_Urban,87.1,5.7,2760,0.69,32,147,07:15,12:57,18.1,3.8,Dry,0.0,Completed,0,0.0,25.7,,,,,,,,,None,,Not_Installed_Diesel,Quarter_End,2025-02-10T12:59:00,,2025-05-15T00:00:00
2025-02-10,D-04,Diesel,Diesel,Class6_Box,DUTY_SUB_01,D2_Suburban,135.9,6.4,2880,0.72,15,266,07:00,13:24,17.6,3.8,Dry,0.0,Completed,0,0.0,38.0,,,,,,,,,None,,Not_Installed_Diesel,Quarter_End,2025-02-10T13:54:00,,2025-05-15T00:00:00
2025-02-10,D-05,Diesel,Diesel,Class6_Box,DUTY_SUB_02,D2_Suburban,132.3,7.1,2560,0.64,15,271,07:30,14:36,16.4,3.8,Dry,0.0,Completed,0,0.0,37.9,,,,,,,,,None,,Not_Installed_Diesel,Quarter_End,2025-02-10T14:59:00,,2025-05-15T00:00:00
2025-02-10,D-06,Diesel,Diesel,Class6_Box,DUTY_SUB_03,D2_Suburban,137.1,6.5,2480,0.62,16,308,07:15,13:45,17.2,3.8,Dry,0.0,Completed,0,0.0,37.4,,,,,,,,,None,,Not_Installed_Diesel,Quarter_End,2025-02-10T13:59:00,,2025-05-15T00:00:00
2025-02-10,D-07,Diesel,Diesel,Class6_Box,DUTY_SUB_04,D2_Suburban,134.1,6.6,2760,0.69,16,295,07:00,13:36,17.4,3.8,Dry,0.0,Completed,0,0.0,37.6,,,,,,,,,None,,Not_Installed_Diesel,Quarter_End,2025-02-10T13:59:00,,2025-05-15T00:00:00
2025-02-10,D-08,Diesel,Diesel,Class6_Box,DUTY_REG_01,D3_Regional,210.1,7.3,2960,0.74,5,505,07:30,14:48,16.2,3.8,Dry,0.0,Completed,0,0.0,56.5,,,,,,,,,None,,Not_Installed_Diesel,Quarter_End,2025-02-10T14:59:00,,2025-05-15T00:00:00
2025-02-10,D-09,Diesel,Diesel,Class6_Box,DUTY_REG_02,D3_Regional,207.2,7.7,3240,0.81,4,506,07:30,15:12,15.8,3.8,Dry,0.0,Completed,0,0.0,56.1,,,,,,,,,None,,Not_Installed_Diesel,Quarter_End,2025-02-10T15:42:00,,2025-05-15T00:00:00
2025-02-10,D-10,Diesel,Diesel,Class6_Box,DUTY_REG_03,D3_Regional,213.6,8.1,2960,0.74,8,556,07:30,15:36,15.4,3.8,Dry,0.0,Completed,0,0.0,56.7,,,,,,,,,None,,Not_Installed_Diesel,Quarter_End,2025-02-10T15:59:00,,2025-05-15T00:00:00
2025-02-11,EV-01,Electric,Electric,Class6_Box,DUTY_URB_01,D1_Urban,85.3,5.7,3000,0.75,31,153,07:30,13:12,17.8,-0.3,Dry,0.0,Completed,0,0.0,,144.3,14.3,158.6,180.2,100.0,20.7,CHG-01,50.0,Enhanced_Telemetry,145.3,Received_Valid,Immediate_CAN_Bus,2025-02-11T13:42:00,2025-02-11T13:17:00,2025-02-11T13:17:00
2025-02-11,D-02,Diesel,Diesel,Class6_Box,DUTY_URB_02,D1_Urban,84.2,5.7,2960,0.74,25,142,07:00,12:42,18.3,-0.3,Dry,0.0,Completed,0,0.0,25.3,,,,,,,,,None,,Not_Installed_Diesel,Quarter_End,2025-02-11T12:59:00,,2025-05-15T00:00:00
2025-02-11,D-03,Diesel,Diesel,Class6_Box,DUTY_URB_03,D1_Urban,87.1,6.0,2800,0.70,32,160,07:15,13:15,17.8,-0.3,Dry,0.0,Completed,0,0.0,24.9,,,,,,,,,None,,Not_Installed_Diesel,Quarter_End,2025-02-11T13:45:00,,2025-05-15T00:00:00
2025-02-11,D-04,Diesel,Diesel,Class6_Box,DUTY_SUB_01,D2_Suburban,132.4,6.6,3120,0.78,17,266,07:00,13:36,17.4,-0.3,Dry,0.0,Completed,0,0.0,38.4,,,,,,,,,None,,Not_Installed_Diesel,Quarter_End,2025-02-11T13:59:00,,2025-05-15T00:00:00
2025-02-11,D-05,Diesel,Diesel,Class6_Box,DUTY_SUB_02,D2_Suburban,133.5,6.7,3080,0.77,16,300,07:00,13:42,17.3,-0.3,Dry,0.0,Completed,0,0.0,37.0,,,,,,,,,None,,Not_Installed_Diesel,Quarter_End,2025-02-11T13:59:00,,2025-05-15T00:00:00
2025-02-11,D-06,Diesel,Diesel,Class6_Box,DUTY_SUB_03,D2_Suburban,138.3,6.9,2960,0.74,16,313,07:00,13:54,17.1,-0.3,Dry,0.0,Completed,0,0.0,38.7,,,,,,,,,None,,Not_Installed_Diesel,Quarter_End,2025-02-11T13:59:00,,2025-05-15T00:00:00
2025-02-11,D-07,Diesel,Diesel,Class6_Box,DUTY_SUB_04,D2_Suburban,136.8,6.5,2920,0.73,13,283,07:30,14:00,17.0,-0.3,Dry,0.0,Completed,0,0.0,38.0,,,,,,,,,None,,Not_Installed_Diesel,Quarter_End,2025-02-11T14:30:00,,2025-05-15T00:00:00
2025-02-11,D-08,Diesel,Diesel,Class6_Box,DUTY_REG_01,D3_Regional,213.3,7.8,2400,0.60,9,503,07:30,15:18,15.7,-0.3,Dry,0.0,Completed,0,0.0,56.4,,,,,,,,,None,,Not_Installed_Diesel,Quarter_End,2025-02-11T15:48:00,,2025-05-15T00:00:00
2025-02-11,D-09,Diesel,Diesel,Class6_Box,DUTY_REG_02,D3_Regional,207.5,7.6,2960,0.74,8,482,07:15,14:51,16.1,-0.3,Dry,0.0,Completed,0,0.0,56.5,,,,,,,,,None,,Not_Installed_Diesel,Quarter_End,2025-02-11T14:59:00,,2025-05-15T00:00:00
2025-02-11,D-10,Diesel,Diesel,Class6_Box,DUTY_REG_03,D3_Regional,213.5,8.2,2720,0.68,5,553,07:15,15:26,15.6,-0.3,Dry,0.0,Completed,0,0.0,56.4,,,,,,,,,None,,Not_Installed_Diesel,Quarter_End,2025-02-11T15:56:00,,2025-05-15T00:00:00
2025-02-12,EV-01,Electric,Electric,Class6_Box,DUTY_URB_01,D1_Urban,87.4,5.5,2840,0.71,32,125,07:00,12:30,18.5,2.9,Rain,0.1,Completed,0,0.0,,156.3,12.8,169.1,192.2,100.0,15.5,CHG-01,50.0,Enhanced_Telemetry,155.6,Received_Valid,Immediate_CAN_Bus,2025-02-12T12:59:00,2025-02-12T12:35:00,2025-02-12T12:35:00
2025-02-12,D-02,Diesel,Diesel,Class6_Box,DUTY_URB_02,D1_Urban,85.8,5.5,2640,0.66,31,115,07:15,12:45,18.2,2.9,Rain,0.1,Completed,0,0.0,25.6,,,,,,,,,None,,Not_Installed_Diesel,Quarter_End,2025-02-12T12:59:00,,2025-05-15T00:00:00
2025-02-12,D-03,Diesel,Diesel,Class6_Box,DUTY_URB_03,D1_Urban,83.9,6.5,2680,0.67,34,142,07:15,13:45,17.2,2.9,Rain,0.1,Completed,0,0.0,24.9,,,,,,,,,None,,Not_Installed_Diesel,Quarter_End,2025-02-12T13:59:00,,2025-05-15T00:00:00
2025-02-12,D-04,Diesel,Diesel,Class6_Box,DUTY_SUB_01,D2_Suburban,133.7,7.4,2920,0.73,19,283,07:30,14:54,16.1,2.9,Rain,0.1,Completed,0,0.0,38.0,,,,,,,,,None,,Not_Installed_Diesel,Quarter_End,2025-02-12T14:59:00,,2025-05-15T00:00:00
2025-02-12,D-05,Diesel,Diesel,Class6_Box,DUTY_SUB_02,D2_Suburban,132.7,6.1,3000,0.75,14,289,07:00,13:06,17.9,2.9,Rain,0.1,Completed,0,0.0,37.2,,,,,,,,,None,,Not_Installed_Diesel,Quarter_End,2025-02-12T13:36:00,,2025-05-15T00:00:00
2025-02-12,D-06,Diesel,Diesel,Class6_Box,DUTY_SUB_03,D2_Suburban,134.4,6.5,2520,0.63,16,306,07:15,13:45,17.2,2.9,Rain,0.1,Completed,0,0.0,37.0,,,,,,,,,None,,Not_Installed_Diesel,Quarter_End,2025-02-12T13:59:00,,2025-05-15T00:00:00
2025-02-12,D-07,Diesel,Diesel,Class6_Box,DUTY_SUB_04,D2_Suburban,134.9,6.1,3160,0.79,16,285,07:30,13:36,17.4,2.9,Rain,0.1,Completed,0,0.0,37.4,,,,,,,,,None,,Not_Installed_Diesel,Quarter_End,2025-02-12T13:59:00,,2025-05-15T00:00:00
2025-02-12,D-08,Diesel,Diesel,Class6_Box,DUTY_REG_01,D3_Regional,209.5,7.8,2480,0.62,7,511,07:30,15:18,15.7,2.9,Rain,0.1,Completed,0,0.0,57.2,,,,,,,,,None,,Not_Installed_Diesel,Quarter_End,2025-02-12T15:48:00,,2025-05-15T00:00:00
2025-02-12,D-09,Diesel,Diesel,Class6_Box,DUTY_REG_02,D3_Regional,209.8,7.5,2760,0.69,6,488,07:00,14:30,16.5,2.9,Rain,0.1,Completed,0,0.0,57.8,,,,,,,,,None,,Not_Installed_Diesel,Quarter_End,2025-02-12T14:59:00,,2025-05-15T00:00:00
2025-02-12,D-10,Diesel,Diesel,Class6_Box,DUTY_REG_03,D3_Regional,213.6,8.1,2720,0.68,6,556,07:00,15:06,15.9,2.9,Rain,0.1,Completed,0,0.0,56.8,,,,,,,,,None,,Not_Installed_Diesel,Quarter_End,2025-02-12T15:36:00,,2025-05-15T00:00:00
2025-02-13,EV-01,Electric,Electric,Class6_Box,DUTY_URB_01,D1_Urban,86.0,5.8,2920,0.73,33,131,07:30,13:18,17.7,5.1,Dry,0.0,Completed,0,0.0,,146.5,11.8,158.3,179.9,100.0,20.8,CHG-01,50.0,Enhanced_Telemetry,146.5,Received_Valid,Immediate_CAN_Bus,2025-02-13T13:48:00,2025-02-13T13:23:00,2025-02-13T13:23:00
2025-02-13,D-02,Diesel,Diesel,Class6_Box,DUTY_URB_02,D1_Urban,84.9,5.6,2800,0.70,31,120,07:00,12:36,18.4,5.1,Dry,0.0,Completed,0,0.0,26.3,,,,,,,,,None,,Not_Installed_Diesel,Quarter_End,2025-02-13T12:59:00,,2025-05-15T00:00:00
2025-02-13,D-03,Diesel,Diesel,Class6_Box,DUTY_URB_03,D1_Urban,86.0,6.1,2880,0.72,29,145,07:00,13:06,17.9,5.1,Dry,0.0,Completed,0,0.0,25.4,,,,,,,,,None,,Not_Installed_Diesel,Quarter_End,2025-02-13T13:36:00,,2025-05-15T00:00:00
2025-02-13,D-04,Diesel,Diesel,Class6_Box,DUTY_SUB_01,D2_Suburban,132.4,6.2,3080,0.77,14,264,07:00,13:12,17.8,5.1,Dry,0.0,Completed,0,0.0,37.2,,,,,,,,,None,,Not_Installed_Diesel,Quarter_End,2025-02-13T13:42:00,,2025-05-15T00:00:00
2025-02-13,D-05,Diesel,Diesel,Class6_Box,DUTY_SUB_02,D2_Suburban,136.6,6.5,2880,0.72,15,292,07:15,13:45,17.2,5.1,Dry,0.0,Completed,0,0.0,37.8,,,,,,,,,None,,Not_Installed_Diesel,Quarter_End,2025-02-13T13:59:00,,2025-05-15T00:00:00
2025-02-13,D-06,Diesel,Diesel,Class6_Box,DUTY_SUB_03,D2_Suburban,136.4,6.9,3160,0.79,20,292,07:15,14:09,16.9,5.1,Dry,0.0,Completed,0,0.0,37.8,,,,,,,,,None,,Not_Installed_Diesel,Quarter_End,2025-02-13T14:39:00,,2025-05-15T00:00:00
2025-02-13,D-07,Diesel,Diesel,Class6_Box,DUTY_SUB_04,D2_Suburban,135.3,6.5,2680,0.67,16,262,07:30,14:00,17.0,5.1,Dry,0.0,Completed,0,0.0,37.8,,,,,,,,,None,,Not_Installed_Diesel,Quarter_End,2025-02-13T14:30:00,,2025-05-15T00:00:00
2025-02-13,D-08,Diesel,Diesel,Class6_Box,DUTY_REG_01,D3_Regional,209.8,8.0,3040,0.76,7,538,07:30,15:30,15.5,5.1,Dry,0.0,Completed,0,0.0,57.3,,,,,,,,,None,,Not_Installed_Diesel,Quarter_End,2025-02-13T15:59:00,,2025-05-15T00:00:00
2025-02-13,D-09,Diesel,Diesel,Class6_Box,DUTY_REG_02,D3_Regional,209.4,7.8,3200,0.80,3,486,07:15,15:03,15.9,5.1,Dry,0.0,Completed,0,0.0,56.5,,,,,,,,,None,,Not_Installed_Diesel,Quarter_End,2025-02-13T15:33:00,,2025-05-15T00:00:00
2025-02-13,D-10,Diesel,Diesel,Class6_Box,DUTY_REG_03,D3_Regional,212.0,7.9,2880,0.72,9,535,07:00,14:54,16.1,5.1,Dry,0.0,Completed,0,0.0,57.0,,,,,,,,,None,,Not_Installed_Diesel,Quarter_End,2025-02-13T14:59:00,,2025-05-15T00:00:00
2025-02-14,EV-01,Electric,Electric,Class6_Box,DUTY_URB_01,D1_Urban,86.1,5.9,3080,0.77,28,149,07:15,13:09,17.9,4.6,Rain,1.4,Completed,0,0.0,,150.5,12.9,163.4,185.7,100.0,18.3,CHG-01,50.0,Enhanced_Telemetry,150.8,Received_Valid,Immediate_CAN_Bus,2025-02-14T13:39:00,2025-02-14T13:14:00,2025-02-14T13:14:00
2025-02-14,D-02,Diesel,Diesel,Class6_Box,DUTY_URB_02,D1_Urban,83.1,5.6,2920,0.73,31,117,07:00,12:36,18.4,4.6,Rain,1.4,Completed,0,0.0,26.0,,,,,,,,,None,,Not_Installed_Diesel,Quarter_End,2025-02-14T12:59:00,,2025-05-15T00:00:00
2025-02-14,D-03,Diesel,Diesel,Class6_Box,DUTY_URB_03,D1_Urban,86.1,5.8,2960,0.74,35,146,07:15,13:03,17.9,4.6,Rain,1.4,Completed,0,0.0,25.8,,,,,,,,,None,,Not_Installed_Diesel,Quarter_End,2025-02-14T13:33:00,,2025-05-15T00:00:00
2025-02-14,D-04,Diesel,Diesel,Class6_Box,DUTY_SUB_01,D2_Suburban,131.5,6.7,3120,0.78,13,270,07:00,13:42,17.3,4.6,Rain,1.4,Completed,0,0.0,37.1,,,,,,,,,None,,Not_Installed_Diesel,Quarter_End,2025-02-14T13:59:00,,2025-05-15T00:00:00
2025-02-14,D-05,Diesel,Diesel,Class6_Box,DUTY_SUB_02,D2_Suburban,134.7,6.5,2600,0.65,17,278,07:15,13:45,17.2,4.6,Rain,1.4,Completed,0,0.0,38.8,,,,,,,,,None,,Not_Installed_Diesel,Quarter_End,2025-02-14T13:59:00,,2025-05-15T00:00:00
2025-02-14,D-06,Diesel,Diesel,Class6_Box,DUTY_SUB_03,D2_Suburban,136.3,6.6,2480,0.62,15,311,07:30,14:06,16.9,4.6,Rain,1.4,Completed,0,0.0,38.2,,,,,,,,,None,,Not_Installed_Diesel,Quarter_End,2025-02-14T14:36:00,,2025-05-15T00:00:00
2025-02-14,D-07,Diesel,Diesel,Class6_Box,DUTY_SUB_04,D2_Suburban,134.7,6.3,3120,0.78,17,290,07:00,13:18,17.7,4.6,Rain,1.4,Completed,0,0.0,38.4,,,,,,,,,None,,Not_Installed_Diesel,Quarter_End,2025-02-14T13:48:00,,2025-05-15T00:00:00
2025-02-14,D-08,Diesel,Diesel,Class6_Box,DUTY_REG_01,D3_Regional,207.1,7.6,2880,0.72,5,503,07:30,15:06,15.9,4.6,Rain,1.4,Completed,0,0.0,57.1,,,,,,,,,None,,Not_Installed_Diesel,Quarter_End,2025-02-14T15:36:00,,2025-05-15T00:00:00
2025-02-14,D-09,Diesel,Diesel,Class6_Box,DUTY_REG_02,D3_Regional,205.1,7.9,3080,0.77,5,490,07:30,15:24,15.6,4.6,Rain,1.4,Completed,0,0.0,56.0,,,,,,,,,None,,Not_Installed_Diesel,Quarter_End,2025-02-14T15:54:00,,2025-05-15T00:00:00
2025-02-14,D-10,Diesel,Diesel,Class6_Box,DUTY_REG_03,D3_Regional,211.0,8.2,2800,0.70,8,565,07:00,15:11,15.8,4.6,Rain,1.4,Completed,0,0.0,57.6,,,,,,,,,None,,Not_Installed_Diesel,Quarter_End,2025-02-14T15:41:00,,2025-05-15T00:00:00
2025-02-17,EV-01,Electric,Electric,Class6_Box,DUTY_URB_01,D1_Urban,83.5,6.2,2840,0.71,31,150,07:15,13:27,17.6,6.0,Dry,0.0,Completed,0,0.0,,142.9,11.9,154.8,175.9,100.0,22.6,CHG-01,50.0,Enhanced_Telemetry,143.5,Received_Valid,Immediate_CAN_Bus,2025-02-17T13:57:00,2025-02-17T13:32:00,2025-02-17T13:32:00
2025-02-17,D-02,Diesel,Diesel,Class6_Box,DUTY_URB_02,D1_Urban,87.3,5.6,3160,0.79,30,121,07:00,12:36,18.4,6.0,Dry,0.0,Completed,0,0.0,24.9,,,,,,,,,None,,Not_Installed_Diesel,Quarter_End,2025-02-17T12:59:00,,2025-05-15T00:00:00
2025-02-17,D-03,Diesel,Diesel,Class6_Box,DUTY_URB_03,D1_Urban,85.8,6.0,2960,0.74,35,150,07:00,13:00,18.0,6.0,Dry,0.0,Completed,0,0.0,26.5,,,,,,,,,None,,Not_Installed_Diesel,Quarter_End,2025-02-17T13:30:00,,2025-05-15T00:00:00
2025-02-17,D-04,Diesel,Diesel,Class6_Box,DUTY_SUB_01,D2_Suburban,132.5,6.4,2600,0.65,18,297,07:30,13:54,17.1,6.0,Dry,0.0,Completed,0,0.0,37.8,,,,,,,,,None,,Not_Installed_Diesel,Quarter_End,2025-02-17T13:59:00,,2025-05-15T00:00:00
2025-02-17,D-05,Diesel,Diesel,Class6_Box,DUTY_SUB_02,D2_Suburban,132.9,6.5,3080,0.77,13,307,07:00,13:30,17.5,6.0,Dry,0.0,Completed,0,0.0,37.3,,,,,,,,,None,,Not_Installed_Diesel,Quarter_End,2025-02-17T13:59:00,,2025-05-15T00:00:00
2025-02-17,D-06,Diesel,Diesel,Class6_Box,DUTY_SUB_03,D2_Suburban,136.0,7.0,2680,0.67,16,315,07:15,14:15,16.8,6.0,Dry,0.0,Completed,0,0.0,38.2,,,,,,,,,None,,Not_Installed_Diesel,Quarter_End,2025-02-17T14:45:00,,2025-05-15T00:00:00
2025-02-17,D-07,Diesel,Diesel,Class6_Box,DUTY_SUB_04,D2_Suburban,134.7,6.9,2760,0.69,17,275,07:30,14:24,16.6,6.0,Dry,0.0,Completed,0,0.0,37.4,,,,,,,,,None,,Not_Installed_Diesel,Quarter_End,2025-02-17T14:54:00,,2025-05-15T00:00:00
2025-02-17,D-08,Diesel,Diesel,Class6_Box,DUTY_REG_01,D3_Regional,206.3,7.6,2240,0.56,4,532,07:30,15:06,15.9,6.0,Dry,0.0,Completed,0,0.0,57.2,,,,,,,,,None,,Not_Installed_Diesel,Quarter_End,2025-02-17T15:36:00,,2025-05-15T00:00:00
2025-02-17,D-09,Diesel,Diesel,Class6_Box,DUTY_REG_02,D3_Regional,207.6,7.5,2760,0.69,7,504,07:00,14:30,16.5,6.0,Dry,0.0,Completed,0,0.0,56.7,,,,,,,,,None,,Not_Installed_Diesel,Quarter_End,2025-02-17T14:59:00,,2025-05-15T00:00:00
2025-02-17,D-10,Diesel,Diesel,Class6_Box,DUTY_REG_03,D3_Regional,210.9,8.0,3040,0.76,6,539,07:00,15:00,16.0,6.0,Dry,0.0,Completed,0,0.0,56.7,,,,,,,,,None,,Not_Installed_Diesel,Quarter_End,2025-02-17T15:30:00,,2025-05-15T00:00:00
2025-02-18,EV-01,Electric,Electric,Class6_Box,DUTY_URB_01,D1_Urban,87.0,5.5,2880,0.72,33,134,07:00,12:30,18.5,2.1,Rain,3.6,Completed,0,0.0,,147.8,10.2,158.0,179.5,100.0,21.0,CHG-01,50.0,Enhanced_Telemetry,147.7,Received_Valid,Immediate_CAN_Bus,2025-02-18T12:59:00,2025-02-18T12:35:00,2025-02-18T12:35:00
2025-02-18,D-02,Diesel,Diesel,Class6_Box,DUTY_URB_02,D1_Urban,84.0,5.3,3080,0.77,30,135,07:30,12:48,18.2,2.1,Rain,3.6,Completed,0,0.0,26.6,,,,,,,,,None,,Not_Installed_Diesel,Quarter_End,2025-02-18T12:59:00,,2025-05-15T00:00:00
2025-02-18,D-03,Diesel,Diesel,Class6_Box,DUTY_URB_03,D1_Urban,85.9,6.3,2880,0.72,34,148,07:30,13:48,17.2,2.1,Rain,3.6,Completed,0,0.0,24.2,,,,,,,,,None,,Not_Installed_Diesel,Quarter_End,2025-02-18T13:59:00,,2025-05-15T00:00:00
2025-02-18,D-04,Diesel,Diesel,Class6_Box,DUTY_SUB_01,D2_Suburban,135.6,6.8,2800,0.70,13,284,07:00,13:48,17.2,2.1,Rain,3.6,Completed,0,0.0,38.3,,,,,,,,,None,,Not_Installed_Diesel,Quarter_End,2025-02-18T13:59:00,,2025-05-15T00:00:00
2025-02-18,D-05,Diesel,Diesel,Class6_Box,DUTY_SUB_02,D2_Suburban,134.7,6.4,2560,0.64,13,290,07:30,13:54,17.1,2.1,Rain,3.6,Completed,0,0.0,37.4,,,,,,,,,None,,Not_Installed_Diesel,Quarter_End,2025-02-18T13:59:00,,2025-05-15T00:00:00
2025-02-18,D-06,Diesel,Diesel,Class6_Box,DUTY_SUB_03,D2_Suburban,135.3,6.5,3040,0.76,15,323,07:00,13:30,17.5,2.1,Rain,3.6,Completed,0,0.0,37.7,,,,,,,,,None,,Not_Installed_Diesel,Quarter_End,2025-02-18T13:59:00,,2025-05-15T00:00:00
2025-02-18,D-07,Diesel,Diesel,Class6_Box,DUTY_SUB_04,D2_Suburban,134.7,6.3,3200,0.80,13,268,07:15,13:33,17.4,2.1,Rain,3.6,Completed,0,0.0,38.6,,,,,,,,,None,,Not_Installed_Diesel,Quarter_End,2025-02-18T13:59:00,,2025-05-15T00:00:00
2025-02-18,D-08,Diesel,Diesel,Class6_Box,DUTY_REG_01,D3_Regional,210.1,8.1,2680,0.67,7,515,07:00,15:06,15.9,2.1,Rain,3.6,Completed,0,0.0,56.2,,,,,,,,,None,,Not_Installed_Diesel,Quarter_End,2025-02-18T15:36:00,,2025-05-15T00:00:00
2025-02-18,D-09,Diesel,Diesel,Class6_Box,DUTY_REG_02,D3_Regional,207.7,8.2,2600,0.65,8,493,07:15,15:26,15.6,2.1,Rain,3.6,Completed,0,0.0,55.6,,,,,,,,,None,,Not_Installed_Diesel,Quarter_End,2025-02-18T15:56:00,,2025-05-15T00:00:00
2025-02-18,D-10,Diesel,Diesel,Class6_Box,DUTY_REG_03,D3_Regional,211.6,8.2,2800,0.70,4,570,07:00,15:11,15.8,2.1,Rain,3.6,Completed,0,0.0,57.6,,,,,,,,,None,,Not_Installed_Diesel,Quarter_End,2025-02-18T15:41:00,,2025-05-15T00:00:00
2025-02-19,EV-01,Electric,Electric,Class6_Box,DUTY_URB_01,D1_Urban,86.8,5.3,2520,0.63,32,147,07:30,12:48,18.2,0.7,Snow,2.9,Completed,0,0.0,,145.3,14.4,159.7,181.5,100.0,20.2,CHG-01,50.0,Enhanced_Telemetry,145.2,Received_Valid,Immediate_CAN_Bus,2025-02-19T12:59:00,2025-02-19T12:53:00,2025-02-19T12:53:00
2025-02-19,D-02,Diesel,Diesel,Class6_Box,DUTY_URB_02,D1_Urban,84.7,5.7,2960,0.74,31,129,07:15,12:57,18.1,0.7,Snow,2.9,Completed,0,0.0,27.0,,,,,,,,,None,,Not_Installed_Diesel,Quarter_End,2025-02-19T12:59:00,,2025-05-15T00:00:00
2025-02-19,D-03,Diesel,Diesel,Class6_Box,DUTY_URB_03,D1_Urban,88.4,5.9,3320,0.83,29,162,07:15,13:09,17.9,0.7,Snow,2.9,Completed,0,0.0,26.7,,,,,,,,,None,,Not_Installed_Diesel,Quarter_End,2025-02-19T13:39:00,,2025-05-15T00:00:00
2025-02-19,D-04,Diesel,Diesel,Class6_Box,DUTY_SUB_01,D2_Suburban,134.7,6.2,2960,0.74,18,261,07:15,13:27,17.6,0.7,Snow,2.9,Completed,0,0.0,38.1,,,,,,,,,None,,Not_Installed_Diesel,Quarter_End,2025-02-19T13:57:00,,2025-05-15T00:00:00
2025-02-19,D-05,Diesel,Diesel,Class6_Box,DUTY_SUB_02,D2_Suburban,134.0,6.3,2920,0.73,18,293,07:30,13:48,17.2,0.7,Snow,2.9,Completed,0,0.0,38.5,,,,,,,,,None,,Not_Installed_Diesel,Quarter_End,2025-02-19T13:59:00,,2025-05-15T00:00:00
2025-02-19,D-06,Diesel,Diesel,Class6_Box,DUTY_SUB_03,D2_Suburban,137.4,6.7,3280,0.82,19,312,07:00,13:42,17.3,0.7,Snow,2.9,Completed,0,0.0,39.0,,,,,,,,,None,,Not_Installed_Diesel,Quarter_End,2025-02-19T13:59:00,,2025-05-15T00:00:00
2025-02-19,D-07,Diesel,Diesel,Class6_Box,DUTY_SUB_04,D2_Suburban,135.9,6.6,3160,0.79,17,291,07:30,14:06,16.9,0.7,Snow,2.9,Completed,0,0.0,39.2,,,,,,,,,None,,Not_Installed_Diesel,Quarter_End,2025-02-19T14:36:00,,2025-05-15T00:00:00
2025-02-19,D-08,Diesel,Diesel,Class6_Box,DUTY_REG_01,D3_Regional,210.3,7.6,2880,0.72,4,515,07:00,14:36,16.4,0.7,Snow,2.9,Completed,0,0.0,58.6,,,,,,,,,None,,Not_Installed_Diesel,Quarter_End,2025-02-19T14:59:00,,2025-05-15T00:00:00
2025-02-19,D-09,Diesel,Diesel,Class6_Box,DUTY_REG_02,D3_Regional,208.1,7.6,3080,0.77,6,493,07:00,14:36,16.4,0.7,Snow,2.9,Completed,0,0.0,58.0,,,,,,,,,None,,Not_Installed_Diesel,Quarter_End,2025-02-19T14:59:00,,2025-05-15T00:00:00
2025-02-19,D-10,Diesel,Diesel,Class6_Box,DUTY_REG_03,D3_Regional,210.1,8.2,3160,0.79,7,559,07:15,15:26,15.6,0.7,Snow,2.9,Completed,0,0.0,58.0,,,,,,,,,None,,Not_Installed_Diesel,Quarter_End,2025-02-19T15:56:00,,2025-05-15T00:00:00
2025-02-20,EV-01,Electric,Electric,Class6_Box,DUTY_URB_01,D1_Urban,85.6,5.7,2840,0.71,31,132,07:00,12:42,18.3,-1.2,Snow,1.6,Completed,0,0.0,,157.1,14.9,172.0,195.5,100.0,14.0,CHG-01,50.0,Enhanced_Telemetry,156.1,Received_Valid,Immediate_CAN_Bus,2025-02-20T12:59:00,2025-02-20T12:47:00,2025-02-20T12:47:00
2025-02-20,D-02,Diesel,Diesel,Class6_Box,DUTY_URB_02,D1_Urban,82.1,5.7,2720,0.68,25,150,07:15,12:57,18.1,-1.2,Snow,1.6,Completed,0,0.0,27.0,,,,,,,,,None,,Not_Installed_Diesel,Quarter_End,2025-02-20T12:59:00,,2025-05-15T00:00:00
2025-02-20,D-03,Diesel,Diesel,Class6_Box,DUTY_URB_03,D1_Urban,85.9,5.5,2600,0.65,31,133,07:15,12:45,18.2,-1.2,Snow,1.6,Completed,0,0.0,28.2,,,,,,,,,None,,Not_Installed_Diesel,Quarter_End,2025-02-20T12:59:00,,2025-05-15T00:00:00
2025-02-20,D-04,Diesel,Diesel,Class6_Box,DUTY_SUB_01,D2_Suburban,132.9,6.4,2760,0.69,14,271,07:30,13:54,17.1,-1.2,Snow,1.6,Completed,0,0.0,38.9,,,,,,,,,None,,Not_Installed_Diesel,Quarter_End,2025-02-20T13:59:00,,2025-05-15T00:00:00
2025-02-20,D-05,Diesel,Diesel,Class6_Box,DUTY_SUB_02,D2_Suburban,135.4,6.8,2840,0.71,12,286,07:00,13:48,17.2,-1.2,Snow,1.6,Completed,0,0.0,39.9,,,,,,,,,None,,Not_Installed_Diesel,Quarter_End,2025-02-20T13:59:00,,2025-05-15T00:00:00
2025-02-20,D-06,Diesel,Diesel,Class6_Box,DUTY_SUB_03,D2_Suburban,134.2,6.5,2800,0.70,18,330,07:15,13:45,17.2,-1.2,Snow,1.6,Completed,0,0.0,38.9,,,,,,,,,None,,Not_Installed_Diesel,Quarter_End,2025-02-20T13:59:00,,2025-05-15T00:00:00
2025-02-20,D-07,Diesel,Diesel,Class6_Box,DUTY_SUB_04,D2_Suburban,133.5,6.1,2520,0.63,15,271,07:30,13:36,17.4,-1.2,Snow,1.6,Completed,0,0.0,39.3,,,,,,,,,None,,Not_Installed_Diesel,Quarter_End,2025-02-20T13:59:00,,2025-05-15T00:00:00
2025-02-20,D-08,Diesel,Diesel,Class6_Box,DUTY_REG_01,D3_Regional,206.4,8.0,2720,0.68,4,504,07:30,15:30,15.5,-1.2,Snow,1.6,Completed,0,0.0,58.5,,,,,,,,,None,,Not_Installed_Diesel,Quarter_End,2025-02-20T15:59:00,,2025-05-15T00:00:00
2025-02-20,D-09,Diesel,Diesel,Class6_Box,DUTY_REG_02,D3_Regional,208.9,8.2,2600,0.65,7,477,07:00,15:11,15.8,-1.2,Snow,1.6,Completed,0,0.0,58.1,,,,,,,,,None,,Not_Installed_Diesel,Quarter_End,2025-02-20T15:41:00,,2025-05-15T00:00:00
2025-02-20,D-10,Diesel,Diesel,Class6_Box,DUTY_REG_03,D3_Regional,212.9,8.1,3080,0.77,8,539,07:00,15:06,15.9,-1.2,Snow,1.6,Completed,0,0.0,58.0,,,,,,,,,None,,Not_Installed_Diesel,Quarter_End,2025-02-20T15:36:00,,2025-05-15T00:00:00
2025-02-21,EV-01,Electric,Electric,Class6_Box,DUTY_URB_01,D1_Urban,87.1,5.5,3040,0.76,33,138,07:30,13:00,18.0,-5.0,Dry,0.0,Completed,0,0.0,,151.6,16.5,168.1,191.0,100.0,16.0,CHG-01,50.0,Enhanced_Telemetry,151.6,Received_Valid,Immediate_CAN_Bus,2025-02-21T13:30:00,2025-02-21T13:05:00,2025-02-21T13:05:00
2025-02-21,D-02,Diesel,Diesel,Class6_Box,DUTY_URB_02,D1_Urban,82.4,5.8,2760,0.69,30,147,07:15,13:03,17.9,-5.0,Dry,0.0,Completed,0,0.0,25.3,,,,,,,,,None,,Not_Installed_Diesel,Quarter_End,2025-02-21T13:33:00,,2025-05-15T00:00:00
2025-02-21,D-03,Diesel,Diesel,Class6_Box,DUTY_URB_03,D1_Urban,85.7,5.9,2680,0.67,33,157,07:30,13:24,17.6,-5.0,Dry,0.0,Completed,0,0.0,26.4,,,,,,,,,None,,Not_Installed_Diesel,Quarter_End,2025-02-21T13:54:00,,2025-05-15T00:00:00
2025-02-21,D-04,Diesel,Diesel,Class6_Box,DUTY_SUB_01,D2_Suburban,134.8,6.6,3080,0.77,14,298,07:30,14:06,16.9,-5.0,Dry,0.0,Completed,0,0.0,37.1,,,,,,,,,None,,Not_Installed_Diesel,Quarter_End,2025-02-21T14:36:00,,2025-05-15T00:00:00
2025-02-21,D-05,Diesel,Diesel,Class6_Box,DUTY_SUB_02,D2_Suburban,137.1,6.6,2920,0.73,13,300,07:30,14:06,16.9,-5.0,Dry,0.0,Completed,0,0.0,37.4,,,,,,,,,None,,Not_Installed_Diesel,Quarter_End,2025-02-21T14:36:00,,2025-05-15T00:00:00
2025-02-21,D-06,Diesel,Diesel,Class6_Box,DUTY_SUB_03,D2_Suburban,135.1,6.7,2360,0.59,14,308,07:30,14:12,16.8,-5.0,Dry,0.0,Completed,0,0.0,38.5,,,,,,,,,None,,Not_Installed_Diesel,Quarter_End,2025-02-21T14:42:00,,2025-05-15T00:00:00
2025-02-21,D-07,Diesel,Diesel,Class6_Box,DUTY_SUB_04,D2_Suburban,135.7,6.5,2800,0.70,16,268,07:15,13:45,17.2,-5.0,Dry,0.0,Completed,0,0.0,37.8,,,,,,,,,None,,Not_Installed_Diesel,Quarter_End,2025-02-21T13:59:00,,2025-05-15T00:00:00
2025-02-21,D-08,Diesel,Diesel,Class6_Box,DUTY_REG_01,D3_Regional,212.2,7.2,2400,0.60,6,513,07:15,14:27,16.6,-5.0,Dry,0.0,Completed,0,0.0,57.4,,,,,,,,,None,,Not_Installed_Diesel,Quarter_End,2025-02-21T14:57:00,,2025-05-15T00:00:00
2025-02-21,D-09,Diesel,Diesel,Class6_Box,DUTY_REG_02,D3_Regional,205.8,8.1,3080,0.77,5,478,07:30,15:36,15.4,-5.0,Dry,0.0,Late,0,0.0,57.3,,,,,,,,,None,,Not_Installed_Diesel,Quarter_End,2025-02-21T15:59:00,,2025-05-15T00:00:00
2025-02-21,D-10,Diesel,Diesel,Class6_Box,DUTY_REG_03,D3_Regional,213.3,8.0,2560,0.64,9,533,07:00,15:00,16.0,-5.0,Dry,0.0,Completed,0,0.0,56.0,,,,,,,,,None,,Not_Installed_Diesel,Quarter_End,2025-02-21T15:30:00,,2025-05-15T00:00:00
2025-02-24,EV-01,Electric,Electric,Class6_Box,DUTY_URB_01,D1_Urban,86.2,5.9,2600,0.65,29,125,07:15,13:09,17.9,5.2,Dry,0.0,Completed,0,0.0,,147.3,10.0,157.3,178.8,100.0,21.3,CHG-01,50.0,Enhanced_Telemetry,146.9,Received_Valid,Immediate_CAN_Bus,2025-02-24T13:39:00,2025-02-24T13:14:00,2025-02-24T13:14:00
2025-02-24,D-02,Diesel,Diesel,Class6_Box,DUTY_URB_02,D1_Urban,82.0,5.5,2680,0.67,26,148,07:15,12:45,18.2,5.2,Dry,0.0,Completed,0,0.0,25.5,,,,,,,,,None,,Not_Installed_Diesel,Quarter_End,2025-02-24T12:59:00,,2025-05-15T00:00:00
2025-02-24,D-03,Diesel,Diesel,Class6_Box,DUTY_URB_03,D1_Urban,83.8,6.2,3280,0.82,30,130,07:15,13:27,17.6,5.2,Dry,0.0,Completed,0,0.0,26.4,,,,,,,,,None,,Not_Installed_Diesel,Quarter_End,2025-02-24T13:57:00,,2025-05-15T00:00:00
2025-02-24,D-04,Diesel,Diesel,Class6_Box,DUTY_SUB_01,D2_Suburban,134.3,6.0,2760,0.69,17,297,07:15,13:15,17.8,5.2,Dry,0.0,Completed,0,0.0,39.1,,,,,,,,,None,,Not_Installed_Diesel,Quarter_End,2025-02-24T13:45:00,,2025-05-15T00:00:00
2025-02-24,D-05,Diesel,Diesel,Class6_Box,DUTY_SUB_02,D2_Suburban,136.1,6.5,2600,0.65,16,276,07:15,13:45,17.2,5.2,Dry,0.0,Completed,0,0.0,38.5,,,,,,,,,None,,Not_Installed_Diesel,Quarter_End,2025-02-24T13:59:00,,2025-05-15T00:00:00
2025-02-24,D-06,Diesel,Diesel,Class6_Box,DUTY_SUB_03,D2_Suburban,133.7,6.4,2280,0.57,18,320,07:00,13:24,17.6,5.2,Dry,0.0,Completed,0,0.0,38.0,,,,,,,,,None,,Not_Installed_Diesel,Quarter_End,2025-02-24T13:54:00,,2025-05-15T00:00:00
2025-02-24,D-07,Diesel,Diesel,Class6_Box,DUTY_SUB_04,D2_Suburban,136.0,6.6,2800,0.70,16,269,07:15,13:51,17.1,5.2,Dry,0.0,Completed,0,0.0,37.7,,,,,,,,,None,,Not_Installed_Diesel,Quarter_End,2025-02-24T13:59:00,,2025-05-15T00:00:00
2025-02-24,D-08,Diesel,Diesel,Class6_Box,DUTY_REG_01,D3_Regional,208.7,7.5,3120,0.78,5,504,07:30,15:00,16.0,5.2,Dry,0.0,Completed,0,0.0,57.7,,,,,,,,,None,,Not_Installed_Diesel,Quarter_End,2025-02-24T15:30:00,,2025-05-15T00:00:00
2025-02-24,D-09,Diesel,Diesel,Class6_Box,DUTY_REG_02,D3_Regional,206.9,7.2,2880,0.72,5,482,07:15,14:27,16.6,5.2,Dry,0.0,Completed,0,0.0,56.6,,,,,,,,,None,,Not_Installed_Diesel,Quarter_End,2025-02-24T14:57:00,,2025-05-15T00:00:00
2025-02-24,D-10,Diesel,Diesel,Class6_Box,DUTY_REG_03,D3_Regional,211.3,8.2,2720,0.68,9,561,07:30,15:41,15.3,5.2,Dry,0.0,Completed,0,0.0,56.6,,,,,,,,,None,,Not_Installed_Diesel,Quarter_End,2025-02-24T15:59:00,,2025-05-15T00:00:00
2025-02-25,EV-01,Electric,Electric,Class6_Box,DUTY_URB_01,D1_Urban,88.0,5.5,2200,0.55,31,137,07:30,13:00,18.0,8.6,Dry,0.0,Completed,0,0.0,,154.6,9.6,164.2,186.6,100.0,17.9,CHG-01,50.0,Enhanced_Telemetry,154.9,Received_Valid,Immediate_CAN_Bus,2025-02-25T13:30:00,2025-02-25T13:05:00,2025-02-25T13:05:00
2025-02-25,D-02,Diesel,Diesel,Class6_Box,DUTY_URB_02,D1_Urban,85.6,5.4,2800,0.70,28,126,07:15,12:39,18.4,8.6,Dry,0.0,Completed,0,0.0,25.8,,,,,,,,,None,,Not_Installed_Diesel,Quarter_End,2025-02-25T12:59:00,,2025-05-15T00:00:00
2025-02-25,D-03,Diesel,Diesel,Class6_Box,DUTY_URB_03,D1_Urban,84.1,5.8,2960,0.74,33,141,07:15,13:03,17.9,8.6,Dry,0.0,Completed,0,0.0,25.3,,,,,,,,,None,,Not_Installed_Diesel,Quarter_End,2025-02-25T13:33:00,,2025-05-15T00:00:00
2025-02-25,D-04,Diesel,Diesel,Class6_Box,DUTY_SUB_01,D2_Suburban,134.0,6.1,3200,0.80,15,288,07:00,13:06,17.9,8.6,Dry,0.0,Completed,0,0.0,37.0,,,,,,,,,None,,Not_Installed_Diesel,Quarter_End,2025-02-25T13:36:00,,2025-05-15T00:00:00
2025-02-25,D-05,Diesel,Diesel,Class6_Box,DUTY_SUB_02,D2_Suburban,131.7,6.3,3000,0.75,13,279,07:15,13:33,17.4,8.6,Dry,0.0,Completed,0,0.0,38.8,,,,,,,,,None,,Not_Installed_Diesel,Quarter_End,2025-02-25T13:59:00,,2025-05-15T00:00:00
2025-02-25,D-06,Diesel,Diesel,Class6_Box,DUTY_SUB_03,D2_Suburban,135.9,6.5,2480,0.62,16,306,07:30,14:00,17.0,8.6,Dry,0.0,Completed,0,0.0,38.0,,,,,,,,,None,,Not_Installed_Diesel,Quarter_End,2025-02-25T14:30:00,,2025-05-15T00:00:00
2025-02-25,D-07,Diesel,Diesel,Class6_Box,DUTY_SUB_04,D2_Suburban,135.9,6.4,2880,0.72,16,276,07:30,13:54,17.1,8.6,Dry,0.0,Completed,0,0.0,38.5,,,,,,,,,None,,Not_Installed_Diesel,Quarter_End,2025-02-25T13:59:00,,2025-05-15T00:00:00
2025-02-25,D-08,Diesel,Diesel,Class6_Box,DUTY_REG_01,D3_Regional,212.5,7.9,3160,0.79,8,534,07:00,14:54,16.1,8.6,Dry,0.0,Completed,0,0.0,57.4,,,,,,,,,None,,Not_Installed_Diesel,Quarter_End,2025-02-25T14:59:00,,2025-05-15T00:00:00
2025-02-25,D-09,Diesel,Diesel,Class6_Box,DUTY_REG_02,D3_Regional,210.7,7.9,3360,0.84,5,510,07:30,15:24,15.6,8.6,Dry,0.0,Completed,0,0.0,56.0,,,,,,,,,None,,Not_Installed_Diesel,Quarter_End,2025-02-25T15:54:00,,2025-05-15T00:00:00
2025-02-25,D-10,Diesel,Diesel,Class6_Box,DUTY_REG_03,D3_Regional,210.5,8.0,3040,0.76,6,548,07:30,15:30,15.5,8.6,Dry,0.0,Completed,0,0.0,57.4,,,,,,,,,None,,Not_Installed_Diesel,Quarter_End,2025-02-25T15:59:00,,2025-05-15T00:00:00
2025-02-26,EV-01,Electric,Electric,Class6_Box,DUTY_URB_01,D1_Urban,81.0,5.5,2920,0.73,30,130,07:30,13:00,18.0,-0.1,Dry,0.0,Completed,0,0.0,,142.4,12.9,155.3,176.5,100.0,22.3,CHG-01,50.0,Enhanced_Telemetry,142.8,Received_Valid,Immediate_CAN_Bus,2025-02-26T13:30:00,2025-02-26T13:05:00,2025-02-26T13:05:00
2025-02-26,D-02,Diesel,Diesel,Class6_Box,DUTY_URB_02,D1_Urban,83.3,6.2,3200,0.80,28,150,07:00,13:12,17.8,-0.1,Dry,0.0,Completed,0,0.0,25.4,,,,,,,,,None,,Not_Installed_Diesel,Quarter_End,2025-02-26T13:42:00,,2025-05-15T00:00:00
2025-02-26,D-03,Diesel,Diesel,Class6_Box,DUTY_URB_03,D1_Urban,83.4,5.5,2880,0.72,31,139,07:30,13:00,18.0,-0.1,Dry,0.0,Completed,0,0.0,26.1,,,,,,,,,None,,Not_Installed_Diesel,Quarter_End,2025-02-26T13:30:00,,2025-05-15T00:00:00
2025-02-26,D-04,Diesel,Diesel,Class6_Box,DUTY_SUB_01,D2_Suburban,134.4,6.6,2680,0.67,19,294,07:15,13:51,17.1,-0.1,Dry,0.0,Completed,0,0.0,37.6,,,,,,,,,None,,Not_Installed_Diesel,Quarter_End,2025-02-26T13:59:00,,2025-05-15T00:00:00
2025-02-26,D-05,Diesel,Diesel,Class6_Box,DUTY_SUB_02,D2_Suburban,135.0,6.0,2680,0.67,15,303,07:15,13:15,17.8,-0.1,Dry,0.0,Completed,0,0.0,37.6,,,,,,,,,None,,Not_Installed_Diesel,Quarter_End,2025-02-26T13:45:00,,2025-05-15T00:00:00
2025-02-26,D-06,Diesel,Diesel,Class6_Box,DUTY_SUB_03,D2_Suburban,137.7,6.9,2880,0.72,20,298,07:15,14:09,16.9,-0.1,Dry,0.0,Completed,0,0.0,37.3,,,,,,,,,None,,Not_Installed_Diesel,Quarter_End,2025-02-26T14:39:00,,2025-05-15T00:00:00
2025-02-26,D-07,Diesel,Diesel,Class6_Box,DUTY_SUB_04,D2_Suburban,135.8,6.1,2960,0.74,15,269,07:00,13:06,17.9,-0.1,Dry,0.0,Completed,0,0.0,38.2,,,,,,,,,None,,Not_Installed_Diesel,Quarter_End,2025-02-26T13:36:00,,2025-05-15T00:00:00
2025-02-26,D-08,Diesel,Diesel,Class6_Box,DUTY_REG_01,D3_Regional,212.5,7.7,3000,0.75,6,540,07:00,14:42,16.3,-0.1,Dry,0.0,Completed,0,0.0,56.3,,,,,,,,,None,,Not_Installed_Diesel,Quarter_End,2025-02-26T14:59:00,,2025-05-15T00:00:00
2025-02-26,D-09,Diesel,Diesel,Class6_Box,DUTY_REG_02,D3_Regional,207.1,7.7,2960,0.74,3,474,07:30,15:12,15.8,-0.1,Dry,0.0,Completed,0,0.0,56.4,,,,,,,,,None,,Not_Installed_Diesel,Quarter_End,2025-02-26T15:42:00,,2025-05-15T00:00:00
2025-02-26,D-10,Diesel,Diesel,Class6_Box,DUTY_REG_03,D3_Regional,212.1,8.0,2880,0.72,4,548,07:15,15:15,15.8,-0.1,Dry,0.0,Completed,0,0.0,56.9,,,,,,,,,None,,Not_Installed_Diesel,Quarter_End,2025-02-26T15:45:00,,2025-05-15T00:00:00
2025-02-27,EV-01,Electric,Electric,Class6_Box,DUTY_URB_01,D1_Urban,82.2,6.0,2480,0.62,30,143,07:15,13:15,17.8,3.7,Dry,0.0,Completed,0,0.0,,145.3,12.9,158.2,179.8,100.0,20.9,CHG-01,50.0,Enhanced_Telemetry,145.7,Received_Valid,Immediate_CAN_Bus,2025-02-27T13:45:00,2025-02-27T13:20:00,2025-02-27T13:20:00
2025-02-27,D-02,Diesel,Diesel,Class6_Box,DUTY_URB_02,D1_Urban,86.3,5.9,3360,0.84,27,139,07:00,12:54,18.1,3.7,Dry,0.0,Completed,0,0.0,26.5,,,,,,,,,None,,Not_Installed_Diesel,Quarter_End,2025-02-27T12:59:00,,2025-05-15T00:00:00
2025-02-27,D-03,Diesel,Diesel,Class6_Box,DUTY_URB_03,D1_Urban,87.5,6.0,2200,0.55,35,131,07:15,13:15,17.8,3.7,Dry,0.0,Completed,0,0.0,26.0,,,,,,,,,None,,Not_Installed_Diesel,Quarter_End,2025-02-27T13:45:00,,2025-05-15T00:00:00
2025-02-27,D-04,Diesel,Diesel,Class6_Box,DUTY_SUB_01,D2_Suburban,136.4,6.3,2840,0.71,16,300,07:15,13:33,17.4,3.7,Dry,0.0,Completed,0,0.0,37.6,,,,,,,,,None,,Not_Installed_Diesel,Quarter_End,2025-02-27T13:59:00,,2025-05-15T00:00:00
2025-02-27,D-05,Diesel,Diesel,Class6_Box,DUTY_SUB_02,D2_Suburban,134.5,6.6,3200,0.80,14,307,07:00,13:36,17.4,3.7,Dry,0.0,Completed,0,0.0,37.7,,,,,,,,,None,,Not_Installed_Diesel,Quarter_End,2025-02-27T13:59:00,,2025-05-15T00:00:00
2025-02-27,D-06,Diesel,Diesel,Class6_Box,DUTY_SUB_03,D2_Suburban,135.0,6.6,3160,0.79,19,329,07:15,13:51,17.1,3.7,Dry,0.0,Completed,0,0.0,37.7,,,,,,,,,None,,Not_Installed_Diesel,Quarter_End,2025-02-27T13:59:00,,2025-05-15T00:00:00
2025-02-27,D-07,Diesel,Diesel,Class6_Box,DUTY_SUB_04,D2_Suburban,135.7,6.4,3320,0.83,12,275,07:15,13:39,17.4,3.7,Dry,0.0,Completed,0,0.0,37.6,,,,,,,,,None,,Not_Installed_Diesel,Quarter_End,2025-02-27T13:59:00,,2025-05-15T00:00:00
2025-02-27,D-08,Diesel,Diesel,Class6_Box,DUTY_REG_01,D3_Regional,208.4,8.0,2720,0.68,6,535,07:15,15:15,15.8,3.7,Dry,0.0,Completed,0,0.0,56.6,,,,,,,,,None,,Not_Installed_Diesel,Quarter_End,2025-02-27T15:45:00,,2025-05-15T00:00:00
2025-02-27,D-09,Diesel,Diesel,Class6_Box,DUTY_REG_02,D3_Regional,210.1,7.5,3040,0.76,8,505,07:15,14:45,16.2,3.7,Dry,0.0,Completed,0,0.0,57.6,,,,,,,,,None,,Not_Installed_Diesel,Quarter_End,2025-02-27T14:59:00,,2025-05-15T00:00:00
2025-02-27,D-10,Diesel,Diesel,Class6_Box,DUTY_REG_03,D3_Regional,212.0,7.9,2920,0.73,10,553,07:30,15:24,15.6,3.7,Dry,0.0,Completed,0,0.0,56.3,,,,,,,,,None,,Not_Installed_Diesel,Quarter_End,2025-02-27T15:54:00,,2025-05-15T00:00:00
2025-02-28,EV-01,Electric,Electric,Class6_Box,DUTY_URB_01,D1_Urban,82.7,5.8,2720,0.68,31,138,07:00,12:48,18.2,-0.4,Snow,1.1,Completed,0,0.0,,149.2,16.1,165.3,187.8,100.0,17.3,CHG-01,50.0,Enhanced_Telemetry,149.6,Received_Valid,Immediate_CAN_Bus,2025-02-28T12:59:00,2025-02-28T12:53:00,2025-02-28T12:53:00
2025-02-28,D-02,Diesel,Diesel,Class6_Box,DUTY_URB_02,D1_Urban,84.1,5.8,2960,0.74,25,151,07:30,13:18,17.7,-0.4,Snow,1.1,Completed,0,0.0,26.7,,,,,,,,,None,,Not_Installed_Diesel,Quarter_End,2025-02-28T13:48:00,,2025-05-15T00:00:00
2025-02-28,D-03,Diesel,Diesel,Class6_Box,DUTY_URB_03,D1_Urban,85.0,5.8,3280,0.82,30,156,07:15,13:03,17.9,-0.4,Snow,1.1,Completed,0,0.0,27.3,,,,,,,,,None,,Not_Installed_Diesel,Quarter_End,2025-02-28T13:33:00,,2025-05-15T00:00:00
2025-02-28,D-04,Diesel,Diesel,Class6_Box,DUTY_SUB_01,D2_Suburban,133.3,6.3,2440,0.61,15,293,07:00,13:18,17.7,-0.4,Snow,1.1,Completed,0,0.0,39.2,,,,,,,,,None,,Not_Installed_Diesel,Quarter_End,2025-02-28T13:48:00,,2025-05-15T00:00:00
2025-02-28,D-05,Diesel,Diesel,Class6_Box,DUTY_SUB_02,D2_Suburban,135.2,6.7,2720,0.68,13,303,07:00,13:42,17.3,-0.4,Snow,1.1,Completed,0,0.0,39.1,,,,,,,,,None,,Not_Installed_Diesel,Quarter_End,2025-02-28T13:59:00,,2025-05-15T00:00:00
2025-02-28,D-06,Diesel,Diesel,Class6_Box,DUTY_SUB_03,D2_Suburban,133.7,6.5,2640,0.66,14,300,07:00,13:30,17.5,-0.4,Snow,1.1,Completed,0,0.0,38.5,,,,,,,,,None,,Not_Installed_Diesel,Quarter_End,2025-02-28T13:59:00,,2025-05-15T00:00:00
2025-02-28,D-07,Diesel,Diesel,Class6_Box,DUTY_SUB_04,D2_Suburban,137.4,6.3,2600,0.65,13,278,07:30,13:48,17.2,-0.4,Snow,1.1,Completed,0,0.0,38.6,,,,,,,,,None,,Not_Installed_Diesel,Quarter_End,2025-02-28T13:59:00,,2025-05-15T00:00:00
2025-02-28,D-08,Diesel,Diesel,Class6_Box,DUTY_REG_01,D3_Regional,211.6,7.6,3080,0.77,6,500,07:30,15:06,15.9,-0.4,Snow,1.1,Completed,0,0.0,58.1,,,,,,,,,None,,Not_Installed_Diesel,Quarter_End,2025-02-28T15:36:00,,2025-05-15T00:00:00
2025-02-28,D-09,Diesel,Diesel,Class6_Box,DUTY_REG_02,D3_Regional,209.7,7.7,2960,0.74,4,471,07:15,14:57,16.1,-0.4,Snow,1.1,Completed,0,0.0,57.8,,,,,,,,,None,,Not_Installed_Diesel,Quarter_End,2025-02-28T14:59:00,,2025-05-15T00:00:00
2025-02-28,D-10,Diesel,Diesel,Class6_Box,DUTY_REG_03,D3_Regional,211.7,8.0,3040,0.76,8,545,07:00,15:00,16.0,-0.4,Snow,1.1,Completed,0,0.0,57.8,,,,,,,,,None,,Not_Installed_Diesel,Quarter_End,2025-02-28T15:30:00,,2025-05-15T00:00:00
2025-03-03,EV-01,Electric,Electric,Class6_Box,DUTY_URB_01,D1_Urban,84.1,6.1,2920,0.73,30,156,07:30,13:36,17.4,11.3,Dry,0.0,Completed,0,0.0,,145.8,8.3,154.1,175.1,100.0,23.0,CHG-01,50.0,Enhanced_Telemetry,146.6,Received_Valid,Immediate_CAN_Bus,2025-03-03T13:59:00,2025-03-03T13:41:00,2025-03-03T13:41:00
2025-03-03,D-02,Diesel,Diesel,Class6_Box,DUTY_URB_02,D1_Urban,84.8,5.4,3240,0.81,28,122,07:00,12:24,18.6,11.3,Dry,0.0,Completed,0,0.0,25.3,,,,,,,,,None,,Not_Installed_Diesel,Quarter_End,2025-03-03T12:54:00,,2025-05-15T00:00:00
2025-03-03,D-03,Diesel,Diesel,Class6_Box,DUTY_URB_03,D1_Urban,83.9,5.9,2720,0.68,33,134,07:00,12:54,18.1,11.3,Dry,0.0,Completed,0,0.0,25.0,,,,,,,,,None,,Not_Installed_Diesel,Quarter_End,2025-03-03T12:59:00,,2025-05-15T00:00:00
2025-03-03,D-04,Diesel,Diesel,Class6_Box,DUTY_SUB_01,D2_Suburban,134.8,6.4,3080,0.77,16,269,07:00,13:24,17.6,11.3,Dry,0.0,Completed,0,0.0,37.2,,,,,,,,,None,,Not_Installed_Diesel,Quarter_End,2025-03-03T13:54:00,,2025-05-15T00:00:00
2025-03-03,D-05,Diesel,Diesel,Class6_Box,DUTY_SUB_02,D2_Suburban,132.4,6.7,2720,0.68,18,278,07:15,13:57,17.1,11.3,Dry,0.0,Completed,0,0.0,37.8,,,,,,,,,None,,Not_Installed_Diesel,Quarter_End,2025-03-03T13:59:00,,2025-05-15T00:00:00
2025-03-03,D-06,Diesel,Diesel,Class6_Box,DUTY_SUB_03,D2_Suburban,134.7,6.6,2680,0.67,18,295,07:00,13:36,17.4,11.3,Dry,0.0,Completed,0,0.0,38.2,,,,,,,,,None,,Not_Installed_Diesel,Quarter_End,2025-03-03T13:59:00,,2025-05-15T00:00:00
2025-03-03,D-07,Diesel,Diesel,Class6_Box,DUTY_SUB_04,D2_Suburban,133.7,7.2,2680,0.67,15,283,07:00,14:12,16.8,11.3,Dry,0.0,Completed,0,0.0,38.0,,,,,,,,,None,,Not_Installed_Diesel,Quarter_End,2025-03-03T14:42:00,,2025-05-15T00:00:00
2025-03-03,D-08,Diesel,Diesel,Class6_Box,DUTY_REG_01,D3_Regional,209.3,8.3,2720,0.68,9,518,07:00,15:18,15.7,11.3,Dry,0.0,Completed,0,0.0,57.4,,,,,,,,,None,,Not_Installed_Diesel,Quarter_End,2025-03-03T15:48:00,,2025-05-15T00:00:00
2025-03-03,D-09,Diesel,Diesel,Class6_Box,DUTY_REG_02,D3_Regional,209.0,8.0,2560,0.64,8,486,07:00,15:00,16.0,11.3,Dry,0.0,Completed,0,0.0,57.4,,,,,,,,,None,,Not_Installed_Diesel,Quarter_End,2025-03-03T15:30:00,,2025-05-15T00:00:00
2025-03-03,D-10,Diesel,Diesel,Class6_Box,DUTY_REG_03,D3_Regional,210.8,8.1,2920,0.73,9,569,07:15,15:21,15.7,11.3,Dry,0.0,Completed,0,0.0,56.9,,,,,,,,,None,,Not_Installed_Diesel,Quarter_End,2025-03-03T15:51:00,,2025-05-15T00:00:00
2025-03-04,EV-01,Electric,Electric,Class6_Box,DUTY_URB_01,D1_Urban,83.1,5.4,3120,0.78,27,138,07:00,12:24,18.6,5.1,Cold_Wind,0.0,Completed,0,0.0,,141.7,12.1,153.8,174.8,100.0,23.1,CHG-01,50.0,Enhanced_Telemetry,141.6,Received_Valid,Immediate_CAN_Bus,2025-03-04T12:54:00,2025-03-04T12:29:00,2025-03-04T12:29:00
2025-03-04,D-02,Diesel,Diesel,Class6_Box,DUTY_URB_02,D1_Urban,83.3,5.8,2960,0.74,28,150,07:30,13:18,17.7,5.1,Cold_Wind,0.0,Completed,0,0.0,25.5,,,,,,,,,None,,Not_Installed_Diesel,Quarter_End,2025-03-04T13:48:00,,2025-05-15T00:00:00
2025-03-04,D-03,Diesel,Diesel,Class6_Box,DUTY_URB_03,D1_Urban,84.5,6.1,2920,0.73,34,144,07:30,13:36,17.4,5.1,Cold_Wind,0.0,Completed,0,0.0,23.9,,,,,,,,,None,,Not_Installed_Diesel,Quarter_End,2025-03-04T13:59:00,,2025-05-15T00:00:00
2025-03-04,D-04,Diesel,Diesel,Class6_Box,DUTY_SUB_01,D2_Suburban,139.2,7.6,2680,0.67,14,269,07:15,14:51,16.1,5.1,Cold_Wind,0.0,Late,0,0.0,38.1,,,,,,,,,None,,Not_Installed_Diesel,Quarter_End,2025-03-04T14:59:00,,2025-05-15T00:00:00
2025-03-04,D-05,Diesel,Diesel,Class6_Box,DUTY_SUB_02,D2_Suburban,134.1,6.4,3240,0.81,13,306,07:30,13:54,17.1,5.1,Cold_Wind,0.0,Completed,0,0.0,38.2,,,,,,,,,None,,Not_Installed_Diesel,Quarter_End,2025-03-04T13:59:00,,2025-05-15T00:00:00
2025-03-04,D-06,Diesel,Diesel,Class6_Box,DUTY_SUB_03,D2_Suburban,137.7,6.7,2720,0.68,19,323,07:00,13:42,17.3,5.1,Cold_Wind,0.0,Completed,0,0.0,37.1,,,,,,,,,None,,Not_Installed_Diesel,Quarter_End,2025-03-04T13:59:00,,2025-05-15T00:00:00
2025-03-04,D-07,Diesel,Diesel,Class6_Box,DUTY_SUB_04,D2_Suburban,137.5,6.6,3080,0.77,16,262,07:00,13:36,17.4,5.1,Cold_Wind,0.0,Completed,0,0.0,37.4,,,,,,,,,None,,Not_Installed_Diesel,Quarter_End,2025-03-04T13:59:00,,2025-05-15T00:00:00
2025-03-04,D-08,Diesel,Diesel,Class6_Box,DUTY_REG_01,D3_Regional,211.0,8.3,2680,0.67,8,517,07:00,15:18,15.7,5.1,Cold_Wind,0.0,Completed,0,0.0,57.6,,,,,,,,,None,,Not_Installed_Diesel,Quarter_End,2025-03-04T15:48:00,,2025-05-15T00:00:00
2025-03-04,D-09,Diesel,Diesel,Class6_Box,DUTY_REG_02,D3_Regional,207.3,7.6,2800,0.70,3,484,07:30,15:06,15.9,5.1,Cold_Wind,0.0,Completed,0,0.0,56.1,,,,,,,,,None,,Not_Installed_Diesel,Quarter_End,2025-03-04T15:36:00,,2025-05-15T00:00:00
2025-03-04,D-10,Diesel,Diesel,Class6_Box,DUTY_REG_03,D3_Regional,212.5,7.7,3040,0.76,5,542,07:00,14:42,16.3,5.1,Cold_Wind,0.0,Completed,0,0.0,56.9,,,,,,,,,None,,Not_Installed_Diesel,Quarter_End,2025-03-04T14:59:00,,2025-05-15T00:00:00
2025-03-05,EV-01,Electric,Electric,Class6_Box,DUTY_URB_01,D1_Urban,88.0,5.8,3520,0.88,27,131,07:30,13:18,17.7,9.9,Rain,1.9,Completed,0,0.0,,149.5,8.4,157.9,179.4,100.0,21.0,CHG-01,50.0,Enhanced_Telemetry,149.5,Received_Valid,Immediate_CAN_Bus,2025-03-05T13:48:00,2025-03-05T13:23:00,2025-03-05T13:23:00
2025-03-05,D-02,Diesel,Diesel,Class6_Box,DUTY_URB_02,D1_Urban,86.3,5.7,2640,0.66,27,140,07:30,13:12,17.8,9.9,Rain,1.9,Completed,0,0.0,25.4,,,,,,,,,None,,Not_Installed_Diesel,Quarter_End,2025-03-05T13:42:00,,2025-05-15T00:00:00
2025-03-05,D-03,Diesel,Diesel,Class6_Box,DUTY_URB_03,D1_Urban,87.0,6.1,2640,0.66,29,140,07:30,13:36,17.4,9.9,Rain,1.9,Completed,0,0.0,25.9,,,,,,,,,None,,Not_Installed_Diesel,Quarter_End,2025-03-05T13:59:00,,2025-05-15T00:00:00
2025-03-05,D-04,Diesel,Diesel,Class6_Box,DUTY_SUB_01,D2_Suburban,133.7,6.7,2600,0.65,15,289,07:00,13:42,17.3,9.9,Rain,1.9,Completed,0,0.0,38.0,,,,,,,,,None,,Not_Installed_Diesel,Quarter_End,2025-03-05T13:59:00,,2025-05-15T00:00:00
2025-03-05,D-05,Diesel,Diesel,Class6_Box,DUTY_SUB_02,D2_Suburban,132.2,6.6,3000,0.75,12,281,07:30,14:06,16.9,9.9,Rain,1.9,Completed,0,0.0,38.4,,,,,,,,,None,,Not_Installed_Diesel,Quarter_End,2025-03-05T14:36:00,,2025-05-15T00:00:00
2025-03-05,D-06,Diesel,Diesel,Class6_Box,DUTY_SUB_03,D2_Suburban,136.3,7.0,2560,0.64,14,306,07:15,14:15,16.8,9.9,Rain,1.9,Completed,0,0.0,37.1,,,,,,,,,None,,Not_Installed_Diesel,Quarter_End,2025-03-05T14:45:00,,2025-05-15T00:00:00
2025-03-05,D-07,Diesel,Diesel,Class6_Box,DUTY_SUB_04,D2_Suburban,133.9,6.6,2800,0.70,15,279,07:30,14:06,16.9,9.9,Rain,1.9,Completed,0,0.0,37.9,,,,,,,,,None,,Not_Installed_Diesel,Quarter_End,2025-03-05T14:36:00,,2025-05-15T00:00:00
2025-03-05,D-08,Diesel,Diesel,Class6_Box,DUTY_REG_01,D3_Regional,206.1,7.7,2760,0.69,9,509,07:00,14:42,16.3,9.9,Rain,1.9,Completed,0,0.0,57.6,,,,,,,,,None,,Not_Installed_Diesel,Quarter_End,2025-03-05T14:59:00,,2025-05-15T00:00:00
2025-03-05,D-09,Diesel,Diesel,Class6_Box,DUTY_REG_02,D3_Regional,210.1,8.2,2760,0.69,3,470,07:15,15:26,15.6,9.9,Rain,1.9,Completed,0,0.0,56.4,,,,,,,,,None,,Not_Installed_Diesel,Quarter_End,2025-03-05T15:56:00,,2025-05-15T00:00:00
2025-03-05,D-10,Diesel,Diesel,Class6_Box,DUTY_REG_03,D3_Regional,210.7,7.8,2640,0.66,7,535,07:30,15:18,15.7,9.9,Rain,1.9,Completed,0,0.0,56.6,,,,,,,,,None,,Not_Installed_Diesel,Quarter_End,2025-03-05T15:48:00,,2025-05-15T00:00:00
2025-03-06,EV-01,Electric,Electric,Class6_Box,DUTY_URB_01,D1_Urban,86.0,5.8,3320,0.83,32,142,07:30,13:18,17.7,-0.9,Snow,4.1,Completed,0,0.0,,152.1,13.9,166.0,188.6,100.0,17.0,CHG-01,50.0,Enhanced_Telemetry,151.8,Received_Valid,Immediate_CAN_Bus,2025-03-06T13:48:00,2025-03-06T13:23:00,2025-03-06T13:23:00
2025-03-06,D-02,Diesel,Diesel,Class6_Box,DUTY_URB_02,D1_Urban,85.0,6.4,3040,0.76,30,153,07:30,13:54,17.1,-0.9,Snow,4.1,Late,0,0.0,27.0,,,,,,,,,None,,Not_Installed_Diesel,Quarter_End,2025-03-06T13:59:00,,2025-05-15T00:00:00
2025-03-06,D-03,Diesel,Diesel,Class6_Box,DUTY_URB_03,D1_Urban,85.0,6.1,2920,0.73,32,129,07:00,13:06,17.9,-0.9,Snow,4.1,Completed,0,0.0,26.7,,,,,,,,,None,,Not_Installed_Diesel,Quarter_End,2025-03-06T13:36:00,,2025-05-15T00:00:00
2025-03-06,D-04,Diesel,Diesel,Class6_Box,DUTY_SUB_01,D2_Suburban,136.2,6.3,2560,0.64,13,296,07:30,13:48,17.2,-0.9,Snow,4.1,Completed,0,0.0,39.4,,,,,,,,,None,,Not_Installed_Diesel,Quarter_End,2025-03-06T13:59:00,,2025-05-15T00:00:00
2025-03-06,D-05,Diesel,Diesel,Class6_Box,DUTY_SUB_02,D2_Suburban,134.5,6.2,2880,0.72,18,290,07:30,13:42,17.3,-0.9,Snow,4.1,Completed,0,0.0,38.3,,,,,,,,,None,,Not_Installed_Diesel,Quarter_End,2025-03-06T13:59:00,,2025-05-15T00:00:00
2025-03-06,D-06,Diesel,Diesel,Class6_Box,DUTY_SUB_03,D2_Suburban,135.7,6.7,3160,0.79,19,308,07:00,13:42,17.3,-0.9,Snow,4.1,Completed,0,0.0,38.8,,,,,,,,,None,,Not_Installed_Diesel,Quarter_End,2025-03-06T13:59:00,,2025-05-15T00:00:00
2025-03-06,D-07,Diesel,Diesel,Class6_Box,DUTY_SUB_04,D2_Suburban,137.4,6.5,2560,0.64,13,277,07:00,13:30,17.5,-0.9,Snow,4.1,Completed,0,0.0,39.4,,,,,,,,,None,,Not_Installed_Diesel,Quarter_End,2025-03-06T13:59:00,,2025-05-15T00:00:00
2025-03-06,D-08,Diesel,Diesel,Class6_Box,DUTY_REG_01,D3_Regional,210.6,7.8,2760,0.69,5,521,07:15,15:03,15.9,-0.9,Snow,4.1,Completed,0,0.0,58.1,,,,,,,,,None,,Not_Installed_Diesel,Quarter_End,2025-03-06T15:33:00,,2025-05-15T00:00:00
2025-03-06,D-09,Diesel,Diesel,Class6_Box,DUTY_REG_02,D3_Regional,206.6,7.2,2720,0.68,8,472,07:30,14:42,16.3,-0.9,Snow,4.1,Completed,0,0.0,57.2,,,,,,,,,None,,Not_Installed_Diesel,Quarter_End,2025-03-06T14:59:00,,2025-05-15T00:00:00
2025-03-06,D-10,Diesel,Diesel,Class6_Box,DUTY_REG_03,D3_Regional,212.8,8.2,3000,0.75,8,550,07:30,15:41,15.3,-0.9,Snow,4.1,Completed,0,0.0,57.2,,,,,,,,,None,,Not_Installed_Diesel,Quarter_End,2025-03-06T15:59:00,,2025-05-15T00:00:00
2025-03-07,EV-01,Electric,Electric,Class6_Box,DUTY_URB_01,D1_Urban,86.4,5.8,3200,0.80,27,141,07:00,12:48,18.2,4.8,Dry,0.0,Completed,0,0.0,,150.7,10.2,160.9,182.8,100.0,19.5,CHG-01,50.0,Enhanced_Telemetry,150.5,Received_Valid,Immediate_CAN_Bus,2025-03-07T12:59:00,2025-03-07T12:53:00,2025-03-07T12:53:00
2025-03-07,D-02,Diesel,Diesel,Class6_Box,DUTY_URB_02,D1_Urban,82.2,5.7,2920,0.73,28,120,07:15,12:57,18.1,4.8,Dry,0.0,Completed,0,0.0,25.2,,,,,,,,,None,,Not_Installed_Diesel,Quarter_End,2025-03-07T12:59:00,,2025-05-15T00:00:00
2025-03-07,D-03,Diesel,Diesel,Class6_Box,DUTY_URB_03,D1_Urban,85.2,5.9,2840,0.71,30,130,07:15,13:09,17.9,4.8,Dry,0.0,Completed,0,0.0,24.6,,,,,,,,,None,,Not_Installed_Diesel,Quarter_End,2025-03-07T13:39:00,,2025-05-15T00:00:00
2025-03-07,D-04,Diesel,Diesel,Class6_Box,DUTY_SUB_01,D2_Suburban,134.4,6.2,3240,0.81,13,293,07:30,13:42,17.3,4.8,Dry,0.0,Completed,0,0.0,37.9,,,,,,,,,None,,Not_Installed_Diesel,Quarter_End,2025-03-07T13:59:00,,2025-05-15T00:00:00
2025-03-07,D-05,Diesel,Diesel,Class6_Box,DUTY_SUB_02,D2_Suburban,134.8,6.6,3040,0.76,18,308,07:00,13:36,17.4,4.8,Dry,0.0,Completed,0,0.0,38.7,,,,,,,,,None,,Not_Installed_Diesel,Quarter_End,2025-03-07T13:59:00,,2025-05-15T00:00:00
2025-03-07,D-06,Diesel,Diesel,Class6_Box,DUTY_SUB_03,D2_Suburban,136.4,6.6,3040,0.76,16,307,07:30,14:06,16.9,4.8,Dry,0.0,Completed,0,0.0,38.0,,,,,,,,,None,,Not_Installed_Diesel,Quarter_End,2025-03-07T14:36:00,,2025-05-15T00:00:00
2025-03-07,D-07,Diesel,Diesel,Class6_Box,DUTY_SUB_04,D2_Suburban,134.0,6.3,2760,0.69,12,289,07:00,13:18,17.7,4.8,Dry,0.0,Completed,0,0.0,38.0,,,,,,,,,None,,Not_Installed_Diesel,Quarter_End,2025-03-07T13:48:00,,2025-05-15T00:00:00
2025-03-07,D-08,Diesel,Diesel,Class6_Box,DUTY_REG_01,D3_Regional,211.4,7.7,2880,0.72,3,530,07:30,15:12,15.8,4.8,Dry,0.0,Completed,0,0.0,57.1,,,,,,,,,None,,Not_Installed_Diesel,Quarter_End,2025-03-07T15:42:00,,2025-05-15T00:00:00
2025-03-07,D-09,Diesel,Diesel,Class6_Box,DUTY_REG_02,D3_Regional,206.6,7.4,2760,0.69,5,509,07:00,14:24,16.6,4.8,Dry,0.0,Completed,0,0.0,57.7,,,,,,,,,None,,Not_Installed_Diesel,Quarter_End,2025-03-07T14:54:00,,2025-05-15T00:00:00
2025-03-07,D-10,Diesel,Diesel,Class6_Box,DUTY_REG_03,D3_Regional,211.5,8.2,3200,0.80,9,559,07:00,15:11,15.8,4.8,Dry,0.0,Completed,0,0.0,56.3,,,,,,,,,None,,Not_Installed_Diesel,Quarter_End,2025-03-07T15:41:00,,2025-05-15T00:00:00
2025-03-10,EV-01,Electric,Electric,Class6_Box,DUTY_URB_01,D1_Urban,86.6,5.5,3080,0.77,29,145,07:15,12:45,18.2,3.5,Dry,0.0,Completed,0,0.0,,158.7,12.0,170.7,194.0,100.0,14.7,CHG-01,50.0,Enhanced_Telemetry,157.7,Received_Valid,Immediate_CAN_Bus,2025-03-10T12:59:00,2025-03-10T12:50:00,2025-03-10T12:50:00
2025-03-10,D-02,Diesel,Diesel,Class6_Box,DUTY_URB_02,D1_Urban,84.9,5.6,2920,0.73,31,137,07:30,13:06,17.9,3.5,Dry,0.0,Completed,0,0.0,26.0,,,,,,,,,None,,Not_Installed_Diesel,Quarter_End,2025-03-10T13:36:00,,2025-05-15T00:00:00
2025-03-10,D-03,Diesel,Diesel,Class6_Box,DUTY_URB_03,D1_Urban,86.9,6.0,2720,0.68,32,150,07:00,13:00,18.0,3.5,Dry,0.0,Completed,0,0.0,25.1,,,,,,,,,None,,Not_Installed_Diesel,Quarter_End,2025-03-10T13:30:00,,2025-05-15T00:00:00
2025-03-10,D-04,Diesel,Diesel,Class6_Box,DUTY_SUB_01,D2_Suburban,136.8,6.5,2640,0.66,19,281,07:30,14:00,17.0,3.5,Dry,0.0,Completed,0,0.0,37.1,,,,,,,,,None,,Not_Installed_Diesel,Quarter_End,2025-03-10T14:30:00,,2025-05-15T00:00:00
2025-03-10,D-05,Diesel,Diesel,Class6_Box,DUTY_SUB_02,D2_Suburban,136.8,6.7,3080,0.77,14,305,07:15,13:57,17.1,3.5,Dry,0.0,Completed,0,0.0,38.2,,,,,,,,,None,,Not_Installed_Diesel,Quarter_End,2025-03-10T13:59:00,,2025-05-15T00:00:00
2025-03-10,D-06,Diesel,Diesel,Class6_Box,DUTY_SUB_03,D2_Suburban,133.2,6.2,2880,0.72,14,303,07:00,13:12,17.8,3.5,Dry,0.0,Completed,0,0.0,37.8,,,,,,,,,None,,Not_Installed_Diesel,Quarter_End,2025-03-10T13:42:00,,2025-05-15T00:00:00
2025-03-10,D-07,Diesel,Diesel,Class6_Box,DUTY_SUB_04,D2_Suburban,133.7,6.5,3000,0.75,15,283,07:15,13:45,17.2,3.5,Dry,0.0,Completed,0,0.0,38.8,,,,,,,,,None,,Not_Installed_Diesel,Quarter_End,2025-03-10T13:59:00,,2025-05-15T00:00:00
2025-03-10,D-08,Diesel,Diesel,Class6_Box,DUTY_REG_01,D3_Regional,207.9,8.5,2520,0.63,7,500,07:30,16:00,15.0,3.5,Dry,0.0,Completed,0,0.0,57.1,,,,,,,,,None,,Not_Installed_Diesel,Quarter_End,2025-03-10T16:30:00,,2025-05-15T00:00:00
2025-03-10,D-09,Diesel,Diesel,Class6_Box,DUTY_REG_02,D3_Regional,211.2,7.8,3040,0.76,8,492,07:00,14:48,16.2,3.5,Dry,0.0,Completed,0,0.0,56.6,,,,,,,,,None,,Not_Installed_Diesel,Quarter_End,2025-03-10T14:59:00,,2025-05-15T00:00:00
2025-03-10,D-10,Diesel,Diesel,Class6_Box,DUTY_REG_03,D3_Regional,213.6,7.5,2800,0.70,7,538,07:00,14:30,16.5,3.5,Dry,0.0,Completed,0,0.0,57.2,,,,,,,,,None,,Not_Installed_Diesel,Quarter_End,2025-03-10T14:59:00,,2025-05-15T00:00:00
2025-03-11,EV-01,Electric,Electric,Class6_Box,DUTY_URB_01,D1_Urban,85.2,5.8,3200,0.80,32,121,07:30,13:18,17.7,3.4,Dry,0.0,Completed,0,0.0,,154.8,9.1,163.9,186.2,100.0,18.0,CHG-01,50.0,Enhanced_Telemetry,155.4,Received_Valid,Immediate_CAN_Bus,2025-03-11T13:48:00,2025-03-11T13:23:00,2025-03-11T13:23:00
2025-03-11,D-02,Diesel,Diesel,Class6_Box,DUTY_URB_02,D1_Urban,83.0,5.8,2560,0.64,28,154,07:00,12:48,18.2,3.4,Dry,0.0,Completed,0,0.0,25.2,,,,,,,,,None,,Not_Installed_Diesel,Quarter_End,2025-03-11T12:59:00,,2025-05-15T00:00:00
2025-03-11,D-03,Diesel,Diesel,Class6_Box,DUTY_URB_03,D1_Urban,87.6,5.9,2840,0.71,34,140,07:30,13:24,17.6,3.4,Dry,0.0,Completed,0,0.0,25.1,,,,,,,,,None,,Not_Installed_Diesel,Quarter_End,2025-03-11T13:54:00,,2025-05-15T00:00:00
2025-03-11,D-04,Diesel,Diesel,Class6_Box,DUTY_SUB_01,D2_Suburban,134.2,6.5,2840,0.71,18,293,07:15,13:45,17.2,3.4,Dry,0.0,Completed,0,0.0,37.7,,,,,,,,,None,,Not_Installed_Diesel,Quarter_End,2025-03-11T13:59:00,,2025-05-15T00:00:00
2025-03-11,D-05,Diesel,Diesel,Class6_Box,DUTY_SUB_02,D2_Suburban,135.7,6.5,2960,0.74,17,304,07:00,13:30,17.5,3.4,Dry,0.0,Completed,0,0.0,36.8,,,,,,,,,None,,Not_Installed_Diesel,Quarter_End,2025-03-11T13:59:00,,2025-05-15T00:00:00
2025-03-11,D-06,Diesel,Diesel,Class6_Box,DUTY_SUB_03,D2_Suburban,137.1,6.5,3080,0.77,20,308,07:15,13:45,17.2,3.4,Dry,0.0,Completed,0,0.0,37.6,,,,,,,,,None,,Not_Installed_Diesel,Quarter_End,2025-03-11T13:59:00,,2025-05-15T00:00:00
2025-03-11,D-07,Diesel,Diesel,Class6_Box,DUTY_SUB_04,D2_Suburban,133.9,6.3,2760,0.69,15,258,07:30,13:48,17.2,3.4,Dry,0.0,Completed,0,0.0,36.8,,,,,,,,,None,,Not_Installed_Diesel,Quarter_End,2025-03-11T13:59:00,,2025-05-15T00:00:00
2025-03-11,D-08,Diesel,Diesel,Class6_Box,DUTY_REG_01,D3_Regional,209.9,7.9,3040,0.76,9,516,07:00,14:54,16.1,3.4,Dry,0.0,Completed,0,0.0,56.4,,,,,,,,,None,,Not_Installed_Diesel,Quarter_End,2025-03-11T14:59:00,,2025-05-15T00:00:00
2025-03-11,D-09,Diesel,Diesel,Class6_Box,DUTY_REG_02,D3_Regional,209.9,8.1,3000,0.75,3,501,07:00,15:06,15.9,3.4,Dry,0.0,Completed,0,0.0,57.1,,,,,,,,,None,,Not_Installed_Diesel,Quarter_End,2025-03-11T15:36:00,,2025-05-15T00:00:00
2025-03-11,D-10,Diesel,Diesel,Class6_Box,DUTY_REG_03,D3_Regional,211.6,8.3,2880,0.72,5,558,07:30,15:48,15.2,3.4,Dry,0.0,Completed,0,0.0,56.4,,,,,,,,,None,,Not_Installed_Diesel,Quarter_End,2025-03-11T15:59:00,,2025-05-15T00:00:00
2025-03-12,EV-01,Electric,Electric,Class6_Box,DUTY_URB_01,D1_Urban,85.8,5.9,2760,0.69,30,150,07:30,13:24,17.6,6.6,Rain,1.1,Completed,0,0.0,,155.6,10.6,166.2,188.9,100.0,16.9,CHG-01,50.0,Enhanced_Telemetry,156.4,Received_Valid,Immediate_CAN_Bus,2025-03-12T13:54:00,2025-03-12T13:29:00,2025-03-12T13:29:00
2025-03-12,D-02,Diesel,Diesel,Class6_Box,DUTY_URB_02,D1_Urban,86.7,5.6,3280,0.82,28,135,07:30,13:06,17.9,6.6,Rain,1.1,Completed,0,0.0,25.2,,,,,,,,,None,,Not_Installed_Diesel,Quarter_End,2025-03-12T13:36:00,,2025-05-15T00:00:00
2025-03-12,D-03,Diesel,Diesel,Class6_Box,DUTY_URB_03,D1_Urban,88.6,5.7,2880,0.72,31,142,07:30,13:12,17.8,6.6,Rain,1.1,Completed,0,0.0,25.6,,,,,,,,,None,,Not_Installed_Diesel,Quarter_End,2025-03-12T13:42:00,,2025-05-15T00:00:00
2025-03-12,D-04,Diesel,Diesel,Class6_Box,DUTY_SUB_01,D2_Suburban,136.7,6.0,2840,0.71,14,280,07:30,13:30,17.5,6.6,Rain,1.1,Completed,0,0.0,38.0,,,,,,,,,None,,Not_Installed_Diesel,Quarter_End,2025-03-12T13:59:00,,2025-05-15T00:00:00
2025-03-12,D-05,Diesel,Diesel,Class6_Box,DUTY_SUB_02,D2_Suburban,133.3,6.8,3200,0.80,14,282,07:00,13:48,17.2,6.6,Rain,1.1,Completed,0,0.0,38.5,,,,,,,,,None,,Not_Installed_Diesel,Quarter_End,2025-03-12T13:59:00,,2025-05-15T00:00:00
2025-03-12,D-06,Diesel,Diesel,Class6_Box,DUTY_SUB_03,D2_Suburban,135.2,7.0,3200,0.80,15,314,07:30,14:30,16.5,6.6,Rain,1.1,Completed,0,0.0,37.5,,,,,,,,,None,,Not_Installed_Diesel,Quarter_End,2025-03-12T14:59:00,,2025-05-15T00:00:00
2025-03-12,D-07,Diesel,Diesel,Class6_Box,DUTY_SUB_04,D2_Suburban,134.8,6.9,2200,0.55,11,295,07:15,14:09,16.9,6.6,Rain,1.1,Completed,0,0.0,37.8,,,,,,,,,None,,Not_Installed_Diesel,Quarter_End,2025-03-12T14:39:00,,2025-05-15T00:00:00
2025-03-12,D-08,Diesel,Diesel,Class6_Box,DUTY_REG_01,D3_Regional,213.1,8.0,2960,0.74,3,516,07:15,15:15,15.8,6.6,Rain,1.1,Completed,0,0.0,56.8,,,,,,,,,None,,Not_Installed_Diesel,Quarter_End,2025-03-12T15:45:00,,2025-05-15T00:00:00
2025-03-12,D-09,Diesel,Diesel,Class6_Box,DUTY_REG_02,D3_Regional,210.2,7.9,2800,0.70,5,483,07:15,15:09,15.8,6.6,Rain,1.1,Completed,0,0.0,56.5,,,,,,,,,None,,Not_Installed_Diesel,Quarter_End,2025-03-12T15:39:00,,2025-05-15T00:00:00
2025-03-12,D-10,Diesel,Diesel,Class6_Box,DUTY_REG_03,D3_Regional,211.4,8.0,2800,0.70,9,530,07:00,15:00,16.0,6.6,Rain,1.1,Completed,0,0.0,55.8,,,,,,,,,None,,Not_Installed_Diesel,Quarter_End,2025-03-12T15:30:00,,2025-05-15T00:00:00
2025-03-13,EV-01,Electric,Electric,Class6_Box,DUTY_URB_01,D1_Urban,86.9,5.7,3120,0.78,30,145,07:00,12:42,18.3,10.4,Dry,0.0,Completed,0,0.0,,147.0,9.0,156.0,177.3,100.0,22.0,CHG-01,50.0,Enhanced_Telemetry,147.0,Received_Valid,Immediate_CAN_Bus,2025-03-13T12:59:00,2025-03-13T12:47:00,2025-03-13T12:47:00
2025-03-13,D-02,Diesel,Diesel,Class6_Box,DUTY_URB_02,D1_Urban,82.6,5.9,2800,0.70,30,134,07:15,13:09,17.9,10.4,Dry,0.0,Completed,0,0.0,25.2,,,,,,,,,None,,Not_Installed_Diesel,Quarter_End,2025-03-13T13:39:00,,2025-05-15T00:00:00
2025-03-13,D-03,Diesel,Diesel,Class6_Box,DUTY_URB_03,D1_Urban,87.1,5.5,2920,0.73,31,137,07:15,12:45,18.2,10.4,Dry,0.0,Completed,0,0.0,26.2,,,,,,,,,None,,Not_Installed_Diesel,Quarter_End,2025-03-13T12:59:00,,2025-05-15T00:00:00
2025-03-13,D-04,Diesel,Diesel,Class6_Box,DUTY_SUB_01,D2_Suburban,135.7,6.6,2720,0.68,14,268,07:00,13:36,17.4,10.4,Dry,0.0,Completed,0,0.0,37.5,,,,,,,,,None,,Not_Installed_Diesel,Quarter_End,2025-03-13T13:59:00,,2025-05-15T00:00:00
2025-03-13,D-05,Diesel,Diesel,Class6_Box,DUTY_SUB_02,D2_Suburban,134.2,6.8,2920,0.73,18,298,07:15,14:03,16.9,10.4,Dry,0.0,Completed,0,0.0,38.5,,,,,,,,,None,,Not_Installed_Diesel,Quarter_End,2025-03-13T14:33:00,,2025-05-15T00:00:00
2025-03-13,D-06,Diesel,Diesel,Class6_Box,DUTY_SUB_03,D2_Suburban,138.2,6.2,2960,0.74,20,324,07:00,13:12,17.8,10.4,Dry,0.0,Completed,0,0.0,38.2,,,,,,,,,None,,Not_Installed_Diesel,Quarter_End,2025-03-13T13:42:00,,2025-05-15T00:00:00
2025-03-13,D-07,Diesel,Diesel,Class6_Box,DUTY_SUB_04,D2_Suburban,137.6,6.3,3200,0.80,12,263,07:15,13:33,17.4,10.4,Dry,0.0,Completed,0,0.0,37.9,,,,,,,,,None,,Not_Installed_Diesel,Quarter_End,2025-03-13T13:59:00,,2025-05-15T00:00:00
2025-03-13,D-08,Diesel,Diesel,Class6_Box,DUTY_REG_01,D3_Regional,209.4,8.1,3080,0.77,7,514,07:00,15:06,15.9,10.4,Dry,0.0,Completed,0,0.0,55.5,,,,,,,,,None,,Not_Installed_Diesel,Quarter_End,2025-03-13T15:36:00,,2025-05-15T00:00:00
2025-03-13,D-09,Diesel,Diesel,Class6_Box,DUTY_REG_02,D3_Regional,210.8,7.7,3120,0.78,3,490,07:00,14:42,16.3,10.4,Dry,0.0,Completed,0,0.0,57.2,,,,,,,,,None,,Not_Installed_Diesel,Quarter_End,2025-03-13T14:59:00,,2025-05-15T00:00:00
2025-03-13,D-10,Diesel,Diesel,Class6_Box,DUTY_REG_03,D3_Regional,213.4,7.6,2800,0.70,8,532,07:00,14:36,16.4,10.4,Dry,0.0,Completed,0,0.0,56.3,,,,,,,,,None,,Not_Installed_Diesel,Quarter_End,2025-03-13T14:59:00,,2025-05-15T00:00:00
2025-03-14,EV-01,Electric,Electric,Class6_Box,DUTY_URB_01,D1_Urban,86.1,5.8,3080,0.77,27,157,07:15,13:03,17.9,5.8,Rain,0.7,Completed,0,0.0,,148.3,10.5,158.8,180.5,100.0,20.6,CHG-01,50.0,Enhanced_Telemetry,148.0,Received_Valid,Immediate_CAN_Bus,2025-03-14T13:33:00,2025-03-14T13:08:00,2025-03-14T13:08:00
2025-03-14,D-02,Diesel,Diesel,Class6_Box,DUTY_URB_02,D1_Urban,84.2,5.6,2840,0.71,26,146,07:30,13:06,17.9,5.8,Rain,0.7,Completed,0,0.0,25.1,,,,,,,,,None,,Not_Installed_Diesel,Quarter_End,2025-03-14T13:36:00,,2025-05-15T00:00:00
2025-03-14,D-03,Diesel,Diesel,Class6_Box,DUTY_URB_03,D1_Urban,87.1,6.1,2600,0.65,29,164,07:30,13:36,17.4,5.8,Rain,0.7,Completed,0,0.0,25.6,,,,,,,,,None,,Not_Installed_Diesel,Quarter_End,2025-03-14T13:59:00,,2025-05-15T00:00:00
2025-03-14,D-04,Diesel,Diesel,Class6_Box,DUTY_SUB_01,D2_Suburban,134.6,6.7,3240,0.81,16,291,07:00,13:42,17.3,5.8,Rain,0.7,Completed,0,0.0,38.0,,,,,,,,,None,,Not_Installed_Diesel,Quarter_End,2025-03-14T13:59:00,,2025-05-15T00:00:00
2025-03-14,D-05,Diesel,Diesel,Class6_Box,DUTY_SUB_02,D2_Suburban,132.2,6.1,2960,0.74,15,272,07:30,13:36,17.4,5.8,Rain,0.7,Completed,0,0.0,38.6,,,,,,,,,None,,Not_Installed_Diesel,Quarter_End,2025-03-14T13:59:00,,2025-05-15T00:00:00
2025-03-14,D-06,Diesel,Diesel,Class6_Box,DUTY_SUB_03,D2_Suburban,138.5,6.4,2760,0.69,15,310,07:00,13:24,17.6,5.8,Rain,0.7,Completed,0,0.0,38.3,,,,,,,,,None,,Not_Installed_Diesel,Quarter_End,2025-03-14T13:54:00,,2025-05-15T00:00:00
2025-03-14,D-07,Diesel,Diesel,Class6_Box,DUTY_SUB_04,D2_Suburban,135.9,6.8,3000,0.75,14,258,07:30,14:18,16.7,5.8,Rain,0.7,Completed,0,0.0,37.7,,,,,,,,,None,,Not_Installed_Diesel,Quarter_End,2025-03-14T14:48:00,,2025-05-15T00:00:00
2025-03-14,D-08,Diesel,Diesel,Class6_Box,DUTY_REG_01,D3_Regional,207.5,7.8,3000,0.75,8,536,07:00,14:48,16.2,5.8,Rain,0.7,Completed,0,0.0,57.0,,,,,,,,,None,,Not_Installed_Diesel,Quarter_End,2025-03-14T14:59:00,,2025-05-15T00:00:00
2025-03-14,D-09,Diesel,Diesel,Class6_Box,DUTY_REG_02,D3_Regional,208.2,7.8,3360,0.84,8,510,07:30,15:18,15.7,5.8,Rain,0.7,Completed,0,0.0,57.2,,,,,,,,,None,,Not_Installed_Diesel,Quarter_End,2025-03-14T15:48:00,,2025-05-15T00:00:00
2025-03-14,D-10,Diesel,Diesel,Class6_Box,DUTY_REG_03,D3_Regional,210.4,8.1,2640,0.66,6,530,07:30,15:36,15.4,5.8,Rain,0.7,Late,0,0.0,57.4,,,,,,,,,None,,Not_Installed_Diesel,Quarter_End,2025-03-14T15:59:00,,2025-05-15T00:00:00
2025-03-17,EV-01,Electric,Electric,Class6_Box,DUTY_URB_01,D1_Urban,88.8,5.6,2960,0.74,27,146,07:15,12:51,18.1,4.3,Dry,0.0,Completed,0,0.0,,155.3,11.1,166.4,189.1,100.0,16.8,CHG-01,50.0,Enhanced_Telemetry,154.7,Received_Valid,Immediate_CAN_Bus,2025-03-17T12:59:00,2025-03-17T12:56:00,2025-03-17T12:56:00
2025-03-17,D-02,Diesel,Diesel,Class6_Box,DUTY_URB_02,D1_Urban,86.5,5.9,3040,0.76,25,150,07:00,12:54,18.1,4.3,Dry,0.0,Completed,0,0.0,26.1,,,,,,,,,None,,Not_Installed_Diesel,Quarter_End,2025-03-17T12:59:00,,2025-05-15T00:00:00
2025-03-17,D-03,Diesel,Diesel,Class6_Box,DUTY_URB_03,D1_Urban,88.2,5.9,3120,0.78,30,154,07:00,12:54,18.1,4.3,Dry,0.0,Outsourced,1,180.0,,,,,,,,,,None,,Not_Applicable_Outsourced,Quarter_End,2025-03-17T12:59:00,,2025-03-17T12:59:00
2025-03-17,D-04,Diesel,Diesel,Class6_Box,DUTY_SUB_01,D2_Suburban,132.9,6.1,2600,0.65,13,300,07:00,13:06,17.9,4.3,Dry,0.0,Completed,0,0.0,37.7,,,,,,,,,None,,Not_Installed_Diesel,Quarter_End,2025-03-17T13:36:00,,2025-05-15T00:00:00
2025-03-17,D-05,Diesel,Diesel,Class6_Box,DUTY_SUB_02,D2_Suburban,133.2,6.3,2720,0.68,13,275,07:00,13:18,17.7,4.3,Dry,0.0,Completed,0,0.0,38.3,,,,,,,,,None,,Not_Installed_Diesel,Quarter_End,2025-03-17T13:48:00,,2025-05-15T00:00:00
2025-03-17,D-06,Diesel,Diesel,Class6_Box,DUTY_SUB_03,D2_Suburban,136.6,6.8,2920,0.73,19,325,07:30,14:18,16.7,4.3,Dry,0.0,Completed,0,0.0,39.2,,,,,,,,,None,,Not_Installed_Diesel,Quarter_End,2025-03-17T14:48:00,,2025-05-15T00:00:00
2025-03-17,D-07,Diesel,Diesel,Class6_Box,DUTY_SUB_04,D2_Suburban,131.3,6.6,2880,0.72,15,268,07:15,13:51,17.1,4.3,Dry,0.0,Completed,0,0.0,37.8,,,,,,,,,None,,Not_Installed_Diesel,Quarter_End,2025-03-17T13:59:00,,2025-05-15T00:00:00
2025-03-17,D-08,Diesel,Diesel,Class6_Box,DUTY_REG_01,D3_Regional,210.6,7.5,2920,0.73,3,530,07:30,15:00,16.0,4.3,Dry,0.0,Completed,0,0.0,56.5,,,,,,,,,None,,Not_Installed_Diesel,Quarter_End,2025-03-17T15:30:00,,2025-05-15T00:00:00
2025-03-17,D-09,Diesel,Diesel,Class6_Box,DUTY_REG_02,D3_Regional,206.8,7.1,3080,0.77,2,482,07:00,14:06,16.9,4.3,Dry,0.0,Completed,0,0.0,57.1,,,,,,,,,None,,Not_Installed_Diesel,Quarter_End,2025-03-17T14:36:00,,2025-05-15T00:00:00
2025-03-17,D-10,Diesel,Diesel,Class6_Box,DUTY_REG_03,D3_Regional,212.5,8.0,3000,0.75,5,563,07:30,15:30,15.5,4.3,Dry,0.0,Completed,0,0.0,55.8,,,,,,,,,None,,Not_Installed_Diesel,Quarter_End,2025-03-17T15:59:00,,2025-05-15T00:00:00
2025-03-18,EV-01,Electric,Electric,Class6_Box,DUTY_URB_01,D1_Urban,85.0,5.7,3320,0.83,28,124,07:30,13:12,17.8,10.3,Rain,2.8,Completed,0,0.0,,149.6,8.5,158.1,179.7,100.0,21.0,CHG-01,50.0,Enhanced_Telemetry,149.2,Received_Valid,Immediate_CAN_Bus,2025-03-18T13:42:00,2025-03-18T13:17:00,2025-03-18T13:17:00
2025-03-18,D-02,Diesel,Diesel,Class6_Box,DUTY_URB_02,D1_Urban,83.2,5.5,2440,0.61,28,144,07:15,12:45,18.2,10.3,Rain,2.8,Completed,0,0.0,26.4,,,,,,,,,None,,Not_Installed_Diesel,Quarter_End,2025-03-18T12:59:00,,2025-05-15T00:00:00
2025-03-18,D-03,Diesel,Diesel,Class6_Box,DUTY_URB_03,D1_Urban,84.7,6.4,2760,0.69,30,147,07:30,13:54,17.1,10.3,Rain,2.8,Completed,0,0.0,26.5,,,,,,,,,None,,Not_Installed_Diesel,Quarter_End,2025-03-18T13:59:00,,2025-05-15T00:00:00
2025-03-18,D-04,Diesel,Diesel,Class6_Box,DUTY_SUB_01,D2_Suburban,133.4,6.3,2760,0.69,14,267,07:00,13:18,17.7,10.3,Rain,2.8,Completed,0,0.0,38.0,,,,,,,,,None,,Not_Installed_Diesel,Quarter_End,2025-03-18T13:48:00,,2025-05-15T00:00:00
2025-03-18,D-05,Diesel,Diesel,Class6_Box,DUTY_SUB_02,D2_Suburban,132.5,5.9,2280,0.57,13,293,07:30,13:24,17.6,10.3,Rain,2.8,Completed,0,0.0,37.5,,,,,,,,,None,,Not_Installed_Diesel,Quarter_End,2025-03-18T13:54:00,,2025-05-15T00:00:00
2025-03-18,D-06,Diesel,Diesel,Class6_Box,DUTY_SUB_03,D2_Suburban,136.0,6.6,2920,0.73,19,324,07:30,14:06,16.9,10.3,Rain,2.8,Completed,0,0.0,37.9,,,,,,,,,None,,Not_Installed_Diesel,Quarter_End,2025-03-18T14:36:00,,2025-05-15T00:00:00
2025-03-18,D-07,Diesel,Diesel,Class6_Box,DUTY_SUB_04,D2_Suburban,134.6,6.4,2800,0.70,15,283,07:15,13:39,17.4,10.3,Rain,2.8,Completed,0,0.0,37.6,,,,,,,,,None,,Not_Installed_Diesel,Quarter_End,2025-03-18T13:59:00,,2025-05-15T00:00:00
2025-03-18,D-08,Diesel,Diesel,Class6_Box,DUTY_REG_01,D3_Regional,211.7,7.7,2920,0.73,3,538,07:30,15:12,15.8,10.3,Rain,2.8,Completed,0,0.0,56.0,,,,,,,,,None,,Not_Installed_Diesel,Quarter_End,2025-03-18T15:42:00,,2025-05-15T00:00:00
2025-03-18,D-09,Diesel,Diesel,Class6_Box,DUTY_REG_02,D3_Regional,210.1,7.4,2680,0.67,2,502,07:30,14:54,16.1,10.3,Rain,2.8,Completed,0,0.0,56.7,,,,,,,,,None,,Not_Installed_Diesel,Quarter_End,2025-03-18T14:59:00,,2025-05-15T00:00:00
2025-03-18,D-10,Diesel,Diesel,Class6_Box,DUTY_REG_03,D3_Regional,212.8,7.7,3040,0.76,6,552,07:15,14:57,16.1,10.3,Rain,2.8,Completed,0,0.0,56.7,,,,,,,,,None,,Not_Installed_Diesel,Quarter_End,2025-03-18T14:59:00,,2025-05-15T00:00:00
2025-03-19,EV-01,Electric,Electric,Class6_Box,DUTY_URB_01,D1_Urban,83.3,5.9,2840,0.71,28,147,07:30,13:24,17.6,7.8,Cold_Wind,0.0,Completed,0,0.0,,142.2,9.6,151.8,172.5,100.0,24.1,CHG-01,50.0,Enhanced_Telemetry,142.0,Received_Valid,Immediate_CAN_Bus,2025-03-19T13:54:00,2025-03-19T13:29:00,2025-03-19T13:29:00
2025-03-19,D-02,Diesel,Diesel,Class6_Box,DUTY_URB_02,D1_Urban,84.3,6.0,2760,0.69,28,120,07:00,13:00,18.0,7.8,Cold_Wind,0.0,Completed,0,0.0,25.9,,,,,,,,,None,,Not_Installed_Diesel,Quarter_End,2025-03-19T13:30:00,,2025-05-15T00:00:00
2025-03-19,D-03,Diesel,Diesel,Class6_Box,DUTY_URB_03,D1_Urban,86.3,6.0,2800,0.70,32,143,07:15,13:15,17.8,7.8,Cold_Wind,0.0,Completed,0,0.0,25.5,,,,,,,,,None,,Not_Installed_Diesel,Quarter_End,2025-03-19T13:45:00,,2025-05-15T00:00:00
2025-03-19,D-04,Diesel,Diesel,Class6_Box,DUTY_SUB_01,D2_Suburban,134.1,6.4,3480,0.87,19,300,07:15,13:39,17.4,7.8,Cold_Wind,0.0,Completed,0,0.0,38.1,,,,,,,,,None,,Not_Installed_Diesel,Quarter_End,2025-03-19T13:59:00,,2025-05-15T00:00:00
2025-03-19,D-05,Diesel,Diesel,Class6_Box,DUTY_SUB_02,D2_Suburban,138.0,6.6,2680,0.67,15,274,07:15,13:51,17.1,7.8,Cold_Wind,0.0,Completed,0,0.0,37.1,,,,,,,,,None,,Not_Installed_Diesel,Quarter_End,2025-03-19T13:59:00,,2025-05-15T00:00:00
2025-03-19,D-06,Diesel,Diesel,Class6_Box,DUTY_SUB_03,D2_Suburban,136.4,6.3,2840,0.71,20,306,07:00,13:18,17.7,7.8,Cold_Wind,0.0,Completed,0,0.0,38.0,,,,,,,,,None,,Not_Installed_Diesel,Quarter_End,2025-03-19T13:48:00,,2025-05-15T00:00:00
2025-03-19,D-07,Diesel,Diesel,Class6_Box,DUTY_SUB_04,D2_Suburban,133.9,6.8,2800,0.70,13,258,07:00,13:48,17.2,7.8,Cold_Wind,0.0,Completed,0,0.0,38.5,,,,,,,,,None,,Not_Installed_Diesel,Quarter_End,2025-03-19T13:59:00,,2025-05-15T00:00:00
2025-03-19,D-08,Diesel,Diesel,Class6_Box,DUTY_REG_01,D3_Regional,211.7,8.1,2560,0.64,8,519,07:15,15:21,15.7,7.8,Cold_Wind,0.0,Completed,0,0.0,57.2,,,,,,,,,None,,Not_Installed_Diesel,Quarter_End,2025-03-19T15:51:00,,2025-05-15T00:00:00
2025-03-19,D-09,Diesel,Diesel,Class6_Box,DUTY_REG_02,D3_Regional,206.8,7.7,2600,0.65,5,496,07:00,14:42,16.3,7.8,Cold_Wind,0.0,Completed,0,0.0,57.0,,,,,,,,,None,,Not_Installed_Diesel,Quarter_End,2025-03-19T14:59:00,,2025-05-15T00:00:00
2025-03-19,D-10,Diesel,Diesel,Class6_Box,DUTY_REG_03,D3_Regional,209.8,8.4,2760,0.69,9,565,07:30,15:54,15.1,7.8,Cold_Wind,0.0,Completed,0,0.0,56.9,,,,,,,,,None,,Not_Installed_Diesel,Quarter_End,2025-03-19T15:59:00,,2025-05-15T00:00:00
2025-03-20,EV-01,Electric,Electric,Class6_Box,DUTY_URB_01,D1_Urban,83.5,5.8,3080,0.77,29,128,07:30,13:18,17.7,14.0,Dry,0.0,Completed,0,0.0,,139.4,5.3,144.7,164.4,100.0,27.7,CHG-01,50.0,Enhanced_Telemetry,139.2,Received_Valid,Immediate_CAN_Bus,2025-03-20T13:48:00,2025-03-20T13:23:00,2025-03-20T13:23:00
2025-03-20,D-02,Diesel,Diesel,Class6_Box,DUTY_URB_02,D1_Urban,87.3,6.0,3160,0.79,30,129,07:15,13:15,17.8,14.0,Dry,0.0,Completed,0,0.0,26.0,,,,,,,,,None,,Not_Installed_Diesel,Quarter_End,2025-03-20T13:45:00,,2025-05-15T00:00:00
2025-03-20,D-03,Diesel,Diesel,Class6_Box,DUTY_URB_03,D1_Urban,86.0,5.5,3200,0.80,29,137,07:30,13:00,18.0,14.0,Dry,0.0,Completed,0,0.0,26.0,,,,,,,,,None,,Not_Installed_Diesel,Quarter_End,2025-03-20T13:30:00,,2025-05-15T00:00:00
2025-03-20,D-04,Diesel,Diesel,Class6_Box,DUTY_SUB_01,D2_Suburban,134.4,6.5,2960,0.74,17,273,07:30,14:00,17.0,14.0,Dry,0.0,Completed,0,0.0,38.0,,,,,,,,,None,,Not_Installed_Diesel,Quarter_End,2025-03-20T14:30:00,,2025-05-15T00:00:00
2025-03-20,D-05,Diesel,Diesel,Class6_Box,DUTY_SUB_02,D2_Suburban,136.6,6.4,2960,0.74,13,302,07:30,13:54,17.1,14.0,Dry,0.0,Completed,0,0.0,38.2,,,,,,,,,None,,Not_Installed_Diesel,Quarter_End,2025-03-20T13:59:00,,2025-05-15T00:00:00
2025-03-20,D-06,Diesel,Diesel,Class6_Box,DUTY_SUB_03,D2_Suburban,136.1,6.5,3400,0.85,18,290,07:30,14:00,17.0,14.0,Dry,0.0,Completed,0,0.0,37.8,,,,,,,,,None,,Not_Installed_Diesel,Quarter_End,2025-03-20T14:30:00,,2025-05-15T00:00:00
2025-03-20,D-07,Diesel,Diesel,Class6_Box,DUTY_SUB_04,D2_Suburban,131.3,6.7,3120,0.78,12,277,07:30,14:12,16.8,14.0,Dry,0.0,Completed,0,0.0,38.0,,,,,,,,,None,,Not_Installed_Diesel,Quarter_End,2025-03-20T14:42:00,,2025-05-15T00:00:00
2025-03-20,D-08,Diesel,Diesel,Class6_Box,DUTY_REG_01,D3_Regional,210.6,7.8,2520,0.63,7,502,07:00,14:48,16.2,14.0,Dry,0.0,Completed,0,0.0,57.5,,,,,,,,,None,,Not_Installed_Diesel,Quarter_End,2025-03-20T14:59:00,,2025-05-15T00:00:00
2025-03-20,D-09,Diesel,Diesel,Class6_Box,DUTY_REG_02,D3_Regional,206.4,7.8,2920,0.73,4,497,07:15,15:03,15.9,14.0,Dry,0.0,Completed,0,0.0,56.5,,,,,,,,,None,,Not_Installed_Diesel,Quarter_End,2025-03-20T15:33:00,,2025-05-15T00:00:00
2025-03-20,D-10,Diesel,Diesel,Class6_Box,DUTY_REG_03,D3_Regional,209.6,7.5,2840,0.71,4,539,07:15,14:45,16.2,14.0,Dry,0.0,Completed,0,0.0,57.5,,,,,,,,,None,,Not_Installed_Diesel,Quarter_End,2025-03-20T14:59:00,,2025-05-15T00:00:00
2025-03-21,EV-01,Electric,Electric,Class6_Box,DUTY_URB_01,D1_Urban,86.6,5.8,3200,0.80,31,145,07:30,13:18,17.7,7.7,Dry,0.0,Completed,0,0.0,,156.2,8.4,164.6,187.0,100.0,17.7,CHG-01,50.0,Enhanced_Telemetry,156.2,Received_Valid,Immediate_CAN_Bus,2025-03-21T13:48:00,2025-03-21T13:23:00,2025-03-21T13:23:00
2025-03-21,D-02,Diesel,Diesel,Class6_Box,DUTY_URB_02,D1_Urban,82.8,5.9,2800,0.70,30,153,07:15,13:09,17.9,7.7,Dry,0.0,Completed,0,0.0,26.0,,,,,,,,,None,,Not_Installed_Diesel,Quarter_End,2025-03-21T13:39:00,,2025-05-15T00:00:00
2025-03-21,D-03,Diesel,Diesel,Class6_Box,DUTY_URB_03,D1_Urban,86.0,6.5,2840,0.71,29,131,07:15,13:45,17.2,7.7,Dry,0.0,Completed,0,0.0,25.5,,,,,,,,,None,,Not_Installed_Diesel,Quarter_End,2025-03-21T13:59:00,,2025-05-15T00:00:00
2025-03-21,D-04,Diesel,Diesel,Class6_Box,DUTY_SUB_01,D2_Suburban,133.1,6.5,2920,0.73,19,293,07:15,13:45,17.2,7.7,Dry,0.0,Completed,0,0.0,37.3,,,,,,,,,None,,Not_Installed_Diesel,Quarter_End,2025-03-21T13:59:00,,2025-05-15T00:00:00
2025-03-21,D-05,Diesel,Diesel,Class6_Box,DUTY_SUB_02,D2_Suburban,136.4,6.3,3360,0.84,18,272,07:00,13:18,17.7,7.7,Dry,0.0,Completed,0,0.0,37.7,,,,,,,,,None,,Not_Installed_Diesel,Quarter_End,2025-03-21T13:48:00,,2025-05-15T00:00:00
2025-03-21,D-06,Diesel,Diesel,Class6_Box,DUTY_SUB_03,D2_Suburban,136.1,6.7,2720,0.68,19,300,07:15,13:57,17.1,7.7,Dry,0.0,Completed,0,0.0,38.4,,,,,,,,,None,,Not_Installed_Diesel,Quarter_End,2025-03-21T13:59:00,,2025-05-15T00:00:00
2025-03-21,D-07,Diesel,Diesel,Class6_Box,DUTY_SUB_04,D2_Suburban,133.4,6.4,2760,0.69,14,285,07:00,13:24,17.6,7.7,Dry,0.0,Completed,0,0.0,37.5,,,,,,,,,None,,Not_Installed_Diesel,Quarter_End,2025-03-21T13:54:00,,2025-05-15T00:00:00
2025-03-21,D-08,Diesel,Diesel,Class6_Box,DUTY_REG_01,D3_Regional,208.9,7.8,2920,0.73,3,508,07:15,15:03,15.9,7.7,Dry,0.0,Completed,0,0.0,57.0,,,,,,,,,None,,Not_Installed_Diesel,Quarter_End,2025-03-21T15:33:00,,2025-05-15T00:00:00
2025-03-21,D-09,Diesel,Diesel,Class6_Box,DUTY_REG_02,D3_Regional,207.5,7.9,2800,0.70,4,473,07:30,15:24,15.6,7.7,Dry,0.0,Completed,0,0.0,57.0,,,,,,,,,None,,Not_Installed_Diesel,Quarter_End,2025-03-21T15:54:00,,2025-05-15T00:00:00
2025-03-21,D-10,Diesel,Diesel,Class6_Box,DUTY_REG_03,D3_Regional,211.3,7.8,2880,0.72,9,557,07:30,15:18,15.7,7.7,Dry,0.0,Completed,0,0.0,56.9,,,,,,,,,None,,Not_Installed_Diesel,Quarter_End,2025-03-21T15:48:00,,2025-05-15T00:00:00
2025-03-24,EV-01,Electric,Electric,Class6_Box,DUTY_URB_01,D1_Urban,83.6,5.7,3160,0.79,27,151,07:15,12:57,18.1,9.6,Dry,0.0,Completed,0,0.0,,149.4,7.6,157.0,178.4,100.0,21.5,CHG-01,50.0,Enhanced_Telemetry,149.4,Received_Valid,Immediate_CAN_Bus,2025-03-24T12:59:00,2025-03-24T12:59:00,2025-03-24T12:59:00
2025-03-24,D-02,Diesel,Diesel,Class6_Box,DUTY_URB_02,D1_Urban,85.8,5.8,3200,0.80,31,119,07:30,13:18,17.7,9.6,Dry,0.0,Completed,0,0.0,26.2,,,,,,,,,None,,Not_Installed_Diesel,Quarter_End,2025-03-24T13:48:00,,2025-05-15T00:00:00
2025-03-24,D-03,Diesel,Diesel,Class6_Box,DUTY_URB_03,D1_Urban,88.3,5.8,2720,0.68,33,131,07:30,13:18,17.7,9.6,Dry,0.0,Completed,0,0.0,25.8,,,,,,,,,None,,Not_Installed_Diesel,Quarter_End,2025-03-24T13:48:00,,2025-05-15T00:00:00
2025-03-24,D-04,Diesel,Diesel,Class6_Box,DUTY_SUB_01,D2_Suburban,131.5,6.5,2640,0.66,17,280,07:00,13:30,17.5,9.6,Dry,0.0,Completed,0,0.0,37.7,,,,,,,,,None,,Not_Installed_Diesel,Quarter_End,2025-03-24T13:59:00,,2025-05-15T00:00:00
2025-03-24,D-05,Diesel,Diesel,Class6_Box,DUTY_SUB_02,D2_Suburban,133.5,6.3,2520,0.63,13,306,07:30,13:48,17.2,9.6,Dry,0.0,Completed,0,0.0,38.2,,,,,,,,,None,,Not_Installed_Diesel,Quarter_End,2025-03-24T13:59:00,,2025-05-15T00:00:00
2025-03-24,D-06,Diesel,Diesel,Class6_Box,DUTY_SUB_03,D2_Suburban,132.7,7.0,2720,0.68,14,323,07:00,14:00,17.0,9.6,Dry,0.0,Completed,0,0.0,38.4,,,,,,,,,None,,Not_Installed_Diesel,Quarter_End,2025-03-24T14:30:00,,2025-05-15T00:00:00
2025-03-24,D-07,Diesel,Diesel,Class6_Box,DUTY_SUB_04,D2_Suburban,134.1,6.9,2960,0.74,11,295,07:15,14:09,16.9,9.6,Dry,0.0,Completed,0,0.0,37.6,,,,,,,,,None,,Not_Installed_Diesel,Quarter_End,2025-03-24T14:39:00,,2025-05-15T00:00:00
2025-03-24,D-08,Diesel,Diesel,Class6_Box,DUTY_REG_01,D3_Regional,210.5,7.8,3320,0.83,6,531,07:30,15:18,15.7,9.6,Dry,0.0,Completed,0,0.0,56.7,,,,,,,,,None,,Not_Installed_Diesel,Quarter_End,2025-03-24T15:48:00,,2025-05-15T00:00:00
2025-03-24,D-09,Diesel,Diesel,Class6_Box,DUTY_REG_02,D3_Regional,208.9,7.5,2840,0.71,6,481,07:30,15:00,16.0,9.6,Dry,0.0,Completed,0,0.0,57.4,,,,,,,,,None,,Not_Installed_Diesel,Quarter_End,2025-03-24T15:30:00,,2025-05-15T00:00:00
2025-03-24,D-10,Diesel,Diesel,Class6_Box,DUTY_REG_03,D3_Regional,213.2,8.1,2720,0.68,6,535,07:15,15:21,15.7,9.6,Dry,0.0,Completed,0,0.0,57.0,,,,,,,,,None,,Not_Installed_Diesel,Quarter_End,2025-03-24T15:51:00,,2025-05-15T00:00:00
2025-03-25,EV-01,Electric,Electric,Class6_Box,DUTY_URB_01,D1_Urban,81.6,5.7,2880,0.72,33,153,07:00,12:42,18.3,8.9,Rain,1.6,Completed,0,0.0,,150.1,8.2,158.3,179.9,100.0,20.8,CHG-01,50.0,Enhanced_Telemetry,149.6,Received_Valid,Immediate_CAN_Bus,2025-03-25T12:59:00,2025-03-25T12:47:00,2025-03-25T12:47:00
2025-03-25,D-02,Diesel,Diesel,Class6_Box,DUTY_URB_02,D1_Urban,81.9,5.7,2320,0.58,26,124,07:00,12:42,18.3,8.9,Rain,1.6,Completed,0,0.0,25.7,,,,,,,,,None,,Not_Installed_Diesel,Quarter_End,2025-03-25T12:59:00,,2025-05-15T00:00:00
2025-03-25,D-03,Diesel,Diesel,Class6_Box,DUTY_URB_03,D1_Urban,82.4,6.3,2560,0.64,31,159,07:15,13:33,17.4,8.9,Rain,1.6,Completed,0,0.0,25.4,,,,,,,,,None,,Not_Installed_Diesel,Quarter_End,2025-03-25T13:59:00,,2025-05-15T00:00:00
2025-03-25,D-04,Diesel,Diesel,Class6_Box,DUTY_SUB_01,D2_Suburban,130.7,6.7,2800,0.70,19,263,07:30,14:12,16.8,8.9,Rain,1.6,Completed,0,0.0,38.3,,,,,,,,,None,,Not_Installed_Diesel,Quarter_End,2025-03-25T14:42:00,,2025-05-15T00:00:00
2025-03-25,D-05,Diesel,Diesel,Class6_Box,DUTY_SUB_02,D2_Suburban,137.2,6.3,3040,0.76,16,285,07:15,13:33,17.4,8.9,Rain,1.6,Completed,0,0.0,38.6,,,,,,,,,None,,Not_Installed_Diesel,Quarter_End,2025-03-25T13:59:00,,2025-05-15T00:00:00
2025-03-25,D-06,Diesel,Diesel,Class6_Box,DUTY_SUB_03,D2_Suburban,134.8,6.7,2760,0.69,17,330,07:15,13:57,17.1,8.9,Rain,1.6,Completed,0,0.0,37.9,,,,,,,,,None,,Not_Installed_Diesel,Quarter_End,2025-03-25T13:59:00,,2025-05-15T00:00:00
2025-03-25,D-07,Diesel,Diesel,Class6_Box,DUTY_SUB_04,D2_Suburban,137.4,6.4,2800,0.70,14,276,07:00,13:24,17.6,8.9,Rain,1.6,Completed,0,0.0,37.4,,,,,,,,,None,,Not_Installed_Diesel,Quarter_End,2025-03-25T13:54:00,,2025-05-15T00:00:00
2025-03-25,D-08,Diesel,Diesel,Class6_Box,DUTY_REG_01,D3_Regional,212.0,7.8,2600,0.65,3,503,07:30,15:18,15.7,8.9,Rain,1.6,Completed,0,0.0,56.6,,,,,,,,,None,,Not_Installed_Diesel,Quarter_End,2025-03-25T15:48:00,,2025-05-15T00:00:00
2025-03-25,D-09,Diesel,Diesel,Class6_Box,DUTY_REG_02,D3_Regional,208.2,7.8,2240,0.56,3,485,07:30,15:18,15.7,8.9,Rain,1.6,Completed,0,0.0,57.0,,,,,,,,,None,,Not_Installed_Diesel,Quarter_End,2025-03-25T15:48:00,,2025-05-15T00:00:00
2025-03-25,D-10,Diesel,Diesel,Class6_Box,DUTY_REG_03,D3_Regional,210.5,7.9,2680,0.67,9,567,07:15,15:09,15.8,8.9,Rain,1.6,Completed,0,0.0,57.0,,,,,,,,,None,,Not_Installed_Diesel,Quarter_End,2025-03-25T15:39:00,,2025-05-15T00:00:00
2025-03-26,EV-01,Electric,Electric,Class6_Box,DUTY_URB_01,D1_Urban,86.0,5.7,2680,0.67,27,155,07:00,12:42,18.3,6.4,Dry,0.0,Completed,0,0.0,,146.6,11.2,157.8,179.3,100.0,21.1,CHG-01,50.0,Enhanced_Telemetry,146.5,Received_Valid,Immediate_CAN_Bus,2025-03-26T12:59:00,2025-03-26T12:47:00,2025-03-26T12:47:00
2025-03-26,D-02,Diesel,Diesel,Class6_Box,DUTY_URB_02,D1_Urban,86.1,5.7,3000,0.75,27,125,07:30,13:12,17.8,6.4,Dry,0.0,Completed,0,0.0,26.0,,,,,,,,,None,,Not_Installed_Diesel,Quarter_End,2025-03-26T13:42:00,,2025-05-15T00:00:00
2025-03-26,D-03,Diesel,Diesel,Class6_Box,DUTY_URB_03,D1_Urban,87.6,6.2,2800,0.70,30,142,07:00,13:12,17.8,6.4,Dry,0.0,Completed,0,0.0,26.0,,,,,,,,,None,,Not_Installed_Diesel,Quarter_End,2025-03-26T13:42:00,,2025-05-15T00:00:00
2025-03-26,D-04,Diesel,Diesel,Class6_Box,DUTY_SUB_01,D2_Suburban,131.4,6.6,3280,0.82,13,278,07:15,13:51,17.1,6.4,Dry,0.0,Completed,0,0.0,38.5,,,,,,,,,None,,Not_Installed_Diesel,Quarter_End,2025-03-26T13:59:00,,2025-05-15T00:00:00
2025-03-26,D-05,Diesel,Diesel,Class6_Box,DUTY_SUB_02,D2_Suburban,131.4,6.6,2720,0.68,17,295,07:30,14:06,16.9,6.4,Dry,0.0,Completed,0,0.0,37.7,,,,,,,,,None,,Not_Installed_Diesel,Quarter_End,2025-03-26T14:36:00,,2025-05-15T00:00:00
2025-03-26,D-06,Diesel,Diesel,Class6_Box,DUTY_SUB_03,D2_Suburban,135.8,6.4,2920,0.73,18,328,07:30,13:54,17.1,6.4,Dry,0.0,Completed,0,0.0,38.5,,,,,,,,,None,,Not_Installed_Diesel,Quarter_End,2025-03-26T13:59:00,,2025-05-15T00:00:00
2025-03-26,D-07,Diesel,Diesel,Class6_Box,DUTY_SUB_04,D2_Suburban,132.2,7.0,2720,0.68,15,257,07:30,14:30,16.5,6.4,Dry,0.0,Completed,0,0.0,38.5,,,,,,,,,None,,Not_Installed_Diesel,Quarter_End,2025-03-26T14:59:00,,2025-05-15T00:00:00
2025-03-26,D-08,Diesel,Diesel,Class6_Box,DUTY_REG_01,D3_Regional,211.5,7.8,3080,0.77,4,531,07:15,15:03,15.9,6.4,Dry,0.0,Completed,0,0.0,57.9,,,,,,,,,None,,Not_Installed_Diesel,Quarter_End,2025-03-26T15:33:00,,2025-05-15T00:00:00
2025-03-26,D-09,Diesel,Diesel,Class6_Box,DUTY_REG_02,D3_Regional,208.4,7.9,2840,0.71,3,490,07:00,14:54,16.1,6.4,Dry,0.0,Completed,0,0.0,56.5,,,,,,,,,None,,Not_Installed_Diesel,Quarter_End,2025-03-26T14:59:00,,2025-05-15T00:00:00
2025-03-26,D-10,Diesel,Diesel,Class6_Box,DUTY_REG_03,D3_Regional,212.4,8.0,3120,0.78,5,559,07:15,15:15,15.8,6.4,Dry,0.0,Completed,0,0.0,56.9,,,,,,,,,None,,Not_Installed_Diesel,Quarter_End,2025-03-26T15:45:00,,2025-05-15T00:00:00
2025-03-27,EV-01,Electric,Electric,Class6_Box,DUTY_URB_01,D1_Urban,84.2,5.8,2960,0.74,32,129,07:15,13:03,17.9,8.0,Cold_Wind,0.0,Completed,0,0.0,,148.4,10.2,158.6,180.2,100.0,20.7,CHG-01,50.0,Enhanced_Telemetry,148.7,Received_Valid,Immediate_CAN_Bus,2025-03-27T13:33:00,2025-03-27T13:08:00,2025-03-27T13:08:00
2025-03-27,D-02,Diesel,Diesel,Class6_Box,DUTY_URB_02,D1_Urban,88.3,5.1,2560,0.64,29,151,07:00,12:06,18.9,8.0,Cold_Wind,0.0,Completed,0,0.0,24.9,,,,,,,,,None,,Not_Installed_Diesel,Quarter_End,2025-03-27T12:36:00,,2025-05-15T00:00:00
2025-03-27,D-03,Diesel,Diesel,Class6_Box,DUTY_URB_03,D1_Urban,84.4,5.6,2400,0.60,32,148,07:15,12:51,18.1,8.0,Cold_Wind,0.0,Completed,0,0.0,25.3,,,,,,,,,None,,Not_Installed_Diesel,Quarter_End,2025-03-27T12:59:00,,2025-05-15T00:00:00
2025-03-27,D-04,Diesel,Diesel,Class6_Box,DUTY_SUB_01,D2_Suburban,132.3,6.4,2880,0.72,13,299,07:15,13:39,17.4,8.0,Cold_Wind,0.0,Completed,0,0.0,36.6,,,,,,,,,None,,Not_Installed_Diesel,Quarter_End,2025-03-27T13:59:00,,2025-05-15T00:00:00
2025-03-27,D-05,Diesel,Diesel,Class6_Box,DUTY_SUB_02,D2_Suburban,137.5,6.6,2880,0.72,14,273,07:30,14:06,16.9,8.0,Cold_Wind,0.0,Completed,0,0.0,38.8,,,,,,,,,None,,Not_Installed_Diesel,Quarter_End,2025-03-27T14:36:00,,2025-05-15T00:00:00
2025-03-27,D-06,Diesel,Diesel,Class6_Box,DUTY_SUB_03,D2_Suburban,135.2,6.7,2760,0.69,20,315,07:15,13:57,17.1,8.0,Cold_Wind,0.0,Completed,0,0.0,38.2,,,,,,,,,None,,Not_Installed_Diesel,Quarter_End,2025-03-27T13:59:00,,2025-05-15T00:00:00
2025-03-27,D-07,Diesel,Diesel,Class6_Box,DUTY_SUB_04,D2_Suburban,138.9,6.2,2800,0.70,15,263,07:15,13:27,17.6,8.0,Cold_Wind,0.0,Completed,0,0.0,37.2,,,,,,,,,None,,Not_Installed_Diesel,Quarter_End,2025-03-27T13:57:00,,2025-05-15T00:00:00
2025-03-27,D-08,Diesel,Diesel,Class6_Box,DUTY_REG_01,D3_Regional,210.3,7.8,2440,0.61,7,511,07:15,15:03,15.9,8.0,Cold_Wind,0.0,Completed,0,0.0,56.7,,,,,,,,,None,,Not_Installed_Diesel,Quarter_End,2025-03-27T15:33:00,,2025-05-15T00:00:00
2025-03-27,D-09,Diesel,Diesel,Class6_Box,DUTY_REG_02,D3_Regional,207.6,7.1,2800,0.70,6,510,07:15,14:21,16.6,8.0,Cold_Wind,0.0,Completed,0,0.0,57.0,,,,,,,,,None,,Not_Installed_Diesel,Quarter_End,2025-03-27T14:51:00,,2025-05-15T00:00:00
2025-03-27,D-10,Diesel,Diesel,Class6_Box,DUTY_REG_03,D3_Regional,212.8,8.1,2640,0.66,6,566,07:00,15:06,15.9,8.0,Cold_Wind,0.0,Completed,0,0.0,56.8,,,,,,,,,None,,Not_Installed_Diesel,Quarter_End,2025-03-27T15:36:00,,2025-05-15T00:00:00
2025-03-28,EV-01,Electric,Electric,Class6_Box,DUTY_URB_01,D1_Urban,84.4,5.4,2520,0.63,29,136,07:00,12:24,18.6,4.1,Dry,0.0,Completed,0,0.0,,144.6,12.4,157.0,178.4,100.0,21.5,CHG-01,50.0,Enhanced_Telemetry,145.1,Received_Valid,Immediate_CAN_Bus,2025-03-28T12:54:00,2025-03-28T12:29:00,2025-03-28T12:29:00
2025-03-28,D-02,Diesel,Diesel,Class6_Box,DUTY_URB_02,D1_Urban,86.1,5.9,2720,0.68,29,144,07:30,13:24,17.6,4.1,Dry,0.0,Completed,0,0.0,26.5,,,,,,,,,None,,Not_Installed_Diesel,Quarter_End,2025-03-28T13:54:00,,2025-05-15T00:00:00
2025-03-28,D-03,Diesel,Diesel,Class6_Box,DUTY_URB_03,D1_Urban,90.0,6.2,2840,0.71,31,131,07:15,13:27,17.6,4.1,Dry,0.0,Completed,0,0.0,25.2,,,,,,,,,None,,Not_Installed_Diesel,Quarter_End,2025-03-28T13:57:00,,2025-05-15T00:00:00
2025-03-28,D-04,Diesel,Diesel,Class6_Box,DUTY_SUB_01,D2_Suburban,130.6,6.2,2720,0.68,17,299,07:15,13:27,17.6,4.1,Dry,0.0,Completed,0,0.0,37.0,,,,,,,,,None,,Not_Installed_Diesel,Quarter_End,2025-03-28T13:57:00,,2025-05-15T00:00:00
2025-03-28,D-05,Diesel,Diesel,Class6_Box,DUTY_SUB_02,D2_Suburban,136.2,6.9,3000,0.75,17,282,07:30,14:24,16.6,4.1,Dry,0.0,Completed,0,0.0,38.2,,,,,,,,,None,,Not_Installed_Diesel,Quarter_End,2025-03-28T14:54:00,,2025-05-15T00:00:00
2025-03-28,D-06,Diesel,Diesel,Class6_Box,DUTY_SUB_03,D2_Suburban,134.3,6.6,2760,0.69,17,291,07:00,13:36,17.4,4.1,Dry,0.0,Completed,0,0.0,36.6,,,,,,,,,None,,Not_Installed_Diesel,Quarter_End,2025-03-28T13:59:00,,2025-05-15T00:00:00
2025-03-28,D-07,Diesel,Diesel,Class6_Box,DUTY_SUB_04,D2_Suburban,134.5,6.4,2920,0.73,15,280,07:30,13:54,17.1,4.1,Dry,0.0,Completed,0,0.0,37.2,,,,,,,,,None,,Not_Installed_Diesel,Quarter_End,2025-03-28T13:59:00,,2025-05-15T00:00:00
2025-03-28,D-08,Diesel,Diesel,Class6_Box,DUTY_REG_01,D3_Regional,210.1,7.9,2880,0.72,6,531,07:30,15:24,15.6,4.1,Dry,0.0,Completed,0,0.0,56.0,,,,,,,,,None,,Not_Installed_Diesel,Quarter_End,2025-03-28T15:54:00,,2025-05-15T00:00:00
2025-03-28,D-09,Diesel,Diesel,Class6_Box,DUTY_REG_02,D3_Regional,206.6,7.7,3360,0.84,4,505,07:15,14:57,16.1,4.1,Dry,0.0,Completed,0,0.0,56.5,,,,,,,,,None,,Not_Installed_Diesel,Quarter_End,2025-03-28T14:59:00,,2025-05-15T00:00:00
2025-03-28,D-10,Diesel,Diesel,Class6_Box,DUTY_REG_03,D3_Regional,210.4,8.1,3200,0.80,7,552,07:15,15:21,15.7,4.1,Dry,0.0,Completed,0,0.0,56.6,,,,,,,,,None,,Not_Installed_Diesel,Quarter_End,2025-03-28T15:51:00,,2025-05-15T00:00:00
2025-03-31,EV-01,Electric,Electric,Class6_Box,DUTY_URB_01,D1_Urban,84.5,5.7,3320,0.83,29,144,07:30,13:12,17.8,11.0,Rain,1.7,Completed,0,0.0,,146.2,8.4,154.6,175.7,100.0,22.7,CHG-01,50.0,Enhanced_Telemetry,145.8,Received_Valid,Immediate_CAN_Bus,2025-03-31T13:42:00,2025-03-31T13:17:00,2025-03-31T13:17:00
2025-03-31,D-02,Diesel,Diesel,Class6_Box,DUTY_URB_02,D1_Urban,84.3,5.7,2800,0.70,28,123,07:00,12:42,18.3,11.0,Rain,1.7,Completed,0,0.0,25.9,,,,,,,,,None,,Not_Installed_Diesel,Quarter_End,2025-03-31T12:59:00,,2025-05-15T00:00:00
2025-03-31,D-03,Diesel,Diesel,Class6_Box,DUTY_URB_03,D1_Urban,85.6,6.0,3040,0.76,29,147,07:00,13:00,18.0,11.0,Rain,1.7,Completed,0,0.0,25.8,,,,,,,,,None,,Not_Installed_Diesel,Quarter_End,2025-03-31T13:30:00,,2025-05-15T00:00:00
2025-03-31,D-04,Diesel,Diesel,Class6_Box,DUTY_SUB_01,D2_Suburban,132.5,6.4,3200,0.80,16,276,07:15,13:39,17.4,11.0,Rain,1.7,Completed,0,0.0,37.2,,,,,,,,,None,,Not_Installed_Diesel,Quarter_End,2025-03-31T13:59:00,,2025-05-15T00:00:00
2025-03-31,D-05,Diesel,Diesel,Class6_Box,DUTY_SUB_02,D2_Suburban,136.7,6.3,3120,0.78,12,273,07:15,13:33,17.4,11.0,Rain,1.7,Completed,0,0.0,38.0,,,,,,,,,None,,Not_Installed_Diesel,Quarter_End,2025-03-31T13:59:00,,2025-05-15T00:00:00
2025-03-31,D-06,Diesel,Diesel,Class6_Box,DUTY_SUB_03,D2_Suburban,133.6,6.9,3080,0.77,18,296,07:00,13:54,17.1,11.0,Rain,1.7,Completed,0,0.0,37.7,,,,,,,,,None,,Not_Installed_Diesel,Quarter_End,2025-03-31T13:59:00,,2025-05-15T00:00:00
2025-03-31,D-07,Diesel,Diesel,Class6_Box,DUTY_SUB_04,D2_Suburban,132.6,6.5,2760,0.69,11,264,07:00,13:30,17.5,11.0,Rain,1.7,Completed,0,0.0,37.8,,,,,,,,,None,,Not_Installed_Diesel,Quarter_End,2025-03-31T13:59:00,,2025-05-15T00:00:00
2025-03-31,D-08,Diesel,Diesel,Class6_Box,DUTY_REG_01,D3_Regional,209.8,7.6,2920,0.73,4,505,07:15,14:51,16.1,11.0,Rain,1.7,Completed,0,0.0,57.4,,,,,,,,,None,,Not_Installed_Diesel,Quarter_End,2025-03-31T14:59:00,,2025-05-15T00:00:00
2025-03-31,D-09,Diesel,Diesel,Class6_Box,DUTY_REG_02,D3_Regional,207.4,7.8,2680,0.67,8,497,07:15,15:03,15.9,11.0,Rain,1.7,Completed,0,0.0,57.4,,,,,,,,,None,,Not_Installed_Diesel,Quarter_End,2025-03-31T15:33:00,,2025-05-15T00:00:00
2025-03-31,D-10,Diesel,Diesel,Class6_Box,DUTY_REG_03,D3_Regional,211.3,7.8,2600,0.65,4,535,07:15,15:03,15.9,11.0,Rain,1.7,Completed,0,0.0,57.0,,,,,,,,,None,,Not_Installed_Diesel,Quarter_End,2025-03-31T15:33:00,,2025-05-15T00:00:00
2025-04-01,EV-01,Electric,Electric,Class6_Box,DUTY_URB_01,D1_Urban,82.6,5.4,3320,0.83,27,160,07:30,12:54,18.1,7.9,Dry,0.0,Completed,0,0.0,,143.8,11.0,154.8,175.9,100.0,22.6,CHG-01,50.0,Enhanced_Telemetry,143.7,Received_Valid,Immediate_CAN_Bus,2025-04-01T12:59:00,2025-04-01T12:59:00,2025-04-01T12:59:00
2025-04-01,D-02,Diesel,Diesel,Class6_Box,DUTY_URB_02,D1_Urban,81.0,5.6,3080,0.77,31,132,07:30,13:06,17.9,7.9,Dry,0.0,Completed,0,0.0,26.0,,,,,,,,,None,,Not_Installed_Diesel,Quarter_End,2025-04-01T13:36:00,,2025-08-15T00:00:00
2025-04-01,D-03,Diesel,Diesel,Class6_Box,DUTY_URB_03,D1_Urban,84.1,5.7,2960,0.74,31,150,07:00,12:42,18.3,7.9,Dry,0.0,Completed,0,0.0,25.6,,,,,,,,,None,,Not_Installed_Diesel,Quarter_End,2025-04-01T12:59:00,,2025-08-15T00:00:00
2025-04-01,D-04,Diesel,Diesel,Class6_Box,DUTY_SUB_01,D2_Suburban,133.1,7.0,3000,0.75,17,279,07:30,14:30,16.5,7.9,Dry,0.0,Late,0,0.0,38.0,,,,,,,,,None,,Not_Installed_Diesel,Quarter_End,2025-04-01T14:59:00,,2025-08-15T00:00:00
2025-04-01,D-05,Diesel,Diesel,Class6_Box,DUTY_SUB_02,D2_Suburban,135.8,6.3,2960,0.74,15,302,07:15,13:33,17.4,7.9,Dry,0.0,Completed,0,0.0,37.9,,,,,,,,,None,,Not_Installed_Diesel,Quarter_End,2025-04-01T13:59:00,,2025-08-15T00:00:00
2025-04-01,D-06,Diesel,Diesel,Class6_Box,DUTY_SUB_03,D2_Suburban,131.7,6.6,2880,0.72,16,305,07:30,14:06,16.9,7.9,Dry,0.0,Completed,0,0.0,37.4,,,,,,,,,None,,Not_Installed_Diesel,Quarter_End,2025-04-01T14:36:00,,2025-08-15T00:00:00
2025-04-01,D-07,Diesel,Diesel,Class6_Box,DUTY_SUB_04,D2_Suburban,134.6,6.7,2720,0.68,17,291,07:30,14:12,16.8,7.9,Dry,0.0,Completed,0,0.0,38.1,,,,,,,,,None,,Not_Installed_Diesel,Quarter_End,2025-04-01T14:42:00,,2025-08-15T00:00:00
2025-04-01,D-08,Diesel,Diesel,Class6_Box,DUTY_REG_01,D3_Regional,212.9,8.0,3080,0.77,6,505,07:00,15:00,16.0,7.9,Dry,0.0,Completed,0,0.0,56.9,,,,,,,,,None,,Not_Installed_Diesel,Quarter_End,2025-04-01T15:30:00,,2025-08-15T00:00:00
2025-04-01,D-09,Diesel,Diesel,Class6_Box,DUTY_REG_02,D3_Regional,206.6,7.5,2600,0.65,5,486,07:15,14:45,16.2,7.9,Dry,0.0,Completed,0,0.0,56.6,,,,,,,,,None,,Not_Installed_Diesel,Quarter_End,2025-04-01T14:59:00,,2025-08-15T00:00:00
2025-04-01,D-10,Diesel,Diesel,Class6_Box,DUTY_REG_03,D3_Regional,212.5,7.6,2920,0.73,9,562,07:30,15:06,15.9,7.9,Dry,0.0,Completed,0,0.0,57.0,,,,,,,,,None,,Not_Installed_Diesel,Quarter_End,2025-04-01T15:36:00,,2025-08-15T00:00:00
2025-04-02,EV-01,Electric,Electric,Class6_Box,DUTY_URB_01,D1_Urban,87.3,5.7,3120,0.78,30,127,07:00,12:42,18.3,9.9,Dry,0.0,Completed,0,0.0,,155.9,8.8,164.7,187.2,100.0,17.7,CHG-01,50.0,Enhanced_Telemetry,155.9,Received_Valid,Immediate_CAN_Bus,2025-04-02T12:59:00,2025-04-02T12:47:00,2025-04-02T12:47:00
2025-04-02,D-02,Diesel,Diesel,Class6_Box,DUTY_URB_02,D1_Urban,85.6,6.0,3200,0.80,28,118,07:15,13:15,17.8,9.9,Dry,0.0,Completed,0,0.0,25.1,,,,,,,,,None,,Not_Installed_Diesel,Quarter_End,2025-04-02T13:45:00,,2025-08-15T00:00:00
2025-04-02,D-03,Diesel,Diesel,Class6_Box,DUTY_URB_03,D1_Urban,86.8,5.7,2400,0.60,33,144,07:15,12:57,18.1,9.9,Dry,0.0,Completed,0,0.0,25.6,,,,,,,,,None,,Not_Installed_Diesel,Quarter_End,2025-04-02T12:59:00,,2025-08-15T00:00:00
2025-04-02,D-04,Diesel,Diesel,Class6_Box,DUTY_SUB_01,D2_Suburban,131.9,6.1,2960,0.74,19,280,07:00,13:06,17.9,9.9,Dry,0.0,Completed,0,0.0,38.0,,,,,,,,,None,,Not_Installed_Diesel,Quarter_End,2025-04-02T13:36:00,,2025-08-15T00:00:00
2025-04-02,D-05,Diesel,Diesel,Class6_Box,DUTY_SUB_02,D2_Suburban,138.7,6.4,2600,0.65,17,287,07:30,13:54,17.1,9.9,Dry,0.0,Completed,0,0.0,37.6,,,,,,,,,None,,Not_Installed_Diesel,Quarter_End,2025-04-02T13:59:00,,2025-08-15T00:00:00
2025-04-02,D-06,Diesel,Diesel,Class6_Box,DUTY_SUB_03,D2_Suburban,138.4,7.1,3200,0.80,18,326,07:00,14:06,16.9,9.9,Dry,0.0,Completed,0,0.0,37.2,,,,,,,,,None,,Not_Installed_Diesel,Quarter_End,2025-04-02T14:36:00,,2025-08-15T00:00:00
2025-04-02,D-07,Diesel,Diesel,Class6_Box,DUTY_SUB_04,D2_Suburban,131.0,6.4,2880,0.72,13,268,07:30,13:54,17.1,9.9,Dry,0.0,Completed,0,0.0,37.7,,,,,,,,,None,,Not_Installed_Diesel,Quarter_End,2025-04-02T13:59:00,,2025-08-15T00:00:00
2025-04-02,D-08,Diesel,Diesel,Class6_Box,DUTY_REG_01,D3_Regional,210.3,8.1,2920,0.73,6,501,07:30,15:36,15.4,9.9,Dry,0.0,Completed,0,0.0,57.0,,,,,,,,,None,,Not_Installed_Diesel,Quarter_End,2025-04-02T15:59:00,,2025-08-15T00:00:00
2025-04-02,D-09,Diesel,Diesel,Class6_Box,DUTY_REG_02,D3_Regional,208.5,7.8,2840,0.71,4,496,07:15,15:03,15.9,9.9,Dry,0.0,Completed,0,0.0,57.1,,,,,,,,,None,,Not_Installed_Diesel,Quarter_End,2025-04-02T15:33:00,,2025-08-15T00:00:00
2025-04-02,D-10,Diesel,Diesel,Class6_Box,DUTY_REG_03,D3_Regional,212.6,7.9,3440,0.86,4,533,07:00,14:54,16.1,9.9,Dry,0.0,Completed,0,0.0,57.4,,,,,,,,,None,,Not_Installed_Diesel,Quarter_End,2025-04-02T14:59:00,,2025-08-15T00:00:00
2025-04-03,EV-01,Electric,Electric,Class6_Box,DUTY_URB_01,D1_Urban,84.8,6.0,2920,0.73,31,146,07:30,13:30,17.5,17.4,Windy,0.0,Completed,0,0.0,,148.7,8.6,157.3,178.8,100.0,21.3,CHG-01,50.0,Enhanced_Telemetry,149.7,Received_Valid,Immediate_CAN_Bus,2025-04-03T13:59:00,2025-04-03T13:35:00,2025-04-03T13:35:00
2025-04-03,EV-02,Electric,Electric,Class6_Box,DUTY_URB_02,D1_Urban,83.9,5.3,2720,0.68,27,151,07:15,12:33,18.4,17.4,Windy,0.0,Completed,0,0.0,,140.4,9.0,149.4,169.8,100.0,25.3,CHG-02,50.0,Enhanced_Telemetry,139.5,Received_Valid,Immediate_CAN_Bus,2025-04-03T12:59:00,2025-04-03T12:38:00,2025-04-03T12:38:00
2025-04-03,D-03,Diesel,Diesel,Class6_Box,DUTY_URB_03,D1_Urban,86.2,6.1,2880,0.72,32,160,07:15,13:21,17.6,17.4,Windy,0.0,Completed,0,0.0,25.7,,,,,,,,,None,,Not_Installed_Diesel,Quarter_End,2025-04-03T13:51:00,,2025-08-15T00:00:00
2025-04-03,D-04,Diesel,Diesel,Class6_Box,DUTY_SUB_01,D2_Suburban,134.6,6.4,3080,0.77,18,284,07:15,13:39,17.4,17.4,Windy,0.0,Completed,0,0.0,37.5,,,,,,,,,None,,Not_Installed_Diesel,Quarter_End,2025-04-03T13:59:00,,2025-08-15T00:00:00
2025-04-03,D-05,Diesel,Diesel,Class6_Box,DUTY_SUB_02,D2_Suburban,135.7,6.5,3080,0.77,17,277,07:15,13:45,17.2,17.4,Windy,0.0,Completed,0,0.0,38.2,,,,,,,,,None,,Not_Installed_Diesel,Quarter_End,2025-04-03T13:59:00,,2025-08-15T00:00:00
2025-04-03,D-06,Diesel,Diesel,Class6_Box,DUTY_SUB_03,D2_Suburban,132.5,6.1,2360,0.59,19,318,07:15,13:21,17.6,17.4,Windy,0.0,Completed,0,0.0,38.3,,,,,,,,,None,,Not_Installed_Diesel,Quarter_End,2025-04-03T13:51:00,,2025-08-15T00:00:00
2025-04-03,D-07,Diesel,Diesel,Class6_Box,DUTY_SUB_04,D2_Suburban,134.6,6.2,2360,0.59,11,293,07:30,13:42,17.3,17.4,Windy,0.0,Completed,0,0.0,37.3,,,,,,,,,None,,Not_Installed_Diesel,Quarter_End,2025-04-03T13:59:00,,2025-08-15T00:00:00
2025-04-03,D-08,Diesel,Diesel,Class6_Box,DUTY_REG_01,D3_Regional,210.1,8.1,2640,0.66,7,501,07:30,15:36,15.4,17.4,Windy,0.0,Completed,0,0.0,56.8,,,,,,,,,None,,Not_Installed_Diesel,Quarter_End,2025-04-03T15:59:00,,2025-08-15T00:00:00
2025-04-03,D-09,Diesel,Diesel,Class6_Box,DUTY_REG_02,D3_Regional,210.2,7.3,2320,0.58,2,477,07:15,14:33,16.4,17.4,Windy,0.0,Completed,0,0.0,56.5,,,,,,,,,None,,Not_Installed_Diesel,Quarter_End,2025-04-03T14:59:00,,2025-08-15T00:00:00
2025-04-03,D-10,Diesel,Diesel,Class6_Box,DUTY_REG_03,D3_Regional,209.4,8.0,2560,0.64,10,544,07:00,15:00,16.0,17.4,Windy,0.0,Completed,0,0.0,57.0,,,,,,,,,None,,Not_Installed_Diesel,Quarter_End,2025-04-03T15:30:00,,2025-08-15T00:00:00
2025-04-04,EV-01,Electric,Electric,Class6_Box,DUTY_URB_01,D1_Urban,90.2,5.8,3040,0.76,32,145,07:30,13:18,17.7,16.5,Dry,0.0,Completed,0,0.0,,159.7,6.8,166.5,189.2,100.0,16.8,CHG-01,50.0,Enhanced_Telemetry,159.7,Received_Valid,Immediate_CAN_Bus,2025-04-04T13:48:00,2025-04-04T13:23:00,2025-04-04T13:23:00
2025-04-04,EV-02,Electric,Electric,Class6_Box,DUTY_URB_02,D1_Urban,83.4,5.8,2920,0.73,25,123,07:15,13:03,17.9,16.5,Dry,0.0,Completed,0,0.0,,152.2,7.2,159.4,181.1,100.0,20.3,CHG-02,50.0,Enhanced_Telemetry,152.8,Received_Valid,Immediate_CAN_Bus,2025-04-04T13:33:00,2025-04-04T13:08:00,2025-04-04T13:08:00
2025-04-04,D-03,Diesel,Diesel,Class6_Box,DUTY_URB_03,D1_Urban,90.2,6.0,2600,0.65,34,159,07:15,13:15,17.8,16.5,Dry,0.0,Completed,0,0.0,25.0,,,,,,,,,None,,Not_Installed_Diesel,Quarter_End,2025-04-04T13:45:00,,2025-08-15T00:00:00
2025-04-04,D-04,Diesel,Diesel,Class6_Box,DUTY_SUB_01,D2_Suburban,131.1,6.5,2680,0.67,13,293,07:15,13:45,17.2,16.5,Dry,0.0,Completed,0,0.0,38.0,,,,,,,,,None,,Not_Installed_Diesel,Quarter_End,2025-04-04T13:59:00,,2025-08-15T00:00:00
2025-04-04,D-05,Diesel,Diesel,Class6_Box,DUTY_SUB_02,D2_Suburban,133.5,6.5,2640,0.66,15,282,07:00,13:30,17.5,16.5,Dry,0.0,Completed,0,0.0,38.9,,,,,,,,,None,,Not_Installed_Diesel,Quarter_End,2025-04-04T13:59:00,,2025-08-15T00:00:00
2025-04-04,D-06,Diesel,Diesel,Class6_Box,DUTY_SUB_03,D2_Suburban,134.9,6.6,2960,0.74,19,296,07:00,13:36,17.4,16.5,Dry,0.0,Completed,0,0.0,37.4,,,,,,,,,None,,Not_Installed_Diesel,Quarter_End,2025-04-04T13:59:00,,2025-08-15T00:00:00
2025-04-04,D-07,Diesel,Diesel,Class6_Box,DUTY_SUB_04,D2_Suburban,136.5,6.6,3000,0.75,13,258,07:00,13:36,17.4,16.5,Dry,0.0,Completed,0,0.0,37.9,,,,,,,,,None,,Not_Installed_Diesel,Quarter_End,2025-04-04T13:59:00,,2025-08-15T00:00:00
2025-04-04,D-08,Diesel,Diesel,Class6_Box,DUTY_REG_01,D3_Regional,207.5,7.9,2920,0.73,3,524,07:15,15:09,15.8,16.5,Dry,0.0,Completed,0,0.0,56.7,,,,,,,,,None,,Not_Installed_Diesel,Quarter_End,2025-04-04T15:39:00,,2025-08-15T00:00:00
2025-04-04,D-09,Diesel,Diesel,Class6_Box,DUTY_REG_02,D3_Regional,207.0,7.5,2680,0.67,2,473,07:15,14:45,16.2,16.5,Dry,0.0,Completed,0,0.0,57.4,,,,,,,,,None,,Not_Installed_Diesel,Quarter_End,2025-04-04T14:59:00,,2025-08-15T00:00:00
2025-04-04,D-10,Diesel,Diesel,Class6_Box,DUTY_REG_03,D3_Regional,209.6,7.6,2960,0.74,7,569,07:30,15:06,15.9,16.5,Dry,0.0,Completed,0,0.0,56.7,,,,,,,,,None,,Not_Installed_Diesel,Quarter_End,2025-04-04T15:36:00,,2025-08-15T00:00:00
2025-04-07,EV-01,Electric,Electric,Class6_Box,DUTY_URB_01,D1_Urban,85.2,5.8,2480,0.62,32,124,07:30,13:18,17.7,11.1,Dry,0.0,Completed,0,0.0,,145.4,9.7,155.1,176.2,100.0,22.5,CHG-01,50.0,Enhanced_Telemetry,145.8,Received_Valid,Immediate_CAN_Bus,2025-04-07T13:48:00,2025-04-07T13:23:00,2025-04-07T13:23:00
2025-04-07,EV-02,Electric,Electric,Class6_Box,DUTY_URB_02,D1_Urban,84.8,5.7,2920,0.73,26,134,07:30,13:12,17.8,11.1,Dry,0.0,Completed,0,0.0,,140.2,9.9,150.1,170.6,100.0,25.0,CHG-02,50.0,Enhanced_Telemetry,140.2,Received_Valid,Immediate_CAN_Bus,2025-04-07T13:42:00,2025-04-07T13:17:00,2025-04-07T13:17:00
2025-04-07,D-03,Diesel,Diesel,Class6_Box,DUTY_URB_03,D1_Urban,86.4,6.1,2840,0.71,31,143,07:30,13:36,17.4,11.1,Dry,0.0,Completed,0,0.0,25.9,,,,,,,,,None,,Not_Installed_Diesel,Quarter_End,2025-04-07T13:59:00,,2025-08-15T00:00:00
2025-04-07,D-04,Diesel,Diesel,Class6_Box,DUTY_SUB_01,D2_Suburban,131.9,6.0,3440,0.86,18,272,07:00,13:00,18.0,11.1,Dry,0.0,Completed,0,0.0,36.5,,,,,,,,,None,,Not_Installed_Diesel,Quarter_End,2025-04-07T13:30:00,,2025-08-15T00:00:00
2025-04-07,D-05,Diesel,Diesel,Class6_Box,DUTY_SUB_02,D2_Suburban,130.9,6.2,2760,0.69,16,289,07:15,13:27,17.6,11.1,Dry,0.0,Completed,0,0.0,38.4,,,,,,,,,None,,Not_Installed_Diesel,Quarter_End,2025-04-07T13:57:00,,2025-08-15T00:00:00
2025-04-07,D-06,Diesel,Diesel,Class6_Box,DUTY_SUB_03,D2_Suburban,134.8,6.4,2920,0.73,17,311,07:30,13:54,17.1,11.1,Dry,0.0,Completed,0,0.0,37.8,,,,,,,,,None,,Not_Installed_Diesel,Quarter_End,2025-04-07T13:59:00,,2025-08-15T00:00:00
2025-04-07,D-07,Diesel,Diesel,Class6_Box,DUTY_SUB_04,D2_Suburban,134.6,6.5,2520,0.63,14,267,07:15,13:45,17.2,11.1,Dry,0.0,Completed,0,0.0,38.3,,,,,,,,,None,,Not_Installed_Diesel,Quarter_End,2025-04-07T13:59:00,,2025-08-15T00:00:00
2025-04-07,D-08,Diesel,Diesel,Class6_Box,DUTY_REG_01,D3_Regional,213.3,7.6,3120,0.78,4,512,07:00,14:36,16.4,11.1,Dry,0.0,Completed,0,0.0,57.4,,,,,,,,,None,,Not_Installed_Diesel,Quarter_End,2025-04-07T14:59:00,,2025-08-15T00:00:00
2025-04-07,D-09,Diesel,Diesel,Class6_Box,DUTY_REG_02,D3_Regional,209.7,7.5,2640,0.66,3,489,07:15,14:45,16.2,11.1,Dry,0.0,Completed,0,0.0,57.9,,,,,,,,,None,,Not_Installed_Diesel,Quarter_End,2025-04-07T14:59:00,,2025-08-15T00:00:00
2025-04-07,D-10,Diesel,Diesel,Class6_Box,DUTY_REG_03,D3_Regional,211.9,8.0,2920,0.73,5,542,07:00,15:00,16.0,11.1,Dry,0.0,Completed,0,0.0,57.3,,,,,,,,,None,,Not_Installed_Diesel,Quarter_End,2025-04-07T15:30:00,,2025-08-15T00:00:00
2025-04-08,EV-01,Electric,Electric,Class6_Box,DUTY_URB_01,D1_Urban,85.2,5.5,2840,0.71,33,154,07:00,12:30,18.5,9.1,Cold_Wind,0.0,Completed,0,0.0,,151.0,11.2,162.2,184.3,100.0,18.9,CHG-01,50.0,Enhanced_Telemetry,151.3,Received_Valid,Immediate_CAN_Bus,2025-04-08T12:59:00,2025-04-08T12:35:00,2025-04-08T12:35:00
2025-04-08,EV-02,Electric,Electric,Class6_Box,DUTY_URB_02,D1_Urban,80.7,5.7,2960,0.74,28,154,07:00,12:42,18.3,9.1,Cold_Wind,0.0,Completed,0,0.0,,142.9,10.4,153.3,174.2,100.0,23.3,CHG-02,50.0,Enhanced_Telemetry,143.5,Received_Valid,Immediate_CAN_Bus,2025-04-08T12:59:00,2025-04-08T12:47:00,2025-04-08T12:47:00
2025-04-08,D-03,Diesel,Diesel,Class6_Box,DUTY_URB_03,D1_Urban,86.7,6.3,2800,0.70,33,155,07:15,13:33,17.4,9.1,Cold_Wind,0.0,Completed,0,0.0,25.4,,,,,,,,,None,,Not_Installed_Diesel,Quarter_End,2025-04-08T13:59:00,,2025-08-15T00:00:00
2025-04-08,D-04,Diesel,Diesel,Class6_Box,DUTY_SUB_01,D2_Suburban,133.0,6.2,2920,0.73,14,279,07:15,13:27,17.6,9.1,Cold_Wind,0.0,Completed,0,0.0,37.6,,,,,,,,,None,,Not_Installed_Diesel,Quarter_End,2025-04-08T13:57:00,,2025-08-15T00:00:00
2025-04-08,D-05,Diesel,Diesel,Class6_Box,DUTY_SUB_02,D2_Suburban,136.7,6.6,2640,0.66,14,284,07:30,14:06,16.9,9.1,Cold_Wind,0.0,Completed,0,0.0,37.4,,,,,,,,,None,,Not_Installed_Diesel,Quarter_End,2025-04-08T14:36:00,,2025-08-15T00:00:00
2025-04-08,D-06,Diesel,Diesel,Class6_Box,DUTY_SUB_03,D2_Suburban,137.6,6.9,2920,0.73,16,294,07:15,14:09,16.9,9.1,Cold_Wind,0.0,Completed,0,0.0,37.8,,,,,,,,,None,,Not_Installed_Diesel,Quarter_End,2025-04-08T14:39:00,,2025-08-15T00:00:00
2025-04-08,D-07,Diesel,Diesel,Class6_Box,DUTY_SUB_04,D2_Suburban,135.6,6.6,2680,0.67,13,257,07:30,14:06,16.9,9.1,Cold_Wind,0.0,Completed,0,0.0,37.7,,,,,,,,,None,,Not_Installed_Diesel,Quarter_End,2025-04-08T14:36:00,,2025-08-15T00:00:00
2025-04-08,D-08,Diesel,Diesel,Class6_Box,DUTY_REG_01,D3_Regional,208.7,8.7,2880,0.72,9,534,07:15,15:57,15.1,9.1,Cold_Wind,0.0,Completed,0,0.0,56.1,,,,,,,,,None,,Not_Installed_Diesel,Quarter_End,2025-04-08T15:59:00,,2025-08-15T00:00:00
2025-04-08,D-09,Diesel,Diesel,Class6_Box,DUTY_REG_02,D3_Regional,206.2,7.5,3480,0.87,5,502,07:15,14:45,16.2,9.1,Cold_Wind,0.0,Completed,0,0.0,56.9,,,,,,,,,None,,Not_Installed_Diesel,Quarter_End,2025-04-08T14:59:00,,2025-08-15T00:00:00
2025-04-08,D-10,Diesel,Diesel,Class6_Box,DUTY_REG_03,D3_Regional,214.4,7.4,2960,0.74,6,535,07:15,14:39,16.4,9.1,Cold_Wind,0.0,Completed,0,0.0,56.7,,,,,,,,,None,,Not_Installed_Diesel,Quarter_End,2025-04-08T14:59:00,,2025-08-15T00:00:00
2025-04-09,EV-01,Electric,Electric,Class6_Box,DUTY_URB_01,D1_Urban,86.0,5.8,2760,0.69,33,128,07:15,13:03,17.9,11.8,Dry,0.0,Completed,0,0.0,,155.9,9.3,165.2,187.7,100.0,17.4,CHG-01,50.0,Enhanced_Telemetry,155.0,Received_Valid,Immediate_CAN_Bus,2025-04-09T13:33:00,2025-04-09T13:08:00,2025-04-09T13:08:00
2025-04-09,EV-02,Electric,Electric,Class6_Box,DUTY_URB_02,D1_Urban,85.8,5.8,2600,0.65,27,152,07:00,12:48,18.2,11.8,Dry,0.0,Completed,0,0.0,,149.3,8.5,157.8,179.3,100.0,21.1,CHG-02,50.0,Enhanced_Telemetry,150.2,Received_Valid,Immediate_CAN_Bus,2025-04-09T12:59:00,2025-04-09T12:53:00,2025-04-09T12:53:00
2025-04-09,D-03,Diesel,Diesel,Class6_Box,DUTY_URB_03,D1_Urban,86.7,5.4,3040,0.76,33,150,07:15,12:39,18.4,11.8,Dry,0.0,Completed,0,0.0,25.0,,,,,,,,,None,,Not_Installed_Diesel,Quarter_End,2025-04-09T12:59:00,,2025-08-15T00:00:00
2025-04-09,D-04,Diesel,Diesel,Class6_Box,DUTY_SUB_01,D2_Suburban,138.0,6.3,3000,0.75,18,295,07:00,13:18,17.7,11.8,Dry,0.0,Completed,0,0.0,37.8,,,,,,,,,None,,Not_Installed_Diesel,Quarter_End,2025-04-09T13:48:00,,2025-08-15T00:00:00
2025-04-09,D-05,Diesel,Diesel,Class6_Box,DUTY_SUB_02,D2_Suburban,134.7,6.7,2960,0.74,17,303,07:30,14:12,16.8,11.8,Dry,0.0,Completed,0,0.0,36.6,,,,,,,,,None,,Not_Installed_Diesel,Quarter_End,2025-04-09T14:42:00,,2025-08-15T00:00:00
2025-04-09,D-06,Diesel,Diesel,Class6_Box,DUTY_SUB_03,D2_Suburban,139.4,6.2,3080,0.77,17,303,07:00,13:12,17.8,11.8,Dry,0.0,Completed,0,0.0,37.1,,,,,,,,,None,,Not_Installed_Diesel,Quarter_End,2025-04-09T13:42:00,,2025-08-15T00:00:00
2025-04-09,D-07,Diesel,Diesel,Class6_Box,DUTY_SUB_04,D2_Suburban,135.1,6.7,2880,0.72,16,284,07:00,13:42,17.3,11.8,Dry,0.0,Completed,0,0.0,37.8,,,,,,,,,None,,Not_Installed_Diesel,Quarter_End,2025-04-09T13:59:00,,2025-08-15T00:00:00
2025-04-09,D-08,Diesel,Diesel,Class6_Box,DUTY_REG_01,D3_Regional,211.6,7.5,2880,0.72,3,505,07:15,14:45,16.2,11.8,Dry,0.0,Completed,0,0.0,57.6,,,,,,,,,None,,Not_Installed_Diesel,Quarter_End,2025-04-09T14:59:00,,2025-08-15T00:00:00
2025-04-09,D-09,Diesel,Diesel,Class6_Box,DUTY_REG_02,D3_Regional,210.1,7.3,3040,0.76,5,485,07:15,14:33,16.4,11.8,Dry,0.0,Completed,0,0.0,56.4,,,,,,,,,None,,Not_Installed_Diesel,Quarter_End,2025-04-09T14:59:00,,2025-08-15T00:00:00
2025-04-09,D-10,Diesel,Diesel,Class6_Box,DUTY_REG_03,D3_Regional,211.2,7.9,3360,0.84,6,570,07:30,15:24,15.6,11.8,Dry,0.0,Completed,0,0.0,56.1,,,,,,,,,None,,Not_Installed_Diesel,Quarter_End,2025-04-09T15:54:00,,2025-08-15T00:00:00
2025-04-10,EV-01,Electric,Electric,Class6_Box,DUTY_URB_01,D1_Urban,87.3,5.8,2880,0.72,29,124,07:15,13:03,17.9,11.3,Dry,0.0,Completed,0,0.0,,148.6,8.3,156.9,178.3,100.0,21.5,CHG-01,50.0,Enhanced_Telemetry,148.8,Received_Valid,Immediate_CAN_Bus,2025-04-10T13:33:00,2025-04-10T13:08:00,2025-04-10T13:08:00
2025-04-10,EV-02,Electric,Electric,Class6_Box,DUTY_URB_02,D1_Urban,84.6,5.6,2640,0.66,27,140,07:00,12:36,18.4,11.3,Dry,0.0,Completed,0,0.0,,147.6,8.9,156.5,177.8,100.0,21.8,CHG-02,50.0,Enhanced_Telemetry,148.4,Received_Valid,Immediate_CAN_Bus,2025-04-10T12:59:00,2025-04-10T12:41:00,2025-04-10T12:41:00
2025-04-10,D-03,Diesel,Diesel,Class6_Box,DUTY_URB_03,D1_Urban,84.8,5.9,2840,0.71,33,140,07:15,13:09,17.9,11.3,Dry,0.0,Completed,0,0.0,25.8,,,,,,,,,None,,Not_Installed_Diesel,Quarter_End,2025-04-10T13:39:00,,2025-08-15T00:00:00
2025-04-10,D-04,Diesel,Diesel,Class6_Box,DUTY_SUB_01,D2_Suburban,134.1,6.2,2840,0.71,13,260,07:30,13:42,17.3,11.3,Dry,0.0,Completed,0,0.0,38.5,,,,,,,,,None,,Not_Installed_Diesel,Quarter_End,2025-04-10T13:59:00,,2025-08-15T00:00:00
2025-04-10,D-05,Diesel,Diesel,Class6_Box,DUTY_SUB_02,D2_Suburban,134.5,6.5,2640,0.66,17,303,07:00,13:30,17.5,11.3,Dry,0.0,Completed,0,0.0,38.7,,,,,,,,,None,,Not_Installed_Diesel,Quarter_End,2025-04-10T13:59:00,,2025-08-15T00:00:00
2025-04-10,D-06,Diesel,Diesel,Class6_Box,DUTY_SUB_03,D2_Suburban,136.1,6.8,2760,0.69,15,302,07:00,13:48,17.2,11.3,Dry,0.0,Completed,0,0.0,37.9,,,,,,,,,None,,Not_Installed_Diesel,Quarter_End,2025-04-10T13:59:00,,2025-08-15T00:00:00
2025-04-10,D-07,Diesel,Diesel,Class6_Box,DUTY_SUB_04,D2_Suburban,136.3,6.5,2880,0.72,17,265,07:30,14:00,17.0,11.3,Dry,0.0,Completed,0,0.0,37.9,,,,,,,,,None,,Not_Installed_Diesel,Quarter_End,2025-04-10T14:30:00,,2025-08-15T00:00:00
2025-04-10,D-08,Diesel,Diesel,Class6_Box,DUTY_REG_01,D3_Regional,211.1,7.9,2840,0.71,4,506,07:15,15:09,15.8,11.3,Dry,0.0,Completed,0,0.0,56.8,,,,,,,,,None,,Not_Installed_Diesel,Quarter_End,2025-04-10T15:39:00,,2025-08-15T00:00:00
2025-04-10,D-09,Diesel,Diesel,Class6_Box,DUTY_REG_02,D3_Regional,207.7,7.5,3360,0.84,6,493,07:15,14:45,16.2,11.3,Dry,0.0,Completed,0,0.0,57.3,,,,,,,,,None,,Not_Installed_Diesel,Quarter_End,2025-04-10T14:59:00,,2025-08-15T00:00:00
2025-04-10,D-10,Diesel,Diesel,Class6_Box,DUTY_REG_03,D3_Regional,213.3,8.6,2760,0.69,4,568,07:15,15:51,15.2,11.3,Dry,0.0,Late,0,0.0,55.6,,,,,,,,,None,,Not_Installed_Diesel,Quarter_End,2025-04-10T15:59:00,,2025-08-15T00:00:00
2025-04-11,EV-01,Electric,Electric,Class6_Box,DUTY_URB_01,D1_Urban,82.5,5.4,2920,0.73,29,150,07:30,12:54,18.1,17.6,Dry,0.0,Completed,0,0.0,,144.6,7.3,151.9,172.6,100.0,24.0,CHG-01,50.0,Enhanced_Telemetry,144.8,Received_Valid,Immediate_CAN_Bus,2025-04-11T12:59:00,2025-04-11T12:59:00,2025-04-11T12:59:00
2025-04-11,EV-02,Electric,Electric,Class6_Box,DUTY_URB_02,D1_Urban,84.4,6.1,2920,0.73,25,134,07:00,13:06,17.9,17.6,Dry,0.0,Completed,0,0.0,,147.3,6.7,154.0,175.0,100.0,23.0,CHG-02,50.0,Enhanced_Telemetry,147.2,Received_Valid,Immediate_CAN_Bus,2025-04-11T13:36:00,2025-04-11T13:11:00,2025-04-11T13:11:00
2025-04-11,D-03,Diesel,Diesel,Class6_Box,DUTY_URB_03,D1_Urban,86.2,6.0,3160,0.79,29,140,07:15,13:15,17.8,17.6,Dry,0.0,Completed,0,0.0,25.1,,,,,,,,,None,,Not_Installed_Diesel,Quarter_End,2025-04-11T13:45:00,,2025-08-15T00:00:00
2025-04-11,D-04,Diesel,Diesel,Class6_Box,DUTY_SUB_01,D2_Suburban,131.6,6.8,2840,0.71,15,261,07:00,13:48,17.2,17.6,Dry,0.0,Completed,0,0.0,38.4,,,,,,,,,None,,Not_Installed_Diesel,Quarter_End,2025-04-11T13:59:00,,2025-08-15T00:00:00
2025-04-11,D-05,Diesel,Diesel,Class6_Box,DUTY_SUB_02,D2_Suburban,135.0,6.9,2680,0.67,17,284,07:15,14:09,16.9,17.6,Dry,0.0,Completed,0,0.0,36.6,,,,,,,,,None,,Not_Installed_Diesel,Quarter_End,2025-04-11T14:39:00,,2025-08-15T00:00:00
2025-04-11,D-06,Diesel,Diesel,Class6_Box,DUTY_SUB_03,D2_Suburban,136.2,7.2,2840,0.71,15,295,07:00,14:12,16.8,17.6,Dry,0.0,Completed,0,0.0,37.7,,,,,,,,,None,,Not_Installed_Diesel,Quarter_End,2025-04-11T14:42:00,,2025-08-15T00:00:00
2025-04-11,D-07,Diesel,Diesel,Class6_Box,DUTY_SUB_04,D2_Suburban,134.4,6.9,2960,0.74,12,282,07:15,14:09,16.9,17.6,Dry,0.0,Completed,0,0.0,38.2,,,,,,,,,None,,Not_Installed_Diesel,Quarter_End,2025-04-11T14:39:00,,2025-08-15T00:00:00
2025-04-11,D-08,Diesel,Diesel,Class6_Box,DUTY_REG_01,D3_Regional,208.4,7.6,3080,0.77,6,528,07:15,14:51,16.1,17.6,Dry,0.0,Completed,0,0.0,55.9,,,,,,,,,None,,Not_Installed_Diesel,Quarter_End,2025-04-11T14:59:00,,2025-08-15T00:00:00
2025-04-11,D-09,Diesel,Diesel,Class6_Box,DUTY_REG_02,D3_Regional,205.9,8.0,2760,0.69,8,489,07:30,15:30,15.5,17.6,Dry,0.0,Completed,0,0.0,56.7,,,,,,,,,None,,Not_Installed_Diesel,Quarter_End,2025-04-11T15:59:00,,2025-08-15T00:00:00
2025-04-11,D-10,Diesel,Diesel,Class6_Box,DUTY_REG_03,D3_Regional,214.3,7.7,3200,0.80,5,539,07:00,14:42,16.3,17.6,Dry,0.0,Completed,0,0.0,56.4,,,,,,,,,None,,Not_Installed_Diesel,Quarter_End,2025-04-11T14:59:00,,2025-08-15T00:00:00
2025-04-14,EV-01,Electric,Electric,Class6_Box,DUTY_URB_01,D1_Urban,82.7,6.1,2640,0.66,30,151,07:00,13:06,17.9,8.0,Rain,1.0,Completed,0,0.0,,154.4,9.7,164.1,186.5,100.0,18.0,CHG-01,50.0,Enhanced_Telemetry,154.5,Received_Valid,Immediate_CAN_Bus,2025-04-14T13:36:00,2025-04-14T13:11:00,2025-04-14T13:11:00
2025-04-14,EV-02,Electric,Electric,Class6_Box,DUTY_URB_02,D1_Urban,86.0,5.5,2960,0.74,31,137,07:30,13:00,18.0,8.0,Rain,1.0,Completed,0,0.0,,149.2,8.6,157.8,179.3,100.0,21.1,CHG-02,50.0,Enhanced_Telemetry,149.1,Received_Valid,Immediate_CAN_Bus,2025-04-14T13:30:00,2025-04-14T13:05:00,2025-04-14T13:05:00
2025-04-14,D-03,Diesel,Diesel,Class6_Box,DUTY_URB_03,D1_Urban,85.5,6.2,2640,0.66,35,148,07:30,13:42,17.3,8.0,Rain,1.0,Completed,0,0.0,25.9,,,,,,,,,None,,Not_Installed_Diesel,Quarter_End,2025-04-14T13:59:00,,2025-08-15T00:00:00
2025-04-14,D-04,Diesel,Diesel,Class6_Box,DUTY_SUB_01,D2_Suburban,133.7,6.1,2720,0.68,14,260,07:00,13:06,17.9,8.0,Rain,1.0,Completed,0,0.0,37.6,,,,,,,,,None,,Not_Installed_Diesel,Quarter_End,2025-04-14T13:36:00,,2025-08-15T00:00:00
2025-04-14,D-05,Diesel,Diesel,Class6_Box,DUTY_SUB_02,D2_Suburban,133.8,6.5,2960,0.74,15,280,07:15,13:45,17.2,8.0,Rain,1.0,Completed,0,0.0,37.1,,,,,,,,,None,,Not_Installed_Diesel,Quarter_End,2025-04-14T13:59:00,,2025-08-15T00:00:00
2025-04-14,D-06,Diesel,Diesel,Class6_Box,DUTY_SUB_03,D2_Suburban,134.5,7.0,2640,0.66,14,330,07:30,14:30,16.5,8.0,Rain,1.0,Completed,0,0.0,38.5,,,,,,,,,None,,Not_Installed_Diesel,Quarter_End,2025-04-14T14:59:00,,2025-08-15T00:00:00
2025-04-14,D-07,Diesel,Diesel,Class6_Box,DUTY_SUB_04,D2_Suburban,133.6,7.2,2960,0.74,17,286,07:30,14:42,16.3,8.0,Rain,1.0,Completed,0,0.0,37.5,,,,,,,,,None,,Not_Installed_Diesel,Quarter_End,2025-04-14T14:59:00,,2025-08-15T00:00:00
2025-04-14,D-08,Diesel,Diesel,Class6_Box,DUTY_REG_01,D3_Regional,210.5,8.0,3080,0.77,7,507,07:15,15:15,15.8,8.0,Rain,1.0,Completed,0,0.0,57.6,,,,,,,,,None,,Not_Installed_Diesel,Quarter_End,2025-04-14T15:45:00,,2025-08-15T00:00:00
2025-04-14,D-09,Diesel,Diesel,Class6_Box,DUTY_REG_02,D3_Regional,212.1,7.6,2960,0.74,5,510,07:30,15:06,15.9,8.0,Rain,1.0,Completed,0,0.0,56.8,,,,,,,,,None,,Not_Installed_Diesel,Quarter_End,2025-04-14T15:36:00,,2025-08-15T00:00:00
2025-04-14,D-10,Diesel,Diesel,Class6_Box,DUTY_REG_03,D3_Regional,213.6,7.5,2920,0.73,4,530,07:00,14:30,16.5,8.0,Rain,1.0,Completed,0,0.0,56.1,,,,,,,,,None,,Not_Installed_Diesel,Quarter_End,2025-04-14T14:59:00,,2025-08-15T00:00:00
2025-04-15,EV-01,Electric,Electric,Class6_Box,DUTY_URB_01,D1_Urban,85.5,5.6,3120,0.78,31,137,07:15,12:51,18.1,11.2,Dry,0.0,Completed,0,0.0,,148.0,8.1,156.1,177.4,100.0,22.0,CHG-01,50.0,Enhanced_Telemetry,147.7,Received_Valid,Immediate_CAN_Bus,2025-04-15T12:59:00,2025-04-15T12:56:00,2025-04-15T12:56:00
2025-04-15,EV-02,Electric,Electric,Class6_Box,DUTY_URB_02,D1_Urban,85.8,5.5,3080,0.77,29,118,07:15,12:45,18.2,11.2,Dry,0.0,Completed,0,0.0,,154.6,7.5,162.1,184.2,100.0,19.0,CHG-02,50.0,Enhanced_Telemetry,155.6,Received_Valid,Immediate_CAN_Bus,2025-04-15T12:59:00,2025-04-15T12:50:00,2025-04-15T12:50:00
2025-04-15,D-03,Diesel,Diesel,Class6_Box,DUTY_URB_03,D1_Urban,85.9,5.9,2800,0.70,29,158,07:00,12:54,18.1,11.2,Dry,0.0,Completed,0,0.0,25.1,,,,,,,,,None,,Not_Installed_Diesel,Quarter_End,2025-04-15T12:59:00,,2025-08-15T00:00:00
2025-04-15,D-04,Diesel,Diesel,Class6_Box,DUTY_SUB_01,D2_Suburban,134.3,7.0,2840,0.71,19,280,07:00,14:00,17.0,11.2,Dry,0.0,Completed,0,0.0,37.7,,,,,,,,,None,,Not_Installed_Diesel,Quarter_End,2025-04-15T14:30:00,,2025-08-15T00:00:00
2025-04-15,D-05,Diesel,Diesel,Class6_Box,DUTY_SUB_02,D2_Suburban,132.1,6.5,2560,0.64,18,275,07:15,13:45,17.2,11.2,Dry,0.0,Completed,0,0.0,37.8,,,,,,,,,None,,Not_Installed_Diesel,Quarter_End,2025-04-15T13:59:00,,2025-08-15T00:00:00
2025-04-15,D-06,Diesel,Diesel,Class6_Box,DUTY_SUB_03,D2_Suburban,134.5,6.8,3120,0.78,18,322,07:00,13:48,17.2,11.2,Dry,0.0,Completed,0,0.0,38.5,,,,,,,,,None,,Not_Installed_Diesel,Quarter_End,2025-04-15T13:59:00,,2025-08-15T00:00:00
2025-04-15,D-07,Diesel,Diesel,Class6_Box,DUTY_SUB_04,D2_Suburban,136.5,6.7,2800,0.70,11,285,07:00,13:42,17.3,11.2,Dry,0.0,Completed,0,0.0,39.1,,,,,,,,,None,,Not_Installed_Diesel,Quarter_End,2025-04-15T13:59:00,,2025-08-15T00:00:00
2025-04-15,D-08,Diesel,Diesel,Class6_Box,DUTY_REG_01,D3_Regional,213.5,8.0,2800,0.70,6,517,07:00,15:00,16.0,11.2,Dry,0.0,Completed,0,0.0,56.6,,,,,,,,,None,,Not_Installed_Diesel,Quarter_End,2025-04-15T15:30:00,,2025-08-15T00:00:00
2025-04-15,D-09,Diesel,Diesel,Class6_Box,DUTY_REG_02,D3_Regional,207.1,7.5,3280,0.82,8,491,07:30,15:00,16.0,11.2,Dry,0.0,Completed,0,0.0,56.8,,,,,,,,,None,,Not_Installed_Diesel,Quarter_End,2025-04-15T15:30:00,,2025-08-15T00:00:00
2025-04-15,D-10,Diesel,Diesel,Class6_Box,DUTY_REG_03,D3_Regional,209.1,8.0,2280,0.57,7,544,07:00,15:00,16.0,11.2,Dry,0.0,Completed,0,0.0,57.1,,,,,,,,,None,,Not_Installed_Diesel,Quarter_End,2025-04-15T15:30:00,,2025-08-15T00:00:00
2025-04-16,EV-01,Electric,Electric,Class6_Box,DUTY_URB_01,D1_Urban,87.2,5.7,3200,0.80,28,140,07:00,12:42,18.3,8.1,Rain,2.5,Completed,0,0.0,,151.3,9.4,160.7,182.6,100.0,19.7,CHG-01,50.0,Enhanced_Telemetry,151.9,Received_Valid,Immediate_CAN_Bus,2025-04-16T12:59:00,2025-04-16T12:47:00,2025-04-16T12:47:00
2025-04-16,EV-02,Electric,Electric,Class6_Box,DUTY_URB_02,D1_Urban,85.7,5.9,2360,0.59,26,148,07:30,13:24,17.6,8.1,Rain,2.5,Completed,0,0.0,,148.0,9.5,157.5,179.0,100.0,21.2,CHG-02,50.0,Enhanced_Telemetry,147.5,Received_Valid,Immediate_CAN_Bus,2025-04-16T13:54:00,2025-04-16T13:29:00,2025-04-16T13:29:00
2025-04-16,D-03,Diesel,Diesel,Class6_Box,DUTY_URB_03,D1_Urban,88.7,5.7,3000,0.75,32,154,07:30,13:12,17.8,8.1,Rain,2.5,Completed,0,0.0,25.3,,,,,,,,,None,,Not_Installed_Diesel,Quarter_End,2025-04-16T13:42:00,,2025-08-15T00:00:00
2025-04-16,D-04,Diesel,Diesel,Class6_Box,DUTY_SUB_01,D2_Suburban,133.1,7.6,3440,0.86,18,296,07:15,14:51,16.1,8.1,Rain,2.5,Late,0,0.0,39.1,,,,,,,,,None,,Not_Installed_Diesel,Quarter_End,2025-04-16T14:59:00,,2025-08-15T00:00:00
2025-04-16,D-05,Diesel,Diesel,Class6_Box,DUTY_SUB_02,D2_Suburban,136.6,6.8,2840,0.71,18,284,07:00,13:48,17.2,8.1,Rain,2.5,Completed,0,0.0,38.3,,,,,,,,,None,,Not_Installed_Diesel,Quarter_End,2025-04-16T13:59:00,,2025-08-15T00:00:00
2025-04-16,D-06,Diesel,Diesel,Class6_Box,DUTY_SUB_03,D2_Suburban,132.4,6.8,2920,0.73,17,320,07:15,14:03,16.9,8.1,Rain,2.5,Completed,0,0.0,37.7,,,,,,,,,None,,Not_Installed_Diesel,Quarter_End,2025-04-16T14:33:00,,2025-08-15T00:00:00
2025-04-16,D-07,Diesel,Diesel,Class6_Box,DUTY_SUB_04,D2_Suburban,136.6,6.3,2880,0.72,12,275,07:00,13:18,17.7,8.1,Rain,2.5,Completed,0,0.0,38.0,,,,,,,,,None,,Not_Installed_Diesel,Quarter_End,2025-04-16T13:48:00,,2025-08-15T00:00:00
2025-04-16,D-08,Diesel,Diesel,Class6_Box,DUTY_REG_01,D3_Regional,210.8,7.8,3000,0.75,4,512,07:30,15:18,15.7,8.1,Rain,2.5,Completed,0,0.0,56.7,,,,,,,,,None,,Not_Installed_Diesel,Quarter_End,2025-04-16T15:48:00,,2025-08-15T00:00:00
2025-04-16,D-09,Diesel,Diesel,Class6_Box,DUTY_REG_02,D3_Regional,204.8,8.2,2960,0.74,7,480,07:15,15:26,15.6,8.1,Rain,2.5,Completed,0,0.0,56.5,,,,,,,,,None,,Not_Installed_Diesel,Quarter_End,2025-04-16T15:56:00,,2025-08-15T00:00:00
2025-04-16,D-10,Diesel,Diesel,Class6_Box,DUTY_REG_03,D3_Regional,210.0,7.7,2720,0.68,4,537,07:00,14:42,16.3,8.1,Rain,2.5,Completed,0,0.0,56.7,,,,,,,,,None,,Not_Installed_Diesel,Quarter_End,2025-04-16T14:59:00,,2025-08-15T00:00:00
2025-04-17,EV-01,Electric,Electric,Class6_Box,DUTY_URB_01,D1_Urban,87.7,5.8,3120,0.78,27,149,07:15,13:03,17.9,12.1,Dry,0.0,Completed,0,0.0,,149.7,7.8,157.5,179.0,100.0,21.2,CHG-01,50.0,Enhanced_Telemetry,,Dropped_Cellular_Deadzone,Immediate_CAN_Bus,2025-04-17T13:33:00,2025-04-17T13:08:00,2025-04-17T13:33:00
2025-04-17,EV-02,Electric,Electric,Class6_Box,DUTY_URB_02,D1_Urban,85.1,5.8,2800,0.70,29,151,07:30,13:18,17.7,12.1,Dry,0.0,Completed,0,0.0,,143.6,8.7,152.3,173.1,100.0,23.8,CHG-02,50.0,Enhanced_Telemetry,144.2,Received_Valid,Immediate_CAN_Bus,2025-04-17T13:48:00,2025-04-17T13:23:00,2025-04-17T13:23:00
2025-04-17,D-03,Diesel,Diesel,Class6_Box,DUTY_URB_03,D1_Urban,85.1,5.7,2720,0.68,30,131,07:30,13:12,17.8,12.1,Dry,0.0,Outsourced,1,180.0,,,,,,,,,,None,,Not_Applicable_Outsourced,Quarter_End,2025-04-17T13:42:00,,2025-04-17T13:42:00
2025-04-17,D-04,Diesel,Diesel,Class6_Box,DUTY_SUB_01,D2_Suburban,133.2,6.1,2920,0.73,17,294,07:30,13:36,17.4,12.1,Dry,0.0,Completed,0,0.0,37.5,,,,,,,,,None,,Not_Installed_Diesel,Quarter_End,2025-04-17T13:59:00,,2025-08-15T00:00:00
2025-04-17,D-05,Diesel,Diesel,Class6_Box,DUTY_SUB_02,D2_Suburban,136.8,6.2,2680,0.67,12,305,07:00,13:12,17.8,12.1,Dry,0.0,Completed,0,0.0,36.9,,,,,,,,,None,,Not_Installed_Diesel,Quarter_End,2025-04-17T13:42:00,,2025-08-15T00:00:00
2025-04-17,D-06,Diesel,Diesel,Class6_Box,DUTY_SUB_03,D2_Suburban,134.7,6.9,2840,0.71,16,324,07:00,13:54,17.1,12.1,Dry,0.0,Completed,0,0.0,37.8,,,,,,,,,None,,Not_Installed_Diesel,Quarter_End,2025-04-17T13:59:00,,2025-08-15T00:00:00
2025-04-17,D-07,Diesel,Diesel,Class6_Box,DUTY_SUB_04,D2_Suburban,136.0,6.1,2560,0.64,14,263,07:30,13:36,17.4,12.1,Dry,0.0,Completed,0,0.0,37.1,,,,,,,,,None,,Not_Installed_Diesel,Quarter_End,2025-04-17T13:59:00,,2025-08-15T00:00:00
2025-04-17,D-08,Diesel,Diesel,Class6_Box,DUTY_REG_01,D3_Regional,209.8,7.9,2880,0.72,4,519,07:00,14:54,16.1,12.1,Dry,0.0,Completed,0,0.0,57.3,,,,,,,,,None,,Not_Installed_Diesel,Quarter_End,2025-04-17T14:59:00,,2025-08-15T00:00:00
2025-04-17,D-09,Diesel,Diesel,Class6_Box,DUTY_REG_02,D3_Regional,209.7,7.8,2800,0.70,5,480,07:15,15:03,15.9,12.1,Dry,0.0,Completed,0,0.0,57.1,,,,,,,,,None,,Not_Installed_Diesel,Quarter_End,2025-04-17T15:33:00,,2025-08-15T00:00:00
2025-04-17,D-10,Diesel,Diesel,Class6_Box,DUTY_REG_03,D3_Regional,214.4,7.7,2640,0.66,9,553,07:30,15:12,15.8,12.1,Dry,0.0,Completed,0,0.0,56.5,,,,,,,,,None,,Not_Installed_Diesel,Quarter_End,2025-04-17T15:42:00,,2025-08-15T00:00:00
2025-04-18,EV-01,Electric,Electric,Class6_Box,DUTY_URB_01,D1_Urban,84.6,6.4,3000,0.75,31,135,07:00,13:24,17.6,18.2,Rain,0.6,Late,0,0.0,,148.9,8.2,157.1,178.5,100.0,21.5,CHG-01,50.0,Enhanced_Telemetry,148.4,Received_Valid,Immediate_CAN_Bus,2025-04-18T13:54:00,2025-04-18T13:29:00,2025-04-18T13:29:00
2025-04-18,EV-02,Electric,Electric,Class6_Box,DUTY_URB_02,D1_Urban,86.6,6.0,3240,0.81,27,115,07:00,13:00,18.0,18.2,Rain,0.6,Completed,0,0.0,,144.9,10.5,155.4,176.6,100.0,22.3,CHG-02,50.0,Enhanced_Telemetry,144.7,Received_Valid,Immediate_CAN_Bus,2025-04-18T13:30:00,2025-04-18T13:05:00,2025-04-18T13:05:00
2025-04-18,D-03,Diesel,Diesel,Class6_Box,DUTY_URB_03,D1_Urban,85.3,5.7,3080,0.77,35,156,07:30,13:12,17.8,18.2,Rain,0.6,Completed,0,0.0,25.8,,,,,,,,,None,,Not_Installed_Diesel,Quarter_End,2025-04-18T13:42:00,,2025-08-15T00:00:00
2025-04-18,D-04,Diesel,Diesel,Class6_Box,DUTY_SUB_01,D2_Suburban,133.3,6.2,3040,0.76,18,294,07:30,13:42,17.3,18.2,Rain,0.6,Completed,0,0.0,37.9,,,,,,,,,None,,Not_Installed_Diesel,Quarter_End,2025-04-18T13:59:00,,2025-08-15T00:00:00
2025-04-18,D-05,Diesel,Diesel,Class6_Box,DUTY_SUB_02,D2_Suburban,135.5,6.6,2880,0.72,15,306,07:30,14:06,16.9,18.2,Rain,0.6,Completed,0,0.0,37.6,,,,,,,,,None,,Not_Installed_Diesel,Quarter_End,2025-04-18T14:36:00,,2025-08-15T00:00:00
2025-04-18,D-06,Diesel,Diesel,Class6_Box,DUTY_SUB_03,D2_Suburban,134.3,6.4,2960,0.74,17,322,07:15,13:39,17.4,18.2,Rain,0.6,Completed,0,0.0,37.5,,,,,,,,,None,,Not_Installed_Diesel,Quarter_End,2025-04-18T13:59:00,,2025-08-15T00:00:00
2025-04-18,D-07,Diesel,Diesel,Class6_Box,DUTY_SUB_04,D2_Suburban,138.2,6.0,3080,0.77,14,275,07:00,13:00,18.0,18.2,Rain,0.6,Completed,0,0.0,38.6,,,,,,,,,None,,Not_Installed_Diesel,Quarter_End,2025-04-18T13:30:00,,2025-08-15T00:00:00
2025-04-18,D-08,Diesel,Diesel,Class6_Box,DUTY_REG_01,D3_Regional,211.0,7.3,2920,0.73,6,532,07:30,14:48,16.2,18.2,Rain,0.6,Completed,0,0.0,56.2,,,,,,,,,None,,Not_Installed_Diesel,Quarter_End,2025-04-18T14:59:00,,2025-08-15T00:00:00
2025-04-18,D-09,Diesel,Diesel,Class6_Box,DUTY_REG_02,D3_Regional,209.7,7.7,2800,0.70,8,470,07:30,15:12,15.8,18.2,Rain,0.6,Completed,0,0.0,58.5,,,,,,,,,None,,Not_Installed_Diesel,Quarter_End,2025-04-18T15:42:00,,2025-08-15T00:00:00
2025-04-18,D-10,Diesel,Diesel,Class6_Box,DUTY_REG_03,D3_Regional,208.8,7.9,2800,0.70,7,540,07:30,15:24,15.6,18.2,Rain,0.6,Completed,0,0.0,56.7,,,,,,,,,None,,Not_Installed_Diesel,Quarter_End,2025-04-18T15:54:00,,2025-08-15T00:00:00
2025-04-21,EV-01,Electric,Electric,Class6_Box,DUTY_URB_01,D1_Urban,84.6,5.9,3200,0.80,30,144,07:15,13:09,17.9,21.2,Dry,0.0,Completed,0,0.0,,156.2,10.3,166.5,189.2,100.0,16.8,CHG-01,50.0,Enhanced_Telemetry,156.0,Received_Valid,Immediate_CAN_Bus,2025-04-21T13:39:00,2025-04-21T13:14:00,2025-04-21T13:14:00
2025-04-21,EV-02,Electric,Electric,Class6_Box,DUTY_URB_02,D1_Urban,83.6,5.7,3040,0.76,30,155,07:30,13:12,17.8,21.2,Dry,0.0,Completed,0,0.0,,140.1,11.1,151.2,171.8,100.0,24.4,CHG-02,50.0,Enhanced_Telemetry,141.2,Received_Valid,Immediate_CAN_Bus,2025-04-21T13:42:00,2025-04-21T13:17:00,2025-04-21T13:17:00
2025-04-21,D-03,Diesel,Diesel,Class6_Box,DUTY_URB_03,D1_Urban,89.0,5.7,2920,0.73,35,156,07:15,12:57,18.1,21.2,Dry,0.0,Completed,0,0.0,25.8,,,,,,,,,None,,Not_Installed_Diesel,Quarter_End,2025-04-21T12:59:00,,2025-08-15T00:00:00
2025-04-21,D-04,Diesel,Diesel,Class6_Box,DUTY_SUB_01,D2_Suburban,133.3,6.6,3040,0.76,13,293,07:30,14:06,16.9,21.2,Dry,0.0,Completed,0,0.0,37.8,,,,,,,,,None,,Not_Installed_Diesel,Quarter_End,2025-04-21T14:36:00,,2025-08-15T00:00:00
2025-04-21,D-05,Diesel,Diesel,Class6_Box,DUTY_SUB_02,D2_Suburban,133.3,6.5,3120,0.78,14,297,07:15,13:45,17.2,21.2,Dry,0.0,Completed,0,0.0,38.1,,,,,,,,,None,,Not_Installed_Diesel,Quarter_End,2025-04-21T13:59:00,,2025-08-15T00:00:00
2025-04-21,D-06,Diesel,Diesel,Class6_Box,DUTY_SUB_03,D2_Suburban,137.4,6.3,3240,0.81,15,297,07:00,13:18,17.7,21.2,Dry,0.0,Completed,0,0.0,38.0,,,,,,,,,None,,Not_Installed_Diesel,Quarter_End,2025-04-21T13:48:00,,2025-08-15T00:00:00
2025-04-21,D-07,Diesel,Diesel,Class6_Box,DUTY_SUB_04,D2_Suburban,139.8,6.3,2600,0.65,13,262,07:30,13:48,17.2,21.2,Dry,0.0,Completed,0,0.0,38.3,,,,,,,,,None,,Not_Installed_Diesel,Quarter_End,2025-04-21T13:59:00,,2025-08-15T00:00:00
2025-04-21,D-08,Diesel,Diesel,Class6_Box,DUTY_REG_01,D3_Regional,208.6,7.9,2680,0.67,3,506,07:00,14:54,16.1,21.2,Dry,0.0,Completed,0,0.0,56.9,,,,,,,,,None,,Not_Installed_Diesel,Quarter_End,2025-04-21T14:59:00,,2025-08-15T00:00:00
2025-04-21,D-09,Diesel,Diesel,Class6_Box,DUTY_REG_02,D3_Regional,206.3,7.8,2680,0.67,2,497,07:00,14:48,16.2,21.2,Dry,0.0,Completed,0,0.0,56.5,,,,,,,,,None,,Not_Installed_Diesel,Quarter_End,2025-04-21T14:59:00,,2025-08-15T00:00:00
2025-04-21,D-10,Diesel,Diesel,Class6_Box,DUTY_REG_03,D3_Regional,211.9,8.4,2280,0.57,5,557,07:00,15:24,15.6,21.2,Dry,0.0,Completed,0,0.0,57.3,,,,,,,,,None,,Not_Installed_Diesel,Quarter_End,2025-04-21T15:54:00,,2025-08-15T00:00:00
2025-04-22,EV-01,Electric,Electric,Class6_Box,DUTY_URB_01,D1_Urban,86.6,5.5,3040,0.76,28,134,07:15,12:45,18.2,14.8,Dry,0.0,Completed,0,0.0,,154.0,9.9,163.9,186.2,100.0,18.0,CHG-01,50.0,Enhanced_Telemetry,153.9,Received_Valid,Immediate_CAN_Bus,2025-04-22T12:59:00,2025-04-22T12:50:00,2025-04-22T12:50:00
2025-04-22,EV-02,Electric,Electric,Class6_Box,DUTY_URB_02,D1_Urban,84.0,5.5,3000,0.75,30,129,07:00,12:30,18.5,14.8,Dry,0.0,Completed,0,0.0,,144.9,8.5,153.4,174.3,100.0,23.3,CHG-02,50.0,Enhanced_Telemetry,144.2,Received_Valid,Immediate_CAN_Bus,2025-04-22T12:59:00,2025-04-22T12:35:00,2025-04-22T12:35:00
2025-04-22,D-03,Diesel,Diesel,Class6_Box,DUTY_URB_03,D1_Urban,85.2,6.1,2840,0.71,32,140,07:00,13:06,17.9,14.8,Dry,0.0,Completed,0,0.0,25.5,,,,,,,,,None,,Not_Installed_Diesel,Quarter_End,2025-04-22T13:36:00,,2025-08-15T00:00:00
2025-04-22,D-04,Diesel,Diesel,Class6_Box,DUTY_SUB_01,D2_Suburban,135.4,6.2,2960,0.74,16,283,07:15,13:27,17.6,14.8,Dry,0.0,Completed,0,0.0,37.9,,,,,,,,,None,,Not_Installed_Diesel,Quarter_End,2025-04-22T13:57:00,,2025-08-15T00:00:00
2025-04-22,D-05,Diesel,Diesel,Class6_Box,DUTY_SUB_02,D2_Suburban,134.9,6.3,2640,0.66,18,307,07:30,13:48,17.2,14.8,Dry,0.0,Completed,0,0.0,38.4,,,,,,,,,None,,Not_Installed_Diesel,Quarter_End,2025-04-22T13:59:00,,2025-08-15T00:00:00
2025-04-22,D-06,Diesel,Diesel,Class6_Box,DUTY_SUB_03,D2_Suburban,137.6,7.2,3040,0.76,19,302,07:00,14:12,16.8,14.8,Dry,0.0,Completed,0,0.0,38.1,,,,,,,,,None,,Not_Installed_Diesel,Quarter_End,2025-04-22T14:42:00,,2025-08-15T00:00:00
2025-04-22,D-07,Diesel,Diesel,Class6_Box,DUTY_SUB_04,D2_Suburban,136.7,6.5,3040,0.76,16,264,07:30,14:00,17.0,14.8,Dry,0.0,Completed,0,0.0,38.2,,,,,,,,,None,,Not_Installed_Diesel,Quarter_End,2025-04-22T14:30:00,,2025-08-15T00:00:00
2025-04-22,D-08,Diesel,Diesel,Class6_Box,DUTY_REG_01,D3_Regional,208.1,7.6,3120,0.78,3,527,07:00,14:36,16.4,14.8,Dry,0.0,Completed,0,0.0,56.6,,,,,,,,,None,,Not_Installed_Diesel,Quarter_End,2025-04-22T14:59:00,,2025-08-15T00:00:00
2025-04-22,D-09,Diesel,Diesel,Class6_Box,DUTY_REG_02,D3_Regional,210.0,7.7,3000,0.75,6,473,07:30,15:12,15.8,14.8,Dry,0.0,Completed,0,0.0,56.7,,,,,,,,,None,,Not_Installed_Diesel,Quarter_End,2025-04-22T15:42:00,,2025-08-15T00:00:00
2025-04-22,D-10,Diesel,Diesel,Class6_Box,DUTY_REG_03,D3_Regional,211.9,7.6,2880,0.72,7,555,07:30,15:06,15.9,14.8,Dry,0.0,Completed,0,0.0,57.1,,,,,,,,,None,,Not_Installed_Diesel,Quarter_End,2025-04-22T15:36:00,,2025-08-15T00:00:00
2025-04-23,EV-01,Electric,Electric,Class6_Box,DUTY_URB_01,D1_Urban,85.5,5.5,2840,0.71,32,153,07:15,12:45,18.2,16.5,Dry,0.0,Completed,0,0.0,,156.5,7.7,164.2,186.6,100.0,17.9,CHG-01,50.0,Enhanced_Telemetry,155.9,Received_Valid,Immediate_CAN_Bus,2025-04-23T12:59:00,2025-04-23T12:50:00,2025-04-23T12:50:00
2025-04-23,EV-02,Electric,Electric,Class6_Box,DUTY_URB_02,D1_Urban,84.9,6.0,3280,0.82,26,132,07:00,13:00,18.0,16.5,Dry,0.0,Completed,0,0.0,,146.9,7.4,154.3,175.3,100.0,22.8,CHG-02,50.0,Enhanced_Telemetry,,Dropped_Cellular_Deadzone,Immediate_CAN_Bus,2025-04-23T13:30:00,2025-04-23T13:05:00,2025-04-23T13:30:00
2025-04-23,D-03,Diesel,Diesel,Class6_Box,DUTY_URB_03,D1_Urban,84.1,5.8,2880,0.72,29,160,07:30,13:18,17.7,16.5,Dry,0.0,Completed,0,0.0,26.1,,,,,,,,,None,,Not_Installed_Diesel,Quarter_End,2025-04-23T13:48:00,,2025-08-15T00:00:00
2025-04-23,D-04,Diesel,Diesel,Class6_Box,DUTY_SUB_01,D2_Suburban,134.1,6.4,3080,0.77,13,294,07:30,13:54,17.1,16.5,Dry,0.0,Completed,0,0.0,37.6,,,,,,,,,None,,Not_Installed_Diesel,Quarter_End,2025-04-23T13:59:00,,2025-08-15T00:00:00
2025-04-23,D-05,Diesel,Diesel,Class6_Box,DUTY_SUB_02,D2_Suburban,132.9,6.1,2480,0.62,17,308,07:00,13:06,17.9,16.5,Dry,0.0,Completed,0,0.0,38.1,,,,,,,,,None,,Not_Installed_Diesel,Quarter_End,2025-04-23T13:36:00,,2025-08-15T00:00:00
2025-04-23,D-06,Diesel,Diesel,Class6_Box,DUTY_SUB_03,D2_Suburban,134.6,6.6,2640,0.66,15,320,07:00,13:36,17.4,16.5,Dry,0.0,Completed,0,0.0,37.5,,,,,,,,,None,,Not_Installed_Diesel,Quarter_End,2025-04-23T13:59:00,,2025-08-15T00:00:00
2025-04-23,D-07,Diesel,Diesel,Class6_Box,DUTY_SUB_04,D2_Suburban,136.1,6.7,3200,0.80,13,265,07:30,14:12,16.8,16.5,Dry,0.0,Completed,0,0.0,37.9,,,,,,,,,None,,Not_Installed_Diesel,Quarter_End,2025-04-23T14:42:00,,2025-08-15T00:00:00
2025-04-23,D-08,Diesel,Diesel,Class6_Box,DUTY_REG_01,D3_Regional,213.9,8.0,3040,0.76,8,500,07:30,15:30,15.5,16.5,Dry,0.0,Completed,0,0.0,56.9,,,,,,,,,None,,Not_Installed_Diesel,Quarter_End,2025-04-23T15:59:00,,2025-08-15T00:00:00
2025-04-23,D-09,Diesel,Diesel,Class6_Box,DUTY_REG_02,D3_Regional,210.6,8.0,3200,0.80,4,479,07:00,15:00,16.0,16.5,Dry,0.0,Completed,0,0.0,56.4,,,,,,,,,None,,Not_Installed_Diesel,Quarter_End,2025-04-23T15:30:00,,2025-08-15T00:00:00
2025-04-23,D-10,Diesel,Diesel,Class6_Box,DUTY_REG_03,D3_Regional,214.4,7.6,2920,0.73,7,540,07:15,14:51,16.1,16.5,Dry,0.0,Completed,0,0.0,57.1,,,,,,,,,None,,Not_Installed_Diesel,Quarter_End,2025-04-23T14:59:00,,2025-08-15T00:00:00
2025-04-24,EV-01,Electric,Electric,Class6_Box,DUTY_URB_01,D1_Urban,85.4,5.7,2440,0.61,29,126,07:00,12:42,18.3,11.4,Dry,0.0,Completed,0,0.0,,149.0,9.5,158.5,180.1,100.0,20.8,CHG-01,50.0,Enhanced_Telemetry,149.0,Received_Valid,Immediate_CAN_Bus,2025-04-24T12:59:00,2025-04-24T12:47:00,2025-04-24T12:47:00
2025-04-24,EV-02,Electric,Electric,Class6_Box,DUTY_URB_02,D1_Urban,85.6,6.0,2720,0.68,30,122,07:15,13:15,17.8,11.4,Dry,0.0,Completed,0,0.0,,150.6,9.2,159.8,181.6,100.0,20.1,CHG-02,50.0,Enhanced_Telemetry,151.6,Received_Valid,Immediate_CAN_Bus,2025-04-24T13:45:00,2025-04-24T13:20:00,2025-04-24T13:20:00
2025-04-24,D-03,Diesel,Diesel,Class6_Box,DUTY_URB_03,D1_Urban,88.5,6.3,2760,0.69,29,127,07:30,13:48,17.2,11.4,Dry,0.0,Completed,0,0.0,26.2,,,,,,,,,None,,Not_Installed_Diesel,Quarter_End,2025-04-24T13:59:00,,2025-08-15T00:00:00
2025-04-24,D-04,Diesel,Diesel,Class6_Box,DUTY_SUB_01,D2_Suburban,132.3,6.3,3360,0.84,15,291,07:30,13:48,17.2,11.4,Dry,0.0,Completed,0,0.0,37.3,,,,,,,,,None,,Not_Installed_Diesel,Quarter_End,2025-04-24T13:59:00,,2025-08-15T00:00:00
2025-04-24,D-05,Diesel,Diesel,Class6_Box,DUTY_SUB_02,D2_Suburban,138.1,6.4,3040,0.76,13,290,07:15,13:39,17.4,11.4,Dry,0.0,Completed,0,0.0,37.8,,,,,,,,,None,,Not_Installed_Diesel,Quarter_End,2025-04-24T13:59:00,,2025-08-15T00:00:00
2025-04-24,D-06,Diesel,Diesel,Class6_Box,DUTY_SUB_03,D2_Suburban,135.0,6.9,3160,0.79,16,310,07:15,14:09,16.9,11.4,Dry,0.0,Completed,0,0.0,38.3,,,,,,,,,None,,Not_Installed_Diesel,Quarter_End,2025-04-24T14:39:00,,2025-08-15T00:00:00
2025-04-24,D-07,Diesel,Diesel,Class6_Box,DUTY_SUB_04,D2_Suburban,134.7,6.3,2600,0.65,14,290,07:30,13:48,17.2,11.4,Dry,0.0,Completed,0,0.0,37.7,,,,,,,,,None,,Not_Installed_Diesel,Quarter_End,2025-04-24T13:59:00,,2025-08-15T00:00:00
2025-04-24,D-08,Diesel,Diesel,Class6_Box,DUTY_REG_01,D3_Regional,207.9,7.9,2720,0.68,3,515,07:15,15:09,15.8,11.4,Dry,0.0,Completed,0,0.0,56.9,,,,,,,,,None,,Not_Installed_Diesel,Quarter_End,2025-04-24T15:39:00,,2025-08-15T00:00:00
2025-04-24,D-09,Diesel,Diesel,Class6_Box,DUTY_REG_02,D3_Regional,210.1,7.8,2840,0.71,8,478,07:30,15:18,15.7,11.4,Dry,0.0,Completed,0,0.0,56.9,,,,,,,,,None,,Not_Installed_Diesel,Quarter_End,2025-04-24T15:48:00,,2025-08-15T00:00:00
2025-04-24,D-10,Diesel,Diesel,Class6_Box,DUTY_REG_03,D3_Regional,211.5,8.3,2800,0.70,7,531,07:30,15:48,15.2,11.4,Dry,0.0,Completed,0,0.0,56.1,,,,,,,,,None,,Not_Installed_Diesel,Quarter_End,2025-04-24T15:59:00,,2025-08-15T00:00:00
2025-04-25,EV-01,Electric,Electric,Class6_Box,DUTY_URB_01,D1_Urban,85.3,5.8,2960,0.74,29,129,07:30,13:18,17.7,17.4,Rain,3.6,Completed,0,0.0,,149.9,8.8,158.7,180.3,100.0,20.7,CHG-01,50.0,Enhanced_Telemetry,149.4,Received_Valid,Immediate_CAN_Bus,2025-04-25T13:48:00,2025-04-25T13:23:00,2025-04-25T13:23:00
2025-04-25,EV-02,Electric,Electric,Class6_Box,DUTY_URB_02,D1_Urban,84.7,6.0,2800,0.70,30,136,07:15,13:15,17.8,17.4,Rain,3.6,Completed,0,0.0,,149.3,6.8,156.1,177.4,100.0,22.0,CHG-02,50.0,Enhanced_Telemetry,149.2,Received_Valid,Immediate_CAN_Bus,2025-04-25T13:45:00,2025-04-25T13:20:00,2025-04-25T13:20:00
2025-04-25,D-03,Diesel,Diesel,Class6_Box,DUTY_URB_03,D1_Urban,85.5,5.6,3040,0.76,29,150,07:15,12:51,18.1,17.4,Rain,3.6,Completed,0,0.0,24.8,,,,,,,,,None,,Not_Installed_Diesel,Quarter_End,2025-04-25T12:59:00,,2025-08-15T00:00:00
2025-04-25,D-04,Diesel,Diesel,Class6_Box,DUTY_SUB_01,D2_Suburban,134.0,6.8,3400,0.85,17,284,07:00,13:48,17.2,17.4,Rain,3.6,Completed,0,0.0,38.0,,,,,,,,,None,,Not_Installed_Diesel,Quarter_End,2025-04-25T13:59:00,,2025-08-15T00:00:00
2025-04-25,D-05,Diesel,Diesel,Class6_Box,DUTY_SUB_02,D2_Suburban,134.4,6.4,2520,0.63,17,299,07:15,13:39,17.4,17.4,Rain,3.6,Completed,0,0.0,37.6,,,,,,,,,None,,Not_Installed_Diesel,Quarter_End,2025-04-25T13:59:00,,2025-08-15T00:00:00
2025-04-25,D-06,Diesel,Diesel,Class6_Box,DUTY_SUB_03,D2_Suburban,135.1,6.9,3040,0.76,20,311,07:00,13:54,17.1,17.4,Rain,3.6,Completed,0,0.0,38.0,,,,,,,,,None,,Not_Installed_Diesel,Quarter_End,2025-04-25T13:59:00,,2025-08-15T00:00:00
2025-04-25,D-07,Diesel,Diesel,Class6_Box,DUTY_SUB_04,D2_Suburban,136.0,6.7,2800,0.70,11,270,07:30,14:12,16.8,17.4,Rain,3.6,Completed,0,0.0,38.0,,,,,,,,,None,,Not_Installed_Diesel,Quarter_End,2025-04-25T14:42:00,,2025-08-15T00:00:00
2025-04-25,D-08,Diesel,Diesel,Class6_Box,DUTY_REG_01,D3_Regional,210.2,8.2,2840,0.71,6,532,07:00,15:11,15.8,17.4,Rain,3.6,Completed,0,0.0,57.1,,,,,,,,,None,,Not_Installed_Diesel,Quarter_End,2025-04-25T15:41:00,,2025-08-15T00:00:00
2025-04-25,D-09,Diesel,Diesel,Class6_Box,DUTY_REG_02,D3_Regional,210.2,7.5,3320,0.83,6,479,07:15,14:45,16.2,17.4,Rain,3.6,Completed,0,0.0,57.2,,,,,,,,,None,,Not_Installed_Diesel,Quarter_End,2025-04-25T14:59:00,,2025-08-15T00:00:00
2025-04-25,D-10,Diesel,Diesel,Class6_Box,DUTY_REG_03,D3_Regional,213.6,8.2,3080,0.77,5,539,07:30,15:41,15.3,17.4,Rain,3.6,Completed,0,0.0,56.8,,,,,,,,,None,,Not_Installed_Diesel,Quarter_End,2025-04-25T15:59:00,,2025-08-15T00:00:00
2025-04-28,EV-01,Electric,Electric,Class6_Box,DUTY_URB_01,D1_Urban,83.3,6.2,2560,0.64,29,138,07:15,13:27,17.6,16.3,Dry,0.0,Completed,0,0.0,,151.1,9.5,160.6,182.5,100.0,19.7,CHG-01,50.0,Enhanced_Telemetry,151.3,Received_Valid,Immediate_CAN_Bus,2025-04-28T13:57:00,2025-04-28T13:32:00,2025-04-28T13:32:00
2025-04-28,EV-02,Electric,Electric,Class6_Box,DUTY_URB_02,D1_Urban,90.6,6.0,2800,0.70,28,121,07:00,13:00,18.0,16.3,Dry,0.0,Completed,0,0.0,,163.0,9.5,172.5,196.0,100.0,13.8,CHG-02,50.0,Enhanced_Telemetry,161.7,Received_Valid,Immediate_CAN_Bus,2025-04-28T13:30:00,2025-04-28T13:05:00,2025-04-28T13:05:00
2025-04-28,D-03,Diesel,Diesel,Class6_Box,DUTY_URB_03,D1_Urban,86.8,6.0,3160,0.79,31,135,07:15,13:15,17.8,16.3,Dry,0.0,Completed,0,0.0,25.6,,,,,,,,,None,,Not_Installed_Diesel,Quarter_End,2025-04-28T13:45:00,,2025-08-15T00:00:00
2025-04-28,D-04,Diesel,Diesel,Class6_Box,DUTY_SUB_01,D2_Suburban,136.0,6.7,2640,0.66,14,267,07:30,14:12,16.8,16.3,Dry,0.0,Completed,0,0.0,38.3,,,,,,,,,None,,Not_Installed_Diesel,Quarter_End,2025-04-28T14:42:00,,2025-08-15T00:00:00
2025-04-28,D-05,Diesel,Diesel,Class6_Box,DUTY_SUB_02,D2_Suburban,133.0,6.6,2640,0.66,16,290,07:30,14:06,16.9,16.3,Dry,0.0,Completed,0,0.0,39.1,,,,,,,,,None,,Not_Installed_Diesel,Quarter_End,2025-04-28T14:36:00,,2025-08-15T00:00:00
2025-04-28,D-06,Diesel,Diesel,Class6_Box,DUTY_SUB_03,D2_Suburban,137.3,6.7,2520,0.63,18,290,07:00,13:42,17.3,16.3,Dry,0.0,Completed,0,0.0,38.2,,,,,,,,,None,,Not_Installed_Diesel,Quarter_End,2025-04-28T13:59:00,,2025-08-15T00:00:00
2025-04-28,D-07,Diesel,Diesel,Class6_Box,DUTY_SUB_04,D2_Suburban,134.7,6.5,2560,0.64,14,284,07:15,13:45,17.2,16.3,Dry,0.0,Completed,0,0.0,38.3,,,,,,,,,None,,Not_Installed_Diesel,Quarter_End,2025-04-28T13:59:00,,2025-08-15T00:00:00
2025-04-28,D-08,Diesel,Diesel,Class6_Box,DUTY_REG_01,D3_Regional,209.5,7.7,2920,0.73,5,538,07:15,14:57,16.1,16.3,Dry,0.0,Completed,0,0.0,57.2,,,,,,,,,None,,Not_Installed_Diesel,Quarter_End,2025-04-28T14:59:00,,2025-08-15T00:00:00
2025-04-28,D-09,Diesel,Diesel,Class6_Box,DUTY_REG_02,D3_Regional,209.3,7.8,3280,0.82,6,472,07:00,14:48,16.2,16.3,Dry,0.0,Completed,0,0.0,56.7,,,,,,,,,None,,Not_Installed_Diesel,Quarter_End,2025-04-28T14:59:00,,2025-08-15T00:00:00
2025-04-28,D-10,Diesel,Diesel,Class6_Box,DUTY_REG_03,D3_Regional,212.1,8.3,2760,0.69,6,546,07:30,15:48,15.2,16.3,Dry,0.0,Completed,0,0.0,57.1,,,,,,,,,None,,Not_Installed_Diesel,Quarter_End,2025-04-28T15:59:00,,2025-08-15T00:00:00
2025-04-29,EV-01,Electric,Electric,Class6_Box,DUTY_URB_01,D1_Urban,83.9,5.9,2920,0.73,29,131,07:15,13:09,17.9,19.6,Dry,0.0,Completed,0,0.0,,145.5,8.2,153.7,174.7,100.0,23.2,CHG-01,50.0,Enhanced_Telemetry,146.2,Received_Valid,Immediate_CAN_Bus,2025-04-29T13:39:00,2025-04-29T13:14:00,2025-04-29T13:14:00
2025-04-29,EV-02,Electric,Electric,Class6_Box,DUTY_URB_02,D1_Urban,86.0,5.6,2760,0.69,30,142,07:15,12:51,18.1,19.6,Dry,0.0,Completed,0,0.0,,154.4,8.4,162.8,185.0,100.0,18.6,CHG-02,50.0,Enhanced_Telemetry,154.7,Received_Valid,Immediate_CAN_Bus,2025-04-29T12:59:00,2025-04-29T12:56:00,2025-04-29T12:56:00
2025-04-29,D-03,Diesel,Diesel,Class6_Box,DUTY_URB_03,D1_Urban,85.1,5.6,2640,0.66,30,145,07:30,13:06,17.9,19.6,Dry,0.0,Completed,0,0.0,25.9,,,,,,,,,None,,Not_Installed_Diesel,Quarter_End,2025-04-29T13:36:00,,2025-08-15T00:00:00
2025-04-29,D-04,Diesel,Diesel,Class6_Box,DUTY_SUB_01,D2_Suburban,135.6,6.5,2800,0.70,18,286,07:15,13:45,17.2,19.6,Dry,0.0,Completed,0,0.0,38.1,,,,,,,,,None,,Not_Installed_Diesel,Quarter_End,2025-04-29T13:59:00,,2025-08-15T00:00:00
2025-04-29,D-05,Diesel,Diesel,Class6_Box,DUTY_SUB_02,D2_Suburban,135.8,6.5,2600,0.65,13,282,07:00,13:30,17.5,19.6,Dry,0.0,Completed,0,0.0,38.1,,,,,,,,,None,,Not_Installed_Diesel,Quarter_End,2025-04-29T13:59:00,,2025-08-15T00:00:00
2025-04-29,D-06,Diesel,Diesel,Class6_Box,DUTY_SUB_03,D2_Suburban,138.5,6.4,3040,0.76,16,309,07:30,13:54,17.1,19.6,Dry,0.0,Completed,0,0.0,37.8,,,,,,,,,None,,Not_Installed_Diesel,Quarter_End,2025-04-29T13:59:00,,2025-08-15T00:00:00
2025-04-29,D-07,Diesel,Diesel,Class6_Box,DUTY_SUB_04,D2_Suburban,136.4,6.3,3000,0.75,17,276,07:15,13:33,17.4,19.6,Dry,0.0,Completed,0,0.0,37.4,,,,,,,,,None,,Not_Installed_Diesel,Quarter_End,2025-04-29T13:59:00,,2025-08-15T00:00:00
2025-04-29,D-08,Diesel,Diesel,Class6_Box,DUTY_REG_01,D3_Regional,210.6,7.6,2560,0.64,8,539,07:00,14:36,16.4,19.6,Dry,0.0,Completed,0,0.0,57.3,,,,,,,,,None,,Not_Installed_Diesel,Quarter_End,2025-04-29T14:59:00,,2025-08-15T00:00:00
2025-04-29,D-09,Diesel,Diesel,Class6_Box,DUTY_REG_02,D3_Regional,205.5,7.7,2680,0.67,6,476,07:00,14:42,16.3,19.6,Dry,0.0,Completed,0,0.0,57.0,,,,,,,,,None,,Not_Installed_Diesel,Quarter_End,2025-04-29T14:59:00,,2025-08-15T00:00:00
2025-04-29,D-10,Diesel,Diesel,Class6_Box,DUTY_REG_03,D3_Regional,209.8,8.3,2400,0.60,6,559,07:15,15:33,15.4,19.6,Dry,0.0,Completed,0,0.0,56.4,,,,,,,,,None,,Not_Installed_Diesel,Quarter_End,2025-04-29T15:59:00,,2025-08-15T00:00:00
2025-04-30,EV-01,Electric,Electric,Class6_Box,DUTY_URB_01,D1_Urban,83.6,5.8,2680,0.67,32,136,07:15,13:03,17.9,19.8,Dry,0.0,Completed,0,0.0,,153.4,9.1,162.5,184.7,100.0,18.8,CHG-01,50.0,Enhanced_Telemetry,153.4,Received_Valid,Immediate_CAN_Bus,2025-04-30T13:33:00,2025-04-30T13:08:00,2025-04-30T13:08:00
2025-04-30,EV-02,Electric,Electric,Class6_Box,DUTY_URB_02,D1_Urban,84.6,5.9,2640,0.66,30,153,07:15,13:09,17.9,19.8,Dry,0.0,Completed,0,0.0,,143.5,11.4,154.9,176.0,100.0,22.5,CHG-02,50.0,Enhanced_Telemetry,143.9,Received_Valid,Immediate_CAN_Bus,2025-04-30T13:39:00,2025-04-30T13:14:00,2025-04-30T13:14:00
2025-04-30,D-03,Diesel,Diesel,Class6_Box,DUTY_URB_03,D1_Urban,83.4,5.5,2360,0.59,35,161,07:15,12:45,18.2,19.8,Dry,0.0,Completed,0,0.0,25.1,,,,,,,,,None,,Not_Installed_Diesel,Quarter_End,2025-04-30T12:59:00,,2025-08-15T00:00:00
2025-04-30,D-04,Diesel,Diesel,Class6_Box,DUTY_SUB_01,D2_Suburban,133.8,6.5,2600,0.65,18,296,07:15,13:45,17.2,19.8,Dry,0.0,Completed,0,0.0,38.5,,,,,,,,,None,,Not_Installed_Diesel,Quarter_End,2025-04-30T13:59:00,,2025-08-15T00:00:00
2025-04-30,D-05,Diesel,Diesel,Class6_Box,DUTY_SUB_02,D2_Suburban,136.6,6.6,3080,0.77,17,307,07:30,14:06,16.9,19.8,Dry,0.0,Completed,0,0.0,37.8,,,,,,,,,None,,Not_Installed_Diesel,Quarter_End,2025-04-30T14:36:00,,2025-08-15T00:00:00
2025-04-30,D-06,Diesel,Diesel,Class6_Box,DUTY_SUB_03,D2_Suburban,135.0,6.4,2720,0.68,15,304,07:15,13:39,17.4,19.8,Dry,0.0,Completed,0,0.0,36.9,,,,,,,,,None,,Not_Installed_Diesel,Quarter_End,2025-04-30T13:59:00,,2025-08-15T00:00:00
2025-04-30,D-07,Diesel,Diesel,Class6_Box,DUTY_SUB_04,D2_Suburban,136.2,6.5,3560,0.89,12,295,07:00,13:30,17.5,19.8,Dry,0.0,Completed,0,0.0,38.1,,,,,,,,,None,,Not_Installed_Diesel,Quarter_End,2025-04-30T13:59:00,,2025-08-15T00:00:00
2025-04-30,D-08,Diesel,Diesel,Class6_Box,DUTY_REG_01,D3_Regional,211.1,8.2,3080,0.77,9,513,07:15,15:26,15.6,19.8,Dry,0.0,Completed,0,0.0,57.1,,,,,,,,,None,,Not_Installed_Diesel,Quarter_End,2025-04-30T15:56:00,,2025-08-15T00:00:00
2025-04-30,D-09,Diesel,Diesel,Class6_Box,DUTY_REG_02,D3_Regional,205.2,8.0,2920,0.73,7,498,07:00,15:00,16.0,19.8,Dry,0.0,Completed,0,0.0,57.0,,,,,,,,,None,,Not_Installed_Diesel,Quarter_End,2025-04-30T15:30:00,,2025-08-15T00:00:00
2025-04-30,D-10,Diesel,Diesel,Class6_Box,DUTY_REG_03,D3_Regional,211.3,7.4,3520,0.88,8,564,07:00,14:24,16.6,19.8,Dry,0.0,Completed,0,0.0,56.7,,,,,,,,,None,,Not_Installed_Diesel,Quarter_End,2025-04-30T14:54:00,,2025-08-15T00:00:00
2025-05-01,EV-01,Electric,Electric,Class6_Box,DUTY_URB_01,D1_Urban,84.0,5.8,3000,0.75,33,143,07:15,13:03,17.9,18.4,Rain,0.7,Completed,0,0.0,,148.6,9.0,157.6,179.1,100.0,21.2,CHG-01,50.0,Enhanced_Telemetry,148.8,Received_Valid,Immediate_CAN_Bus,2025-05-01T13:33:00,2025-05-01T13:08:00,2025-05-01T13:08:00
2025-05-01,EV-02,Electric,Electric,Class6_Box,DUTY_URB_02,D1_Urban,85.5,6.0,3080,0.77,30,133,07:15,13:15,17.8,18.4,Rain,0.7,Completed,0,0.0,,149.5,7.5,157.0,178.4,100.0,21.5,CHG-02,50.0,Enhanced_Telemetry,149.0,Received_Valid,Immediate_CAN_Bus,2025-05-01T13:45:00,2025-05-01T13:20:00,2025-05-01T13:20:00
2025-05-01,D-03,Diesel,Diesel,Class6_Box,DUTY_URB_03,D1_Urban,84.1,5.4,3240,0.81,31,150,07:30,12:54,18.1,18.4,Rain,0.7,Completed,0,0.0,24.6,,,,,,,,,None,,Not_Installed_Diesel,Quarter_End,2025-05-01T12:59:00,,2025-08-15T00:00:00
2025-05-01,D-04,Diesel,Diesel,Class6_Box,DUTY_SUB_01,D2_Suburban,134.3,6.4,2440,0.61,17,266,07:30,13:54,17.1,18.4,Rain,0.7,Completed,0,0.0,38.7,,,,,,,,,None,,Not_Installed_Diesel,Quarter_End,2025-05-01T13:59:00,,2025-08-15T00:00:00
2025-05-01,D-05,Diesel,Diesel,Class6_Box,DUTY_SUB_02,D2_Suburban,138.5,6.1,2600,0.65,14,307,07:30,13:36,17.4,18.4,Rain,0.7,Completed,0,0.0,38.5,,,,,,,,,None,,Not_Installed_Diesel,Quarter_End,2025-05-01T13:59:00,,2025-08-15T00:00:00
2025-05-01,D-06,Diesel,Diesel,Class6_Box,DUTY_SUB_03,D2_Suburban,138.2,6.7,3040,0.76,15,313,07:15,13:57,17.1,18.4,Rain,0.7,Completed,0,0.0,37.9,,,,,,,,,None,,Not_Installed_Diesel,Quarter_End,2025-05-01T13:59:00,,2025-08-15T00:00:00
2025-05-01,D-07,Diesel,Diesel,Class6_Box,DUTY_SUB_04,D2_Suburban,134.1,6.4,3040,0.76,12,290,07:00,13:24,17.6,18.4,Rain,0.7,Completed,0,0.0,37.0,,,,,,,,,None,,Not_Installed_Diesel,Quarter_End,2025-05-01T13:54:00,,2025-08-15T00:00:00
2025-05-01,D-08,Diesel,Diesel,Class6_Box,DUTY_REG_01,D3_Regional,207.7,8.3,3120,0.78,6,527,07:15,15:33,15.4,18.4,Rain,0.7,Completed,0,0.0,57.0,,,,,,,,,None,,Not_Installed_Diesel,Quarter_End,2025-05-01T15:59:00,,2025-08-15T00:00:00
2025-05-01,D-09,Diesel,Diesel,Class6_Box,DUTY_REG_02,D3_Regional,209.9,7.9,2720,0.68,6,490,07:00,14:54,16.1,18.4,Rain,0.7,Completed,0,0.0,57.9,,,,,,,,,None,,Not_Installed_Diesel,Quarter_End,2025-05-01T14:59:00,,2025-08-15T00:00:00
2025-05-01,D-10,Diesel,Diesel,Class6_Box,DUTY_REG_03,D3_Regional,211.7,8.0,2680,0.67,8,563,07:00,15:00,16.0,18.4,Rain,0.7,Completed,0,0.0,57.0,,,,,,,,,None,,Not_Installed_Diesel,Quarter_End,2025-05-01T15:30:00,,2025-08-15T00:00:00
2025-05-02,EV-01,Electric,Electric,Class6_Box,DUTY_URB_01,D1_Urban,84.3,6.0,2920,0.73,27,155,07:00,13:00,18.0,16.3,Dry,0.0,Completed,0,0.0,,143.5,6.7,150.2,170.7,100.0,24.9,CHG-01,50.0,Enhanced_Telemetry,144.0,Received_Valid,Immediate_CAN_Bus,2025-05-02T13:30:00,2025-05-02T13:05:00,2025-05-02T13:05:00
2025-05-02,EV-02,Electric,Electric,Class6_Box,DUTY_URB_02,D1_Urban,80.7,5.5,3120,0.78,25,129,07:00,12:30,18.5,16.3,Dry,0.0,Completed,0,0.0,,142.1,7.5,149.6,170.0,100.0,25.2,CHG-02,50.0,Enhanced_Telemetry,143.1,Received_Valid,Immediate_CAN_Bus,2025-05-02T12:59:00,2025-05-02T12:35:00,2025-05-02T12:35:00
2025-05-02,D-03,Diesel,Diesel,Class6_Box,DUTY_URB_03,D1_Urban,88.0,6.1,3000,0.75,35,148,07:00,13:06,17.9,16.3,Dry,0.0,Completed,0,0.0,25.7,,,,,,,,,None,,Not_Installed_Diesel,Quarter_End,2025-05-02T13:36:00,,2025-08-15T00:00:00
2025-05-02,D-04,Diesel,Diesel,Class6_Box,DUTY_SUB_01,D2_Suburban,133.1,6.6,2960,0.74,17,284,07:15,13:51,17.1,16.3,Dry,0.0,Completed,0,0.0,37.7,,,,,,,,,None,,Not_Installed_Diesel,Quarter_End,2025-05-02T13:59:00,,2025-08-15T00:00:00
2025-05-02,D-05,Diesel,Diesel,Class6_Box,DUTY_SUB_02,D2_Suburban,132.0,6.3,2760,0.69,15,310,07:30,13:48,17.2,16.3,Dry,0.0,Completed,0,0.0,37.7,,,,,,,,,None,,Not_Installed_Diesel,Quarter_End,2025-05-02T13:59:00,,2025-08-15T00:00:00
2025-05-02,D-06,Diesel,Diesel,Class6_Box,DUTY_SUB_03,D2_Suburban,139.0,7.0,3120,0.78,19,295,07:15,14:15,16.8,16.3,Dry,0.0,Completed,0,0.0,37.1,,,,,,,,,None,,Not_Installed_Diesel,Quarter_End,2025-05-02T14:45:00,,2025-08-15T00:00:00
2025-05-02,D-07,Diesel,Diesel,Class6_Box,DUTY_SUB_04,D2_Suburban,136.1,6.5,2640,0.66,11,268,07:15,13:45,17.2,16.3,Dry,0.0,Completed,0,0.0,36.8,,,,,,,,,None,,Not_Installed_Diesel,Quarter_End,2025-05-02T13:59:00,,2025-08-15T00:00:00
2025-05-02,D-08,Diesel,Diesel,Class6_Box,DUTY_REG_01,D3_Regional,209.4,7.7,3120,0.78,4,532,07:00,14:42,16.3,16.3,Dry,0.0,Completed,0,0.0,57.9,,,,,,,,,None,,Not_Installed_Diesel,Quarter_End,2025-05-02T14:59:00,,2025-08-15T00:00:00
2025-05-02,D-09,Diesel,Diesel,Class6_Box,DUTY_REG_02,D3_Regional,208.7,7.5,3000,0.75,4,497,07:30,15:00,16.0,16.3,Dry,0.0,Completed,0,0.0,56.8,,,,,,,,,None,,Not_Installed_Diesel,Quarter_End,2025-05-02T15:30:00,,2025-08-15T00:00:00
2025-05-02,D-10,Diesel,Diesel,Class6_Box,DUTY_REG_03,D3_Regional,210.7,7.9,2920,0.73,9,563,07:15,15:09,15.8,16.3,Dry,0.0,Completed,0,0.0,56.7,,,,,,,,,None,,Not_Installed_Diesel,Quarter_End,2025-05-02T15:39:00,,2025-08-15T00:00:00
2025-05-05,EV-01,Electric,Electric,Class6_Box,DUTY_URB_01,D1_Urban,83.5,5.9,2840,0.71,30,137,07:15,13:09,17.9,25.2,Dry,0.0,Completed,0,0.0,,146.9,11.0,157.9,179.4,100.0,21.0,CHG-01,50.0,Enhanced_Telemetry,146.4,Received_Valid,Immediate_CAN_Bus,2025-05-05T13:39:00,2025-05-05T13:14:00,2025-05-05T13:14:00
2025-05-05,EV-02,Electric,Electric,Class6_Box,DUTY_URB_02,D1_Urban,85.9,5.4,2880,0.72,30,118,07:30,12:54,18.1,25.2,Dry,0.0,Completed,0,0.0,,150.3,11.6,161.9,184.0,100.0,19.0,CHG-02,50.0,Enhanced_Telemetry,151.1,Received_Valid,Immediate_CAN_Bus,2025-05-05T12:59:00,2025-05-05T12:59:00,2025-05-05T12:59:00
2025-05-05,D-03,Diesel,Diesel,Class6_Box,DUTY_URB_03,D1_Urban,84.1,5.9,2800,0.70,33,150,07:30,13:24,17.6,25.2,Dry,0.0,Completed,0,0.0,25.8,,,,,,,,,None,,Not_Installed_Diesel,Quarter_End,2025-05-05T13:54:00,,2025-08-15T00:00:00
2025-05-05,D-04,Diesel,Diesel,Class6_Box,DUTY_SUB_01,D2_Suburban,135.1,6.3,2680,0.67,13,266,07:00,13:18,17.7,25.2,Dry,0.0,Completed,0,0.0,37.9,,,,,,,,,None,,Not_Installed_Diesel,Quarter_End,2025-05-05T13:48:00,,2025-08-15T00:00:00
2025-05-05,D-05,Diesel,Diesel,Class6_Box,DUTY_SUB_02,D2_Suburban,134.7,6.6,3000,0.75,13,291,07:00,13:36,17.4,25.2,Dry,0.0,Completed,0,0.0,38.8,,,,,,,,,None,,Not_Installed_Diesel,Quarter_End,2025-05-05T13:59:00,,2025-08-15T00:00:00
2025-05-05,D-06,Diesel,Diesel,Class6_Box,DUTY_SUB_03,D2_Suburban,135.4,6.6,2840,0.71,16,320,07:30,14:06,16.9,25.2,Dry,0.0,Completed,0,0.0,37.8,,,,,,,,,None,,Not_Installed_Diesel,Quarter_End,2025-05-05T14:36:00,,2025-08-15T00:00:00
2025-05-05,D-07,Diesel,Diesel,Class6_Box,DUTY_SUB_04,D2_Suburban,135.2,6.7,2880,0.72,15,265,07:00,13:42,17.3,25.2,Dry,0.0,Completed,0,0.0,37.7,,,,,,,,,None,,Not_Installed_Diesel,Quarter_End,2025-05-05T13:59:00,,2025-08-15T00:00:00
2025-05-05,D-08,Diesel,Diesel,Class6_Box,DUTY_REG_01,D3_Regional,204.6,7.6,2880,0.72,3,522,07:15,14:51,16.1,25.2,Dry,0.0,Completed,0,0.0,55.9,,,,,,,,,None,,Not_Installed_Diesel,Quarter_End,2025-05-05T14:59:00,,2025-08-15T00:00:00
2025-05-05,D-09,Diesel,Diesel,Class6_Box,DUTY_REG_02,D3_Regional,210.6,7.9,3560,0.89,7,510,07:00,14:54,16.1,25.2,Dry,0.0,Completed,0,0.0,56.9,,,,,,,,,None,,Not_Installed_Diesel,Quarter_End,2025-05-05T14:59:00,,2025-08-15T00:00:00
2025-05-05,D-10,Diesel,Diesel,Class6_Box,DUTY_REG_03,D3_Regional,215.0,7.6,3200,0.80,5,554,07:30,15:06,15.9,25.2,Dry,0.0,Completed,0,0.0,56.4,,,,,,,,,None,,Not_Installed_Diesel,Quarter_End,2025-05-05T15:36:00,,2025-08-15T00:00:00
2025-05-06,EV-01,Electric,Electric,Class6_Box,DUTY_URB_01,D1_Urban,85.8,5.7,3080,0.77,32,142,07:15,12:57,18.1,20.5,Dry,0.0,Completed,0,0.0,,147.9,10.2,158.1,179.7,100.0,21.0,CHG-01,50.0,Enhanced_Telemetry,147.8,Received_Valid,Immediate_CAN_Bus,2025-05-06T12:59:00,2025-05-06T12:59:00,2025-05-06T12:59:00
2025-05-06,EV-02,Electric,Electric,Class6_Box,DUTY_URB_02,D1_Urban,83.2,6.0,3160,0.79,29,137,07:15,13:15,17.8,20.5,Dry,0.0,Completed,0,0.0,,145.9,9.5,155.4,176.6,100.0,22.3,CHG-02,50.0,Enhanced_Telemetry,146.2,Received_Valid,Immediate_CAN_Bus,2025-05-06T13:45:00,2025-05-06T13:20:00,2025-05-06T13:20:00
2025-05-06,D-03,Diesel,Diesel,Class6_Box,DUTY_URB_03,D1_Urban,84.9,6.2,2800,0.70,30,144,07:15,13:27,17.6,20.5,Dry,0.0,Completed,0,0.0,25.5,,,,,,,,,None,,Not_Installed_Diesel,Quarter_End,2025-05-06T13:57:00,,2025-08-15T00:00:00
2025-05-06,D-04,Diesel,Diesel,Class6_Box,DUTY_SUB_01,D2_Suburban,133.7,6.1,3040,0.76,13,263,07:15,13:21,17.6,20.5,Dry,0.0,Completed,0,0.0,37.2,,,,,,,,,None,,Not_Installed_Diesel,Quarter_End,2025-05-06T13:51:00,,2025-08-15T00:00:00
2025-05-06,D-05,Diesel,Diesel,Class6_Box,DUTY_SUB_02,D2_Suburban,137.7,6.4,2400,0.60,13,282,07:15,13:39,17.4,20.5,Dry,0.0,Completed,0,0.0,38.1,,,,,,,,,None,,Not_Installed_Diesel,Quarter_End,2025-05-06T13:59:00,,2025-08-15T00:00:00
2025-05-06,D-06,Diesel,Diesel,Class6_Box,DUTY_SUB_03,D2_Suburban,133.6,6.7,2840,0.71,16,309,07:30,14:12,16.8,20.5,Dry,0.0,Completed,0,0.0,37.4,,,,,,,,,None,,Not_Installed_Diesel,Quarter_End,2025-05-06T14:42:00,,2025-08-15T00:00:00
2025-05-06,D-07,Diesel,Diesel,Class6_Box,DUTY_SUB_04,D2_Suburban,135.8,6.6,2840,0.71,15,267,07:30,14:06,16.9,20.5,Dry,0.0,Completed,0,0.0,38.0,,,,,,,,,None,,Not_Installed_Diesel,Quarter_End,2025-05-06T14:36:00,,2025-08-15T00:00:00
2025-05-06,D-08,Diesel,Diesel,Class6_Box,DUTY_REG_01,D3_Regional,206.7,7.4,2800,0.70,7,522,07:15,14:39,16.4,20.5,Dry,0.0,Completed,0,0.0,56.7,,,,,,,,,None,,Not_Installed_Diesel,Quarter_End,2025-05-06T14:59:00,,2025-08-15T00:00:00
2025-05-06,D-09,Diesel,Diesel,Class6_Box,DUTY_REG_02,D3_Regional,208.6,7.6,3240,0.81,3,509,07:30,15:06,15.9,20.5,Dry,0.0,Completed,0,0.0,56.5,,,,,,,,,None,,Not_Installed_Diesel,Quarter_End,2025-05-06T15:36:00,,2025-08-15T00:00:00
2025-05-06,D-10,Diesel,Diesel,Class6_Box,DUTY_REG_03,D3_Regional,211.4,7.7,3040,0.76,4,559,07:30,15:12,15.8,20.5,Dry,0.0,Completed,0,0.0,57.2,,,,,,,,,None,,Not_Installed_Diesel,Quarter_End,2025-05-06T15:42:00,,2025-08-15T00:00:00
2025-05-07,EV-01,Electric,Electric,Class6_Box,DUTY_URB_01,D1_Urban,86.2,5.9,2960,0.74,30,141,07:30,13:24,17.6,13.9,Windy,0.0,Completed,0,0.0,,149.5,7.1,156.6,178.0,100.0,21.7,CHG-01,50.0,Enhanced_Telemetry,148.8,Received_Valid,Immediate_CAN_Bus,2025-05-07T13:54:00,2025-05-07T13:29:00,2025-05-07T13:29:00
2025-05-07,EV-02,Electric,Electric,Class6_Box,DUTY_URB_02,D1_Urban,85.5,5.5,2880,0.72,30,155,07:00,12:30,18.5,13.9,Windy,0.0,Completed,0,0.0,,148.7,8.7,157.4,178.9,100.0,21.3,CHG-02,50.0,Enhanced_Telemetry,148.8,Received_Valid,Immediate_CAN_Bus,2025-05-07T12:59:00,2025-05-07T12:35:00,2025-05-07T12:35:00
2025-05-07,D-03,Diesel,Diesel,Class6_Box,DUTY_URB_03,D1_Urban,85.5,5.9,2720,0.68,33,132,07:00,12:54,18.1,13.9,Windy,0.0,Completed,0,0.0,25.8,,,,,,,,,None,,Not_Installed_Diesel,Quarter_End,2025-05-07T12:59:00,,2025-08-15T00:00:00
2025-05-07,D-04,Diesel,Diesel,Class6_Box,DUTY_SUB_01,D2_Suburban,134.3,6.9,2840,0.71,19,294,07:15,14:09,16.9,13.9,Windy,0.0,Completed,0,0.0,37.3,,,,,,,,,None,,Not_Installed_Diesel,Quarter_End,2025-05-07T14:39:00,,2025-08-15T00:00:00
2025-05-07,D-05,Diesel,Diesel,Class6_Box,DUTY_SUB_02,D2_Suburban,136.3,6.9,3080,0.77,17,285,07:30,14:24,16.6,13.9,Windy,0.0,Completed,0,0.0,38.4,,,,,,,,,None,,Not_Installed_Diesel,Quarter_End,2025-05-07T14:54:00,,2025-08-15T00:00:00
2025-05-07,D-06,Diesel,Diesel,Class6_Box,DUTY_SUB_03,D2_Suburban,137.4,6.6,3120,0.78,20,296,07:15,13:51,17.1,13.9,Windy,0.0,Completed,0,0.0,37.9,,,,,,,,,None,,Not_Installed_Diesel,Quarter_End,2025-05-07T13:59:00,,2025-08-15T00:00:00
2025-05-07,D-07,Diesel,Diesel,Class6_Box,DUTY_SUB_04,D2_Suburban,134.7,6.8,2400,0.60,16,294,07:15,14:03,16.9,13.9,Windy,0.0,Completed,0,0.0,37.6,,,,,,,,,None,,Not_Installed_Diesel,Quarter_End,2025-05-07T14:33:00,,2025-08-15T00:00:00
2025-05-07,D-08,Diesel,Diesel,Class6_Box,DUTY_REG_01,D3_Regional,215.0,8.0,2640,0.66,5,533,07:15,15:15,15.8,13.9,Windy,0.0,Completed,0,0.0,57.4,,,,,,,,,None,,Not_Installed_Diesel,Quarter_End,2025-05-07T15:45:00,,2025-08-15T00:00:00
2025-05-07,D-09,Diesel,Diesel,Class6_Box,DUTY_REG_02,D3_Regional,209.1,7.6,2960,0.74,8,489,07:30,15:06,15.9,13.9,Windy,0.0,Completed,0,0.0,57.2,,,,,,,,,None,,Not_Installed_Diesel,Quarter_End,2025-05-07T15:36:00,,2025-08-15T00:00:00
2025-05-07,D-10,Diesel,Diesel,Class6_Box,DUTY_REG_03,D3_Regional,214.6,7.8,2720,0.68,9,550,07:30,15:18,15.7,13.9,Windy,0.0,Completed,0,0.0,56.5,,,,,,,,,None,,Not_Installed_Diesel,Quarter_End,2025-05-07T15:48:00,,2025-08-15T00:00:00
2025-05-08,EV-01,Electric,Electric,Class6_Box,DUTY_URB_01,D1_Urban,85.4,5.9,3120,0.78,27,151,07:00,12:54,18.1,19.6,Dry,0.0,Completed,0,0.0,,147.9,10.9,158.8,180.5,100.0,20.6,CHG-01,50.0,Enhanced_Telemetry,147.8,Received_Valid,Immediate_CAN_Bus,2025-05-08T12:59:00,2025-05-08T12:59:00,2025-05-08T12:59:00
2025-05-08,EV-02,Electric,Electric,Class6_Box,DUTY_URB_02,D1_Urban,88.3,6.0,2640,0.66,28,119,07:00,13:00,18.0,19.6,Dry,0.0,Completed,0,0.0,,153.2,8.8,162.0,184.1,100.0,19.0,CHG-02,50.0,Enhanced_Telemetry,153.3,Received_Valid,Immediate_CAN_Bus,2025-05-08T13:30:00,2025-05-08T13:05:00,2025-05-08T13:05:00
2025-05-08,D-03,Diesel,Diesel,Class6_Box,DUTY_URB_03,D1_Urban,87.7,5.4,2800,0.70,31,131,07:30,12:54,18.1,19.6,Dry,0.0,Completed,0,0.0,25.2,,,,,,,,,None,,Not_Installed_Diesel,Quarter_End,2025-05-08T12:59:00,,2025-08-15T00:00:00
2025-05-08,D-04,Diesel,Diesel,Class6_Box,DUTY_SUB_01,D2_Suburban,134.6,6.6,3240,0.81,19,272,07:00,13:36,17.4,19.6,Dry,0.0,Completed,0,0.0,37.5,,,,,,,,,None,,Not_Installed_Diesel,Quarter_End,2025-05-08T13:59:00,,2025-08-15T00:00:00
2025-05-08,D-05,Diesel,Diesel,Class6_Box,DUTY_SUB_02,D2_Suburban,133.8,6.7,2680,0.67,16,274,07:30,14:12,16.8,19.6,Dry,0.0,Completed,0,0.0,37.3,,,,,,,,,None,,Not_Installed_Diesel,Quarter_End,2025-05-08T14:42:00,,2025-08-15T00:00:00
2025-05-08,D-06,Diesel,Diesel,Class6_Box,DUTY_SUB_03,D2_Suburban,135.1,6.4,2680,0.67,15,294,07:15,13:39,17.4,19.6,Dry,0.0,Completed,0,0.0,37.9,,,,,,,,,None,,Not_Installed_Diesel,Quarter_End,2025-05-08T13:59:00,,2025-08-15T00:00:00
2025-05-08,D-07,Diesel,Diesel,Class6_Box,DUTY_SUB_04,D2_Suburban,136.5,6.6,2800,0.70,15,289,07:15,13:51,17.1,19.6,Dry,0.0,Completed,0,0.0,38.7,,,,,,,,,None,,Not_Installed_Diesel,Quarter_End,2025-05-08T13:59:00,,2025-08-15T00:00:00
2025-05-08,D-08,Diesel,Diesel,Class6_Box,DUTY_REG_01,D3_Regional,211.5,8.1,3040,0.76,9,533,07:30,15:36,15.4,19.6,Dry,0.0,Completed,0,0.0,57.1,,,,,,,,,None,,Not_Installed_Diesel,Quarter_End,2025-05-08T15:59:00,,2025-08-15T00:00:00
2025-05-08,D-09,Diesel,Diesel,Class6_Box,DUTY_REG_02,D3_Regional,209.7,7.6,2800,0.70,2,472,07:15,14:51,16.1,19.6,Dry,0.0,Completed,0,0.0,57.0,,,,,,,,,None,,Not_Installed_Diesel,Quarter_End,2025-05-08T14:59:00,,2025-08-15T00:00:00
2025-05-08,D-10,Diesel,Diesel,Class6_Box,DUTY_REG_03,D3_Regional,210.5,8.0,2840,0.71,7,534,07:30,15:30,15.5,19.6,Dry,0.0,Completed,0,0.0,56.7,,,,,,,,,None,,Not_Installed_Diesel,Quarter_End,2025-05-08T15:59:00,,2025-08-15T00:00:00
2025-05-09,EV-01,Electric,Electric,Class6_Box,DUTY_URB_01,D1_Urban,83.0,5.6,2760,0.69,27,155,07:30,13:06,17.9,16.2,Rain,0.4,Completed,0,0.0,,145.5,8.2,153.7,174.7,100.0,23.2,CHG-01,50.0,Enhanced_Telemetry,145.5,Received_Valid,Immediate_CAN_Bus,2025-05-09T13:36:00,2025-05-09T13:11:00,2025-05-09T13:11:00
2025-05-09,EV-02,Electric,Electric,Class6_Box,DUTY_URB_02,D1_Urban,82.9,6.1,2360,0.59,25,118,07:00,13:06,17.9,16.2,Rain,0.4,Completed,0,0.0,,146.0,6.1,152.1,172.8,100.0,24.0,CHG-02,50.0,Enhanced_Telemetry,145.0,Received_Valid,Immediate_CAN_Bus,2025-05-09T13:36:00,2025-05-09T13:11:00,2025-05-09T13:11:00
2025-05-09,D-03,Diesel,Diesel,Class6_Box,DUTY_URB_03,D1_Urban,84.9,5.9,2800,0.70,35,149,07:15,13:09,17.9,16.2,Rain,0.4,Completed,0,0.0,24.8,,,,,,,,,None,,Not_Installed_Diesel,Quarter_End,2025-05-09T13:39:00,,2025-08-15T00:00:00
2025-05-09,D-04,Diesel,Diesel,Class6_Box,DUTY_SUB_01,D2_Suburban,131.4,6.1,3320,0.83,14,274,07:00,13:06,17.9,16.2,Rain,0.4,Completed,0,0.0,36.8,,,,,,,,,None,,Not_Installed_Diesel,Quarter_End,2025-05-09T13:36:00,,2025-08-15T00:00:00
2025-05-09,D-05,Diesel,Diesel,Class6_Box,DUTY_SUB_02,D2_Suburban,135.3,6.5,2920,0.73,17,285,07:00,13:30,17.5,16.2,Rain,0.4,Completed,0,0.0,37.0,,,,,,,,,None,,Not_Installed_Diesel,Quarter_End,2025-05-09T13:59:00,,2025-08-15T00:00:00
2025-05-09,D-06,Diesel,Diesel,Class6_Box,DUTY_SUB_03,D2_Suburban,133.7,6.8,3040,0.76,19,297,07:30,14:18,16.7,16.2,Rain,0.4,Outsourced,1,270.0,,,,,,,,,,None,,Not_Applicable_Outsourced,Quarter_End,2025-05-09T14:48:00,,2025-05-09T14:48:00
2025-05-09,D-07,Diesel,Diesel,Class6_Box,DUTY_SUB_04,D2_Suburban,136.6,6.4,3280,0.82,16,274,07:15,13:39,17.4,16.2,Rain,0.4,Completed,0,0.0,37.6,,,,,,,,,None,,Not_Installed_Diesel,Quarter_End,2025-05-09T13:59:00,,2025-08-15T00:00:00
2025-05-09,D-08,Diesel,Diesel,Class6_Box,DUTY_REG_01,D3_Regional,212.0,7.7,3080,0.77,7,531,07:15,14:57,16.1,16.2,Rain,0.4,Completed,0,0.0,56.3,,,,,,,,,None,,Not_Installed_Diesel,Quarter_End,2025-05-09T14:59:00,,2025-08-15T00:00:00
2025-05-09,D-09,Diesel,Diesel,Class6_Box,DUTY_REG_02,D3_Regional,210.6,8.0,3040,0.76,8,479,07:15,15:15,15.8,16.2,Rain,0.4,Completed,0,0.0,56.7,,,,,,,,,None,,Not_Installed_Diesel,Quarter_End,2025-05-09T15:45:00,,2025-08-15T00:00:00
2025-05-09,D-10,Diesel,Diesel,Class6_Box,DUTY_REG_03,D3_Regional,212.0,7.6,3160,0.79,4,533,07:15,14:51,16.1,16.2,Rain,0.4,Completed,0,0.0,56.9,,,,,,,,,None,,Not_Installed_Diesel,Quarter_End,2025-05-09T14:59:00,,2025-08-15T00:00:00
2025-05-12,EV-01,Electric,Electric,Class6_Box,DUTY_URB_01,D1_Urban,83.1,6.1,2840,0.71,31,123,07:15,13:21,17.6,22.6,Dry,0.0,Completed,0,0.0,,144.7,12.2,156.9,178.3,100.0,21.5,CHG-01,50.0,Enhanced_Telemetry,144.3,Received_Valid,Immediate_CAN_Bus,2025-05-12T13:51:00,2025-05-12T13:26:00,2025-05-12T13:26:00
2025-05-12,EV-02,Electric,Electric,Class6_Box,DUTY_URB_02,D1_Urban,87.4,5.7,2720,0.68,25,136,07:30,13:12,17.8,22.6,Dry,0.0,Completed,0,0.0,,154.7,9.2,163.9,186.2,100.0,18.0,CHG-02,50.0,Enhanced_Telemetry,154.0,Received_Valid,Immediate_CAN_Bus,2025-05-12T13:42:00,2025-05-12T13:17:00,2025-05-12T13:17:00
2025-05-12,D-03,Diesel,Diesel,Class6_Box,DUTY_URB_03,D1_Urban,86.9,6.1,3240,0.81,34,143,07:15,13:21,17.6,22.6,Dry,0.0,Completed,0,0.0,25.5,,,,,,,,,None,,Not_Installed_Diesel,Quarter_End,2025-05-12T13:51:00,,2025-08-15T00:00:00
2025-05-12,D-04,Diesel,Diesel,Class6_Box,DUTY_SUB_01,D2_Suburban,138.6,6.6,2880,0.72,13,277,07:30,14:06,16.9,22.6,Dry,0.0,Completed,0,0.0,38.4,,,,,,,,,None,,Not_Installed_Diesel,Quarter_End,2025-05-12T14:36:00,,2025-08-15T00:00:00
2025-05-12,D-05,Diesel,Diesel,Class6_Box,DUTY_SUB_02,D2_Suburban,133.7,6.3,2960,0.74,17,286,07:30,13:48,17.2,22.6,Dry,0.0,Completed,0,0.0,38.3,,,,,,,,,None,,Not_Installed_Diesel,Quarter_End,2025-05-12T13:59:00,,2025-08-15T00:00:00
2025-05-12,D-06,Diesel,Diesel,Class6_Box,DUTY_SUB_03,D2_Suburban,133.0,6.6,2880,0.72,14,312,07:15,13:51,17.1,22.6,Dry,0.0,Completed,0,0.0,38.2,,,,,,,,,None,,Not_Installed_Diesel,Quarter_End,2025-05-12T13:59:00,,2025-08-15T00:00:00
2025-05-12,D-07,Diesel,Diesel,Class6_Box,DUTY_SUB_04,D2_Suburban,131.3,6.3,2840,0.71,14,266,07:15,13:33,17.4,22.6,Dry,0.0,Completed,0,0.0,38.2,,,,,,,,,None,,Not_Installed_Diesel,Quarter_End,2025-05-12T13:59:00,,2025-08-15T00:00:00
2025-05-12,D-08,Diesel,Diesel,Class6_Box,DUTY_REG_01,D3_Regional,212.0,7.9,2920,0.73,8,532,07:15,15:09,15.8,22.6,Dry,0.0,Completed,0,0.0,56.7,,,,,,,,,None,,Not_Installed_Diesel,Quarter_End,2025-05-12T15:39:00,,2025-08-15T00:00:00
2025-05-12,D-09,Diesel,Diesel,Class6_Box,DUTY_REG_02,D3_Regional,208.4,8.1,2800,0.70,8,492,07:00,15:06,15.9,22.6,Dry,0.0,Completed,0,0.0,56.5,,,,,,,,,None,,Not_Installed_Diesel,Quarter_End,2025-05-12T15:36:00,,2025-08-15T00:00:00
2025-05-12,D-10,Diesel,Diesel,Class6_Box,DUTY_REG_03,D3_Regional,211.9,7.6,3200,0.80,7,534,07:30,15:06,15.9,22.6,Dry,0.0,Completed,0,0.0,57.0,,,,,,,,,None,,Not_Installed_Diesel,Quarter_End,2025-05-12T15:36:00,,2025-08-15T00:00:00
2025-05-13,EV-01,Electric,Electric,Class6_Box,DUTY_URB_01,D1_Urban,86.4,5.7,3120,0.78,29,159,07:15,12:57,18.1,22.1,Dry,0.0,Completed,0,0.0,,151.9,12.0,163.9,186.2,100.0,18.0,CHG-01,50.0,Enhanced_Telemetry,151.4,Received_Valid,Immediate_CAN_Bus,2025-05-13T12:59:00,2025-05-13T12:59:00,2025-05-13T12:59:00
2025-05-13,EV-02,Electric,Electric,Class6_Box,DUTY_URB_02,D1_Urban,82.4,5.8,2600,0.65,29,137,07:00,12:48,18.2,22.1,Dry,0.0,Completed,0,0.0,,140.9,10.9,151.8,172.5,100.0,24.1,CHG-02,50.0,Enhanced_Telemetry,140.7,Received_Valid,Immediate_CAN_Bus,2025-05-13T12:59:00,2025-05-13T12:53:00,2025-05-13T12:53:00
2025-05-13,D-03,Diesel,Diesel,Class6_Box,DUTY_URB_03,D1_Urban,89.9,5.7,2560,0.64,30,161,07:30,13:12,17.8,22.1,Dry,0.0,Completed,0,0.0,26.2,,,,,,,,,None,,Not_Installed_Diesel,Quarter_End,2025-05-13T13:42:00,,2025-08-15T00:00:00
2025-05-13,D-04,Diesel,Diesel,Class6_Box,DUTY_SUB_01,D2_Suburban,131.8,6.2,2640,0.66,15,277,07:00,13:12,17.8,22.1,Dry,0.0,Completed,0,0.0,38.2,,,,,,,,,None,,Not_Installed_Diesel,Quarter_End,2025-05-13T13:42:00,,2025-08-15T00:00:00
2025-05-13,D-05,Diesel,Diesel,Class6_Box,DUTY_SUB_02,D2_Suburban,132.1,6.6,2320,0.58,12,285,07:15,13:51,17.1,22.1,Dry,0.0,Completed,0,0.0,38.4,,,,,,,,,None,,Not_Installed_Diesel,Quarter_End,2025-05-13T13:59:00,,2025-08-15T00:00:00
2025-05-13,D-06,Diesel,Diesel,Class6_Box,DUTY_SUB_03,D2_Suburban,134.7,6.4,2960,0.74,18,298,07:30,13:54,17.1,22.1,Dry,0.0,Completed,0,0.0,37.2,,,,,,,,,None,,Not_Installed_Diesel,Quarter_End,2025-05-13T13:59:00,,2025-08-15T00:00:00
2025-05-13,D-07,Diesel,Diesel,Class6_Box,DUTY_SUB_04,D2_Suburban,135.0,6.6,2760,0.69,14,281,07:15,13:51,17.1,22.1,Dry,0.0,Completed,0,0.0,37.9,,,,,,,,,None,,Not_Installed_Diesel,Quarter_End,2025-05-13T13:59:00,,2025-08-15T00:00:00
2025-05-13,D-08,Diesel,Diesel,Class6_Box,DUTY_REG_01,D3_Regional,209.8,7.8,3200,0.80,6,506,07:00,14:48,16.2,22.1,Dry,0.0,Completed,0,0.0,56.9,,,,,,,,,None,,Not_Installed_Diesel,Quarter_End,2025-05-13T14:59:00,,2025-08-15T00:00:00
2025-05-13,D-09,Diesel,Diesel,Class6_Box,DUTY_REG_02,D3_Regional,206.7,7.7,3120,0.78,5,492,07:00,14:42,16.3,22.1,Dry,0.0,Completed,0,0.0,57.4,,,,,,,,,None,,Not_Installed_Diesel,Quarter_End,2025-05-13T14:59:00,,2025-08-15T00:00:00
2025-05-13,D-10,Diesel,Diesel,Class6_Box,DUTY_REG_03,D3_Regional,210.6,8.0,2880,0.72,9,552,07:15,15:15,15.8,22.1,Dry,0.0,Completed,0,0.0,56.3,,,,,,,,,None,,Not_Installed_Diesel,Quarter_End,2025-05-13T15:45:00,,2025-08-15T00:00:00
2025-05-14,EV-01,Electric,Electric,Class6_Box,DUTY_URB_01,D1_Urban,84.7,5.4,3320,0.83,31,152,07:30,12:54,18.1,18.2,Dry,0.0,Completed,0,0.0,,152.0,7.4,159.4,181.1,100.0,20.3,CHG-01,50.0,Enhanced_Telemetry,151.6,Received_Valid,Immediate_CAN_Bus,2025-05-14T12:59:00,2025-05-14T12:59:00,2025-05-14T12:59:00
2025-05-14,EV-02,Electric,Electric,Class6_Box,DUTY_URB_02,D1_Urban,85.5,5.6,3280,0.82,26,134,07:15,12:51,18.1,18.2,Dry,0.0,Completed,0,0.0,,147.2,9.7,156.9,178.3,100.0,21.5,CHG-02,50.0,Enhanced_Telemetry,147.7,Received_Valid,Immediate_CAN_Bus,2025-05-14T12:59:00,2025-05-14T12:56:00,2025-05-14T12:56:00
2025-05-14,D-03,Diesel,Diesel,Class6_Box,DUTY_URB_03,D1_Urban,84.8,6.1,3440,0.86,30,134,07:30,13:36,17.4,18.2,Dry,0.0,Completed,0,0.0,25.4,,,,,,,,,None,,Not_Installed_Diesel,Quarter_End,2025-05-14T13:59:00,,2025-08-15T00:00:00
2025-05-14,D-04,Diesel,Diesel,Class6_Box,DUTY_SUB_01,D2_Suburban,133.5,6.5,3000,0.75,16,274,07:00,13:30,17.5,18.2,Dry,0.0,Completed,0,0.0,37.8,,,,,,,,,None,,Not_Installed_Diesel,Quarter_End,2025-05-14T13:59:00,,2025-08-15T00:00:00
2025-05-14,D-05,Diesel,Diesel,Class6_Box,DUTY_SUB_02,D2_Suburban,135.8,6.6,2880,0.72,18,302,07:00,13:36,17.4,18.2,Dry,0.0,Completed,0,0.0,38.8,,,,,,,,,None,,Not_Installed_Diesel,Quarter_End,2025-05-14T13:59:00,,2025-08-15T00:00:00
2025-05-14,D-06,Diesel,Diesel,Class6_Box,DUTY_SUB_03,D2_Suburban,136.1,6.8,3440,0.86,18,317,07:30,14:18,16.7,18.2,Dry,0.0,Completed,0,0.0,38.1,,,,,,,,,None,,Not_Installed_Diesel,Quarter_End,2025-05-14T14:48:00,,2025-08-15T00:00:00
2025-05-14,D-07,Diesel,Diesel,Class6_Box,DUTY_SUB_04,D2_Suburban,138.3,6.9,3000,0.75,14,271,07:15,14:09,16.9,18.2,Dry,0.0,Completed,0,0.0,38.6,,,,,,,,,None,,Not_Installed_Diesel,Quarter_End,2025-05-14T14:39:00,,2025-08-15T00:00:00
2025-05-14,D-08,Diesel,Diesel,Class6_Box,DUTY_REG_01,D3_Regional,211.5,7.7,3120,0.78,5,529,07:30,15:12,15.8,18.2,Dry,0.0,Completed,0,0.0,57.2,,,,,,,,,None,,Not_Installed_Diesel,Quarter_End,2025-05-14T15:42:00,,2025-08-15T00:00:00
2025-05-14,D-09,Diesel,Diesel,Class6_Box,DUTY_REG_02,D3_Regional,210.8,7.9,3000,0.75,6,490,07:30,15:24,15.6,18.2,Dry,0.0,Completed,0,0.0,57.2,,,,,,,,,None,,Not_Installed_Diesel,Quarter_End,2025-05-14T15:54:00,,2025-08-15T00:00:00
2025-05-14,D-10,Diesel,Diesel,Class6_Box,DUTY_REG_03,D3_Regional,213.3,7.8,2720,0.68,5,561,07:00,14:48,16.2,18.2,Dry,0.0,Completed,0,0.0,57.8,,,,,,,,,None,,Not_Installed_Diesel,Quarter_End,2025-05-14T14:59:00,,2025-08-15T00:00:00
2025-05-15,EV-01,Electric,Electric,Class6_Box,DUTY_URB_01,D1_Urban,85.0,5.8,2720,0.68,27,151,07:00,12:48,18.2,18.2,Windy,0.0,Completed,0,0.0,,147.9,10.1,158.0,179.5,100.0,21.0,CHG-01,50.0,Enhanced_Telemetry,148.1,Received_Valid,Immediate_CAN_Bus,2025-05-15T12:59:00,2025-05-15T12:53:00,2025-05-15T12:53:00
2025-05-15,EV-02,Electric,Electric,Class6_Box,DUTY_URB_02,D1_Urban,83.5,5.1,2760,0.69,27,129,07:15,12:21,18.6,18.2,Windy,0.0,Completed,0,0.0,,144.1,7.6,151.7,172.4,100.0,24.2,CHG-02,50.0,Enhanced_Telemetry,143.6,Received_Valid,Immediate_CAN_Bus,2025-05-15T12:51:00,2025-05-15T12:26:00,2025-05-15T12:26:00
2025-05-15,D-03,Diesel,Diesel,Class6_Box,DUTY_URB_03,D1_Urban,86.4,6.5,2640,0.66,35,143,07:00,13:30,17.5,18.2,Windy,0.0,Completed,0,0.0,25.5,,,,,,,,,None,,Not_Installed_Diesel,Quarter_End,2025-05-15T13:59:00,,2025-08-15T00:00:00
2025-05-15,D-04,Diesel,Diesel,Class6_Box,DUTY_SUB_01,D2_Suburban,134.8,6.3,2480,0.62,16,291,07:30,13:48,17.2,18.2,Windy,0.0,Completed,0,0.0,38.4,,,,,,,,,None,,Not_Installed_Diesel,Quarter_End,2025-05-15T13:59:00,,2025-08-15T00:00:00
2025-05-15,D-05,Diesel,Diesel,Class6_Box,DUTY_SUB_02,D2_Suburban,137.9,6.7,2520,0.63,14,290,07:15,13:57,17.1,18.2,Windy,0.0,Completed,0,0.0,37.8,,,,,,,,,None,,Not_Installed_Diesel,Quarter_End,2025-05-15T13:59:00,,2025-08-15T00:00:00
2025-05-15,D-06,Diesel,Diesel,Class6_Box,DUTY_SUB_03,D2_Suburban,134.4,6.5,3120,0.78,18,300,07:30,14:00,17.0,18.2,Windy,0.0,Completed,0,0.0,37.6,,,,,,,,,None,,Not_Installed_Diesel,Quarter_End,2025-05-15T14:30:00,,2025-08-15T00:00:00
2025-05-15,D-07,Diesel,Diesel,Class6_Box,DUTY_SUB_04,D2_Suburban,138.4,6.5,3200,0.80,17,279,07:15,13:45,17.2,18.2,Windy,0.0,Completed,0,0.0,37.3,,,,,,,,,None,,Not_Installed_Diesel,Quarter_End,2025-05-15T13:59:00,,2025-08-15T00:00:00
2025-05-15,D-08,Diesel,Diesel,Class6_Box,DUTY_REG_01,D3_Regional,209.8,8.0,3120,0.78,9,514,07:15,15:15,15.8,18.2,Windy,0.0,Completed,0,0.0,57.2,,,,,,,,,None,,Not_Installed_Diesel,Quarter_End,2025-05-15T15:45:00,,2025-08-15T00:00:00
2025-05-15,D-09,Diesel,Diesel,Class6_Box,DUTY_REG_02,D3_Regional,208.9,7.7,2440,0.61,6,476,07:00,14:42,16.3,18.2,Windy,0.0,Completed,0,0.0,56.9,,,,,,,,,None,,Not_Installed_Diesel,Quarter_End,2025-05-15T14:59:00,,2025-08-15T00:00:00
2025-05-15,D-10,Diesel,Diesel,Class6_Box,DUTY_REG_03,D3_Regional,210.7,8.2,3160,0.79,9,555,07:00,15:11,15.8,18.2,Windy,0.0,Completed,0,0.0,56.7,,,,,,,,,None,,Not_Installed_Diesel,Quarter_End,2025-05-15T15:41:00,,2025-08-15T00:00:00
2025-05-16,EV-01,Electric,Electric,Class6_Box,DUTY_URB_01,D1_Urban,85.0,5.7,2760,0.69,32,154,07:30,13:12,17.8,18.0,Rain,4.2,Completed,0,0.0,,147.5,7.7,155.2,176.4,100.0,22.4,CHG-01,50.0,Enhanced_Telemetry,147.2,Received_Valid,Immediate_CAN_Bus,2025-05-16T13:42:00,2025-05-16T13:17:00,2025-05-16T13:17:00
2025-05-16,EV-02,Electric,Electric,Class6_Box,DUTY_URB_02,D1_Urban,82.1,5.7,2680,0.67,28,127,07:00,12:42,18.3,18.0,Rain,4.2,Completed,0,0.0,,143.2,10.0,153.2,174.1,100.0,23.4,CHG-02,50.0,Enhanced_Telemetry,142.8,Received_Valid,Immediate_CAN_Bus,2025-05-16T12:59:00,2025-05-16T12:47:00,2025-05-16T12:47:00
2025-05-16,D-03,Diesel,Diesel,Class6_Box,DUTY_URB_03,D1_Urban,83.6,5.8,2640,0.66,34,159,07:15,13:03,17.9,18.0,Rain,4.2,Completed,0,0.0,25.5,,,,,,,,,None,,Not_Installed_Diesel,Quarter_End,2025-05-16T13:33:00,,2025-08-15T00:00:00
2025-05-16,D-04,Diesel,Diesel,Class6_Box,DUTY_SUB_01,D2_Suburban,132.1,6.8,2960,0.74,16,283,07:15,14:03,16.9,18.0,Rain,4.2,Completed,0,0.0,38.6,,,,,,,,,None,,Not_Installed_Diesel,Quarter_End,2025-05-16T14:33:00,,2025-08-15T00:00:00
2025-05-16,D-05,Diesel,Diesel,Class6_Box,DUTY_SUB_02,D2_Suburban,136.7,6.9,2880,0.72,15,307,07:30,14:24,16.6,18.0,Rain,4.2,Completed,0,0.0,37.8,,,,,,,,,None,,Not_Installed_Diesel,Quarter_End,2025-05-16T14:54:00,,2025-08-15T00:00:00
2025-05-16,D-06,Diesel,Diesel,Class6_Box,DUTY_SUB_03,D2_Suburban,135.4,6.3,3080,0.77,20,299,07:00,13:18,17.7,18.0,Rain,4.2,Completed,0,0.0,37.8,,,,,,,,,None,,Not_Installed_Diesel,Quarter_End,2025-05-16T13:48:00,,2025-08-15T00:00:00
2025-05-16,D-07,Diesel,Diesel,Class6_Box,DUTY_SUB_04,D2_Suburban,136.1,6.2,2720,0.68,13,270,07:30,13:42,17.3,18.0,Rain,4.2,Completed,0,0.0,38.3,,,,,,,,,None,,Not_Installed_Diesel,Quarter_End,2025-05-16T13:59:00,,2025-08-15T00:00:00
2025-05-16,D-08,Diesel,Diesel,Class6_Box,DUTY_REG_01,D3_Regional,209.1,7.8,2920,0.73,7,507,07:00,14:48,16.2,18.0,Rain,4.2,Completed,0,0.0,57.5,,,,,,,,,None,,Not_Installed_Diesel,Quarter_End,2025-05-16T14:59:00,,2025-08-15T00:00:00
2025-05-16,D-09,Diesel,Diesel,Class6_Box,DUTY_REG_02,D3_Regional,207.5,7.7,2840,0.71,8,505,07:00,14:42,16.3,18.0,Rain,4.2,Completed,0,0.0,56.6,,,,,,,,,None,,Not_Installed_Diesel,Quarter_End,2025-05-16T14:59:00,,2025-08-15T00:00:00
2025-05-16,D-10,Diesel,Diesel,Class6_Box,DUTY_REG_03,D3_Regional,210.0,7.6,3120,0.78,5,548,07:30,15:06,15.9,18.0,Rain,4.2,Completed,0,0.0,56.7,,,,,,,,,None,,Not_Installed_Diesel,Quarter_End,2025-05-16T15:36:00,,2025-08-15T00:00:00
2025-05-19,EV-01,Electric,Electric,Class6_Box,DUTY_URB_01,D1_Urban,85.4,6.0,3080,0.77,32,128,07:15,13:15,17.8,22.1,Dry,0.0,Completed,0,0.0,,154.2,11.0,165.2,187.7,100.0,17.4,CHG-01,50.0,Enhanced_Telemetry,154.2,Received_Valid,Immediate_CAN_Bus,2025-05-19T13:45:00,2025-05-19T13:20:00,2025-05-19T13:20:00
2025-05-19,EV-02,Electric,Electric,Class6_Box,DUTY_URB_02,D1_Urban,86.5,5.8,3240,0.81,29,144,07:15,13:03,17.9,22.1,Dry,0.0,Completed,0,0.0,,155.4,10.8,166.2,188.9,100.0,16.9,CHG-02,50.0,Enhanced_Telemetry,155.2,Received_Valid,Immediate_CAN_Bus,2025-05-19T13:33:00,2025-05-19T13:08:00,2025-05-19T13:08:00
2025-05-19,D-03,Diesel,Diesel,Class6_Box,DUTY_URB_03,D1_Urban,85.3,5.9,2760,0.69,30,142,07:15,13:09,17.9,22.1,Dry,0.0,Completed,0,0.0,25.3,,,,,,,,,None,,Not_Installed_Diesel,Quarter_End,2025-05-19T13:39:00,,2025-08-15T00:00:00
2025-05-19,D-04,Diesel,Diesel,Class6_Box,DUTY_SUB_01,D2_Suburban,134.8,6.3,2800,0.70,14,266,07:30,13:48,17.2,22.1,Dry,0.0,Completed,0,0.0,37.7,,,,,,,,,None,,Not_Installed_Diesel,Quarter_End,2025-05-19T13:59:00,,2025-08-15T00:00:00
2025-05-19,D-05,Diesel,Diesel,Class6_Box,DUTY_SUB_02,D2_Suburban,133.3,6.7,2400,0.60,18,307,07:30,14:12,16.8,22.1,Dry,0.0,Completed,0,0.0,38.3,,,,,,,,,None,,Not_Installed_Diesel,Quarter_End,2025-05-19T14:42:00,,2025-08-15T00:00:00
2025-05-19,D-06,Diesel,Diesel,Class6_Box,DUTY_SUB_03,D2_Suburban,138.7,7.6,3120,0.78,15,299,07:00,14:36,16.4,22.1,Dry,0.0,Late,0,0.0,38.4,,,,,,,,,None,,Not_Installed_Diesel,Quarter_End,2025-05-19T14:59:00,,2025-08-15T00:00:00
2025-05-19,D-07,Diesel,Diesel,Class6_Box,DUTY_SUB_04,D2_Suburban,133.7,6.6,2880,0.72,13,287,07:15,13:51,17.1,22.1,Dry,0.0,Completed,0,0.0,37.6,,,,,,,,,None,,Not_Installed_Diesel,Quarter_End,2025-05-19T13:59:00,,2025-08-15T00:00:00
2025-05-19,D-08,Diesel,Diesel,Class6_Box,DUTY_REG_01,D3_Regional,212.0,8.2,2560,0.64,4,540,07:15,15:26,15.6,22.1,Dry,0.0,Completed,0,0.0,56.6,,,,,,,,,None,,Not_Installed_Diesel,Quarter_End,2025-05-19T15:56:00,,2025-08-15T00:00:00
2025-05-19,D-09,Diesel,Diesel,Class6_Box,DUTY_REG_02,D3_Regional,206.7,7.6,3120,0.78,4,481,07:15,14:51,16.1,22.1,Dry,0.0,Completed,0,0.0,56.1,,,,,,,,,None,,Not_Installed_Diesel,Quarter_End,2025-05-19T14:59:00,,2025-08-15T00:00:00
2025-05-19,D-10,Diesel,Diesel,Class6_Box,DUTY_REG_03,D3_Regional,209.5,8.0,3080,0.77,9,530,07:00,15:00,16.0,22.1,Dry,0.0,Completed,0,0.0,56.9,,,,,,,,,None,,Not_Installed_Diesel,Quarter_End,2025-05-19T15:30:00,,2025-08-15T00:00:00
2025-05-20,EV-01,Electric,Electric,Class6_Box,DUTY_URB_01,D1_Urban,84.9,6.4,3080,0.77,31,137,07:15,13:39,17.4,20.9,Windy,0.0,Completed,0,0.0,,149.2,7.1,156.3,177.6,100.0,21.8,CHG-01,50.0,Enhanced_Telemetry,150.2,Received_Valid,Immediate_CAN_Bus,2025-05-20T13:59:00,2025-05-20T13:44:00,2025-05-20T13:44:00
2025-05-20,EV-02,Electric,Electric,Class6_Box,DUTY_URB_02,D1_Urban,85.1,6.1,2960,0.74,28,153,07:30,13:36,17.4,20.9,Windy,0.0,Completed,0,0.0,,146.9,9.7,156.6,178.0,100.0,21.7,CHG-02,50.0,Enhanced_Telemetry,146.9,Received_Valid,Immediate_CAN_Bus,2025-05-20T13:59:00,2025-05-20T13:41:00,2025-05-20T13:41:00
2025-05-20,D-03,Diesel,Diesel,Class6_Box,DUTY_URB_03,D1_Urban,83.8,6.2,2840,0.71,34,134,07:00,13:12,17.8,20.9,Windy,0.0,Completed,0,0.0,24.9,,,,,,,,,None,,Not_Installed_Diesel,Quarter_End,2025-05-20T13:42:00,,2025-08-15T00:00:00
2025-05-20,D-04,Diesel,Diesel,Class6_Box,DUTY_SUB_01,D2_Suburban,135.0,6.5,2720,0.68,19,272,07:30,14:00,17.0,20.9,Windy,0.0,Completed,0,0.0,37.0,,,,,,,,,None,,Not_Installed_Diesel,Quarter_End,2025-05-20T14:30:00,,2025-08-15T00:00:00
2025-05-20,D-05,Diesel,Diesel,Class6_Box,DUTY_SUB_02,D2_Suburban,137.0,6.3,3240,0.81,14,303,07:15,13:33,17.4,20.9,Windy,0.0,Completed,0,0.0,38.1,,,,,,,,,None,,Not_Installed_Diesel,Quarter_End,2025-05-20T13:59:00,,2025-08-15T00:00:00
2025-05-20,D-06,Diesel,Diesel,Class6_Box,DUTY_SUB_03,D2_Suburban,134.1,6.8,3000,0.75,16,328,07:00,13:48,17.2,20.9,Windy,0.0,Completed,0,0.0,37.1,,,,,,,,,None,,Not_Installed_Diesel,Quarter_End,2025-05-20T13:59:00,,2025-08-15T00:00:00
2025-05-20,D-07,Diesel,Diesel,Class6_Box,DUTY_SUB_04,D2_Suburban,134.7,6.5,2920,0.73,14,291,07:15,13:45,17.2,20.9,Windy,0.0,Completed,0,0.0,38.2,,,,,,,,,None,,Not_Installed_Diesel,Quarter_End,2025-05-20T13:59:00,,2025-08-15T00:00:00
2025-05-20,D-08,Diesel,Diesel,Class6_Box,DUTY_REG_01,D3_Regional,210.8,8.0,2880,0.72,3,513,07:30,15:30,15.5,20.9,Windy,0.0,Completed,0,0.0,56.5,,,,,,,,,None,,Not_Installed_Diesel,Quarter_End,2025-05-20T15:59:00,,2025-08-15T00:00:00
2025-05-20,D-09,Diesel,Diesel,Class6_Box,DUTY_REG_02,D3_Regional,209.5,7.6,2800,0.70,8,478,07:15,14:51,16.1,20.9,Windy,0.0,Completed,0,0.0,56.9,,,,,,,,,None,,Not_Installed_Diesel,Quarter_End,2025-05-20T14:59:00,,2025-08-15T00:00:00
2025-05-20,D-10,Diesel,Diesel,Class6_Box,DUTY_REG_03,D3_Regional,213.1,8.0,3040,0.76,9,558,07:15,15:15,15.8,20.9,Windy,0.0,Completed,0,0.0,57.5,,,,,,,,,None,,Not_Installed_Diesel,Quarter_End,2025-05-20T15:45:00,,2025-08-15T00:00:00
2025-05-21,EV-01,Electric,Electric,Class6_Box,DUTY_URB_01,D1_Urban,84.6,5.7,2640,0.66,33,157,07:00,12:42,18.3,17.3,Rain,6.1,Completed,0,0.0,,150.9,9.4,160.3,182.2,100.0,19.8,CHG-01,50.0,Enhanced_Telemetry,150.9,Received_Valid,Immediate_CAN_Bus,2025-05-21T12:59:00,2025-05-21T12:47:00,2025-05-21T12:47:00
2025-05-21,EV-02,Electric,Electric,Class6_Box,DUTY_URB_02,D1_Urban,83.1,6.0,2840,0.71,30,132,07:00,13:00,18.0,17.3,Rain,6.1,Completed,0,0.0,,143.0,8.2,151.2,171.8,100.0,24.4,CHG-02,50.0,Enhanced_Telemetry,143.1,Received_Valid,Immediate_CAN_Bus,2025-05-21T13:30:00,2025-05-21T13:05:00,2025-05-21T13:05:00
2025-05-21,D-03,Diesel,Diesel,Class6_Box,DUTY_URB_03,D1_Urban,84.1,5.7,2760,0.69,32,162,07:30,13:12,17.8,17.3,Rain,6.1,Completed,0,0.0,24.9,,,,,,,,,None,,Not_Installed_Diesel,Quarter_End,2025-05-21T13:42:00,,2025-08-15T00:00:00
2025-05-21,D-04,Diesel,Diesel,Class6_Box,DUTY_SUB_01,D2_Suburban,131.4,6.2,3000,0.75,18,266,07:00,13:12,17.8,17.3,Rain,6.1,Completed,0,0.0,37.9,,,,,,,,,None,,Not_Installed_Diesel,Quarter_End,2025-05-21T13:42:00,,2025-08-15T00:00:00
2025-05-21,D-05,Diesel,Diesel,Class6_Box,DUTY_SUB_02,D2_Suburban,132.7,6.6,2720,0.68,15,295,07:30,14:06,16.9,17.3,Rain,6.1,Completed,0,0.0,37.4,,,,,,,,,None,,Not_Installed_Diesel,Quarter_End,2025-05-21T14:36:00,,2025-08-15T00:00:00
2025-05-21,D-06,Diesel,Diesel,Class6_Box,DUTY_SUB_03,D2_Suburban,140.5,6.6,2360,0.59,18,296,07:15,13:51,17.1,17.3,Rain,6.1,Completed,0,0.0,37.5,,,,,,,,,None,,Not_Installed_Diesel,Quarter_End,2025-05-21T13:59:00,,2025-08-15T00:00:00
2025-05-21,D-07,Diesel,Diesel,Class6_Box,DUTY_SUB_04,D2_Suburban,134.7,6.8,3080,0.77,16,288,07:00,13:48,17.2,17.3,Rain,6.1,Completed,0,0.0,38.2,,,,,,,,,None,,Not_Installed_Diesel,Quarter_End,2025-05-21T13:59:00,,2025-08-15T00:00:00
2025-05-21,D-08,Diesel,Diesel,Class6_Box,DUTY_REG_01,D3_Regional,209.7,7.9,2640,0.66,4,529,07:00,14:54,16.1,17.3,Rain,6.1,Completed,0,0.0,57.2,,,,,,,,,None,,Not_Installed_Diesel,Quarter_End,2025-05-21T14:59:00,,2025-08-15T00:00:00
2025-05-21,D-09,Diesel,Diesel,Class6_Box,DUTY_REG_02,D3_Regional,205.8,7.9,3000,0.75,3,505,07:15,15:09,15.8,17.3,Rain,6.1,Completed,0,0.0,56.6,,,,,,,,,None,,Not_Installed_Diesel,Quarter_End,2025-05-21T15:39:00,,2025-08-15T00:00:00
2025-05-21,D-10,Diesel,Diesel,Class6_Box,DUTY_REG_03,D3_Regional,212.8,7.7,3080,0.77,5,536,07:15,14:57,16.1,17.3,Rain,6.1,Completed,0,0.0,57.5,,,,,,,,,None,,Not_Installed_Diesel,Quarter_End,2025-05-21T14:59:00,,2025-08-15T00:00:00
2025-05-22,EV-01,Electric,Electric,Class6_Box,DUTY_URB_01,D1_Urban,84.8,5.5,3120,0.78,30,154,07:30,13:00,18.0,24.9,Dry,0.0,Completed,0,0.0,,150.2,11.2,161.4,183.4,100.0,19.3,CHG-01,50.0,Enhanced_Telemetry,150.2,Received_Valid,Immediate_CAN_Bus,2025-05-22T13:30:00,2025-05-22T13:05:00,2025-05-22T13:05:00
2025-05-22,EV-02,Electric,Electric,Class6_Box,DUTY_URB_02,D1_Urban,85.7,5.7,2880,0.72,29,140,07:00,12:42,18.3,24.9,Dry,0.0,Completed,0,0.0,,148.8,10.5,159.3,181.0,100.0,20.3,CHG-02,50.0,Enhanced_Telemetry,148.9,Received_Valid,Immediate_CAN_Bus,2025-05-22T12:59:00,2025-05-22T12:47:00,2025-05-22T12:47:00
2025-05-22,D-03,Diesel,Diesel,Class6_Box,DUTY_URB_03,D1_Urban,84.4,5.7,2560,0.64,31,144,07:00,12:42,18.3,24.9,Dry,0.0,Completed,0,0.0,25.1,,,,,,,,,None,,Not_Installed_Diesel,Quarter_End,2025-05-22T12:59:00,,2025-08-15T00:00:00
2025-05-22,D-04,Diesel,Diesel,Class6_Box,DUTY_SUB_01,D2_Suburban,135.3,6.5,2680,0.67,18,266,07:30,14:00,17.0,24.9,Dry,0.0,Completed,0,0.0,37.9,,,,,,,,,None,,Not_Installed_Diesel,Quarter_End,2025-05-22T14:30:00,,2025-08-15T00:00:00
2025-05-22,D-05,Diesel,Diesel,Class6_Box,DUTY_SUB_02,D2_Suburban,133.0,6.6,2800,0.70,17,295,07:15,13:51,17.1,24.9,Dry,0.0,Completed,0,0.0,38.0,,,,,,,,,None,,Not_Installed_Diesel,Quarter_End,2025-05-22T13:59:00,,2025-08-15T00:00:00
2025-05-22,D-06,Diesel,Diesel,Class6_Box,DUTY_SUB_03,D2_Suburban,134.1,6.4,2920,0.73,18,313,07:00,13:24,17.6,24.9,Dry,0.0,Completed,0,0.0,37.7,,,,,,,,,None,,Not_Installed_Diesel,Quarter_End,2025-05-22T13:54:00,,2025-08-15T00:00:00
2025-05-22,D-07,Diesel,Diesel,Class6_Box,DUTY_SUB_04,D2_Suburban,133.3,7.0,3040,0.76,15,271,07:30,14:30,16.5,24.9,Dry,0.0,Completed,0,0.0,38.8,,,,,,,,,None,,Not_Installed_Diesel,Quarter_End,2025-05-22T14:59:00,,2025-08-15T00:00:00
2025-05-22,D-08,Diesel,Diesel,Class6_Box,DUTY_REG_01,D3_Regional,210.9,8.1,3000,0.75,5,516,07:15,15:21,15.7,24.9,Dry,0.0,Completed,0,0.0,56.3,,,,,,,,,None,,Not_Installed_Diesel,Quarter_End,2025-05-22T15:51:00,,2025-08-15T00:00:00
2025-05-22,D-09,Diesel,Diesel,Class6_Box,DUTY_REG_02,D3_Regional,210.1,7.7,2680,0.67,7,472,07:00,14:42,16.3,24.9,Dry,0.0,Completed,0,0.0,56.6,,,,,,,,,None,,Not_Installed_Diesel,Quarter_End,2025-05-22T14:59:00,,2025-08-15T00:00:00
2025-05-22,D-10,Diesel,Diesel,Class6_Box,DUTY_REG_03,D3_Regional,211.8,7.4,2920,0.73,6,559,07:30,14:54,16.1,24.9,Dry,0.0,Completed,0,0.0,56.2,,,,,,,,,None,,Not_Installed_Diesel,Quarter_End,2025-05-22T14:59:00,,2025-08-15T00:00:00
2025-05-23,EV-01,Electric,Electric,Class6_Box,DUTY_URB_01,D1_Urban,86.5,5.9,2600,0.65,27,129,07:00,12:54,18.1,19.5,Rain,0.4,Completed,0,0.0,,147.8,7.0,154.8,175.9,100.0,22.6,CHG-01,50.0,Enhanced_Telemetry,148.7,Received_Valid,Immediate_CAN_Bus,2025-05-23T12:59:00,2025-05-23T12:59:00,2025-05-23T12:59:00
2025-05-23,EV-02,Electric,Electric,Class6_Box,DUTY_URB_02,D1_Urban,83.2,6.3,2960,0.74,27,120,07:15,13:33,17.4,19.5,Rain,0.4,Completed,0,0.0,,151.7,8.7,160.4,182.3,100.0,19.8,CHG-02,50.0,Enhanced_Telemetry,150.2,Received_Valid,Immediate_CAN_Bus,2025-05-23T13:59:00,2025-05-23T13:38:00,2025-05-23T13:38:00
2025-05-23,D-03,Diesel,Diesel,Class6_Box,DUTY_URB_03,D1_Urban,86.3,5.5,2720,0.68,29,148,07:15,12:45,18.2,19.5,Rain,0.4,Completed,0,0.0,25.4,,,,,,,,,None,,Not_Installed_Diesel,Quarter_End,2025-05-23T12:59:00,,2025-08-15T00:00:00
2025-05-23,D-04,Diesel,Diesel,Class6_Box,DUTY_SUB_01,D2_Suburban,134.0,6.5,3040,0.76,13,286,07:00,13:30,17.5,19.5,Rain,0.4,Completed,0,0.0,38.1,,,,,,,,,None,,Not_Installed_Diesel,Quarter_End,2025-05-23T13:59:00,,2025-08-15T00:00:00
2025-05-23,D-05,Diesel,Diesel,Class6_Box,DUTY_SUB_02,D2_Suburban,134.5,6.7,2920,0.73,12,290,07:30,14:12,16.8,19.5,Rain,0.4,Completed,0,0.0,37.5,,,,,,,,,None,,Not_Installed_Diesel,Quarter_End,2025-05-23T14:42:00,,2025-08-15T00:00:00
2025-05-23,D-06,Diesel,Diesel,Class6_Box,DUTY_SUB_03,D2_Suburban,134.8,6.6,2880,0.72,16,310,07:15,13:51,17.1,19.5,Rain,0.4,Completed,0,0.0,37.4,,,,,,,,,None,,Not_Installed_Diesel,Quarter_End,2025-05-23T13:59:00,,2025-08-15T00:00:00
2025-05-23,D-07,Diesel,Diesel,Class6_Box,DUTY_SUB_04,D2_Suburban,134.1,6.7,3200,0.80,16,291,07:30,14:12,16.8,19.5,Rain,0.4,Completed,0,0.0,37.4,,,,,,,,,None,,Not_Installed_Diesel,Quarter_End,2025-05-23T14:42:00,,2025-08-15T00:00:00
2025-05-23,D-08,Diesel,Diesel,Class6_Box,DUTY_REG_01,D3_Regional,209.7,7.5,2960,0.74,4,539,07:30,15:00,16.0,19.5,Rain,0.4,Completed,0,0.0,57.5,,,,,,,,,None,,Not_Installed_Diesel,Quarter_End,2025-05-23T15:30:00,,2025-08-15T00:00:00
2025-05-23,D-09,Diesel,Diesel,Class6_Box,DUTY_REG_02,D3_Regional,206.5,7.6,3000,0.75,3,494,07:30,15:06,15.9,19.5,Rain,0.4,Completed,0,0.0,56.9,,,,,,,,,None,,Not_Installed_Diesel,Quarter_End,2025-05-23T15:36:00,,2025-08-15T00:00:00
2025-05-23,D-10,Diesel,Diesel,Class6_Box,DUTY_REG_03,D3_Regional,212.8,8.2,2560,0.64,9,555,07:30,15:41,15.3,19.5,Rain,0.4,Completed,0,0.0,57.2,,,,,,,,,None,,Not_Installed_Diesel,Quarter_End,2025-05-23T15:59:00,,2025-08-15T00:00:00
2025-05-26,EV-01,Electric,Electric,Class6_Box,DUTY_URB_01,D1_Urban,87.9,6.1,2760,0.69,32,160,07:15,13:21,17.6,19.9,Dry,0.0,Completed,0,0.0,,157.8,9.4,167.2,190.0,100.0,16.4,CHG-01,50.0,Enhanced_Telemetry,158.3,Received_Valid,Immediate_CAN_Bus,2025-05-26T13:51:00,2025-05-26T13:26:00,2025-05-26T13:26:00
2025-05-26,EV-02,Electric,Electric,Class6_Box,DUTY_URB_02,D1_Urban,88.5,5.9,2720,0.68,25,149,07:15,13:09,17.9,19.9,Dry,0.0,Completed,0,0.0,,155.3,7.8,163.1,185.3,100.0,18.5,CHG-02,50.0,Enhanced_Telemetry,155.2,Received_Valid,Immediate_CAN_Bus,2025-05-26T13:39:00,2025-05-26T13:14:00,2025-05-26T13:14:00
2025-05-26,D-03,Diesel,Diesel,Class6_Box,DUTY_URB_03,D1_Urban,84.5,6.0,2920,0.73,29,164,07:30,13:30,17.5,19.9,Dry,0.0,Completed,0,0.0,26.0,,,,,,,,,None,,Not_Installed_Diesel,Quarter_End,2025-05-26T13:59:00,,2025-08-15T00:00:00
2025-05-26,D-04,Diesel,Diesel,Class6_Box,DUTY_SUB_01,D2_Suburban,133.5,6.1,2760,0.69,13,283,07:00,13:06,17.9,19.9,Dry,0.0,Completed,0,0.0,37.3,,,,,,,,,None,,Not_Installed_Diesel,Quarter_End,2025-05-26T13:36:00,,2025-08-15T00:00:00
2025-05-26,D-05,Diesel,Diesel,Class6_Box,DUTY_SUB_02,D2_Suburban,135.9,6.7,3120,0.78,18,285,07:00,13:42,17.3,19.9,Dry,0.0,Completed,0,0.0,38.0,,,,,,,,,None,,Not_Installed_Diesel,Quarter_End,2025-05-26T13:59:00,,2025-08-15T00:00:00
2025-05-26,D-06,Diesel,Diesel,Class6_Box,DUTY_SUB_03,D2_Suburban,137.9,6.0,2440,0.61,20,301,07:15,13:15,17.8,19.9,Dry,0.0,Completed,0,0.0,37.5,,,,,,,,,None,,Not_Installed_Diesel,Quarter_End,2025-05-26T13:45:00,,2025-08-15T00:00:00
2025-05-26,D-07,Diesel,Diesel,Class6_Box,DUTY_SUB_04,D2_Suburban,131.0,6.7,2760,0.69,11,257,07:30,14:12,16.8,19.9,Dry,0.0,Completed,0,0.0,37.5,,,,,,,,,None,,Not_Installed_Diesel,Quarter_End,2025-05-26T14:42:00,,2025-08-15T00:00:00
2025-05-26,D-08,Diesel,Diesel,Class6_Box,DUTY_REG_01,D3_Regional,210.7,8.1,3160,0.79,8,534,07:30,15:36,15.4,19.9,Dry,0.0,Completed,0,0.0,56.4,,,,,,,,,None,,Not_Installed_Diesel,Quarter_End,2025-05-26T15:59:00,,2025-08-15T00:00:00
2025-05-26,D-09,Diesel,Diesel,Class6_Box,DUTY_REG_02,D3_Regional,208.7,7.5,2720,0.68,7,502,07:00,14:30,16.5,19.9,Dry,0.0,Completed,0,0.0,56.1,,,,,,,,,None,,Not_Installed_Diesel,Quarter_End,2025-05-26T14:59:00,,2025-08-15T00:00:00
2025-05-26,D-10,Diesel,Diesel,Class6_Box,DUTY_REG_03,D3_Regional,210.5,7.7,3160,0.79,5,545,07:15,14:57,16.1,19.9,Dry,0.0,Completed,0,0.0,56.7,,,,,,,,,None,,Not_Installed_Diesel,Quarter_End,2025-05-26T14:59:00,,2025-08-15T00:00:00
2025-05-27,EV-01,Electric,Electric,Class6_Box,DUTY_URB_01,D1_Urban,85.0,6.0,2760,0.69,29,148,07:15,13:15,17.8,29.0,Dry,0.0,Completed,0,0.0,,152.1,11.2,163.3,185.6,100.0,18.3,CHG-01,50.0,Enhanced_Telemetry,151.8,Received_Valid,Immediate_CAN_Bus,2025-05-27T13:45:00,2025-05-27T13:20:00,2025-05-27T13:20:00
2025-05-27,EV-02,Electric,Electric,Class6_Box,DUTY_URB_02,D1_Urban,85.7,5.5,3040,0.76,27,134,07:30,13:00,18.0,29.0,Dry,0.0,Completed,0,0.0,,152.7,13.6,166.3,189.0,100.0,16.8,CHG-02,50.0,Enhanced_Telemetry,152.2,Received_Valid,Immediate_CAN_Bus,2025-05-27T13:30:00,2025-05-27T13:05:00,2025-05-27T13:05:00
2025-05-27,D-03,Diesel,Diesel,Class6_Box,DUTY_URB_03,D1_Urban,85.2,5.8,2880,0.72,31,149,07:00,12:48,18.2,29.0,Dry,0.0,Completed,0,0.0,25.2,,,,,,,,,None,,Not_Installed_Diesel,Quarter_End,2025-05-27T12:59:00,,2025-08-15T00:00:00
2025-05-27,D-04,Diesel,Diesel,Class6_Box,DUTY_SUB_01,D2_Suburban,135.6,6.1,2840,0.71,14,282,07:30,13:36,17.4,29.0,Dry,0.0,Completed,0,0.0,38.3,,,,,,,,,None,,Not_Installed_Diesel,Quarter_End,2025-05-27T13:59:00,,2025-08-15T00:00:00
2025-05-27,D-05,Diesel,Diesel,Class6_Box,DUTY_SUB_02,D2_Suburban,136.1,6.8,2920,0.73,13,300,07:00,13:48,17.2,29.0,Dry,0.0,Completed,0,0.0,37.7,,,,,,,,,None,,Not_Installed_Diesel,Quarter_End,2025-05-27T13:59:00,,2025-08-15T00:00:00
2025-05-27,D-06,Diesel,Diesel,Class6_Box,DUTY_SUB_03,D2_Suburban,139.1,6.5,2680,0.67,17,326,07:30,14:00,17.0,29.0,Dry,0.0,Completed,0,0.0,37.1,,,,,,,,,None,,Not_Installed_Diesel,Quarter_End,2025-05-27T14:30:00,,2025-08-15T00:00:00
2025-05-27,D-07,Diesel,Diesel,Class6_Box,DUTY_SUB_04,D2_Suburban,136.3,6.9,3040,0.76,14,295,07:00,13:54,17.1,29.0,Dry,0.0,Completed,0,0.0,37.6,,,,,,,,,None,,Not_Installed_Diesel,Quarter_End,2025-05-27T13:59:00,,2025-08-15T00:00:00
2025-05-27,D-08,Diesel,Diesel,Class6_Box,DUTY_REG_01,D3_Regional,209.8,7.5,2960,0.74,4,516,07:30,15:00,16.0,29.0,Dry,0.0,Completed,0,0.0,56.6,,,,,,,,,None,,Not_Installed_Diesel,Quarter_End,2025-05-27T15:30:00,,2025-08-15T00:00:00
2025-05-27,D-09,Diesel,Diesel,Class6_Box,DUTY_REG_02,D3_Regional,209.9,7.7,2880,0.72,4,475,07:00,14:42,16.3,29.0,Dry,0.0,Completed,0,0.0,56.9,,,,,,,,,None,,Not_Installed_Diesel,Quarter_End,2025-05-27T14:59:00,,2025-08-15T00:00:00
2025-05-27,D-10,Diesel,Diesel,Class6_Box,DUTY_REG_03,D3_Regional,213.3,7.8,2880,0.72,10,533,07:15,15:03,15.9,29.0,Dry,0.0,Completed,0,0.0,56.9,,,,,,,,,None,,Not_Installed_Diesel,Quarter_End,2025-05-27T15:33:00,,2025-08-15T00:00:00
2025-05-28,EV-01,Electric,Electric,Class6_Box,DUTY_URB_01,D1_Urban,82.9,5.6,3120,0.78,29,156,07:00,12:36,18.4,22.8,Dry,0.0,Completed,0,0.0,,145.3,10.0,155.3,176.5,100.0,22.3,CHG-01,50.0,Enhanced_Telemetry,144.8,Received_Valid,Immediate_CAN_Bus,2025-05-28T12:59:00,2025-05-28T12:41:00,2025-05-28T12:41:00
2025-05-28,EV-02,Electric,Electric,Class6_Box,DUTY_URB_02,D1_Urban,83.1,5.9,2880,0.72,28,153,07:15,13:09,17.9,22.8,Dry,0.0,Completed,0,0.0,,143.2,10.3,153.5,174.4,100.0,23.2,CHG-02,50.0,Enhanced_Telemetry,142.6,Received_Valid,Immediate_CAN_Bus,2025-05-28T13:39:00,2025-05-28T13:14:00,2025-05-28T13:14:00
2025-05-28,D-03,Diesel,Diesel,Class6_Box,DUTY_URB_03,D1_Urban,86.4,5.8,2560,0.64,31,160,07:00,12:48,18.2,22.8,Dry,0.0,Completed,0,0.0,25.0,,,,,,,,,None,,Not_Installed_Diesel,Quarter_End,2025-05-28T12:59:00,,2025-08-15T00:00:00
2025-05-28,D-04,Diesel,Diesel,Class6_Box,DUTY_SUB_01,D2_Suburban,138.4,6.4,2960,0.74,16,279,07:00,13:24,17.6,22.8,Dry,0.0,Completed,0,0.0,37.3,,,,,,,,,None,,Not_Installed_Diesel,Quarter_End,2025-05-28T13:54:00,,2025-08-15T00:00:00
2025-05-28,D-05,Diesel,Diesel,Class6_Box,DUTY_SUB_02,D2_Suburban,135.1,6.3,2760,0.69,16,289,07:00,13:18,17.7,22.8,Dry,0.0,Completed,0,0.0,37.6,,,,,,,,,None,,Not_Installed_Diesel,Quarter_End,2025-05-28T13:48:00,,2025-08-15T00:00:00
2025-05-28,D-06,Diesel,Diesel,Class6_Box,DUTY_SUB_03,D2_Suburban,134.6,6.5,2960,0.74,15,329,07:30,14:00,17.0,22.8,Dry,0.0,Completed,0,0.0,37.7,,,,,,,,,None,,Not_Installed_Diesel,Quarter_End,2025-05-28T14:30:00,,2025-08-15T00:00:00
2025-05-28,D-07,Diesel,Diesel,Class6_Box,DUTY_SUB_04,D2_Suburban,135.0,7.1,2720,0.68,14,274,07:30,14:36,16.4,22.8,Dry,0.0,Completed,0,0.0,37.4,,,,,,,,,None,,Not_Installed_Diesel,Quarter_End,2025-05-28T14:59:00,,2025-08-15T00:00:00
2025-05-28,D-08,Diesel,Diesel,Class6_Box,DUTY_REG_01,D3_Regional,210.8,7.8,2640,0.66,6,522,07:30,15:18,15.7,22.8,Dry,0.0,Completed,0,0.0,56.8,,,,,,,,,None,,Not_Installed_Diesel,Quarter_End,2025-05-28T15:48:00,,2025-08-15T00:00:00
2025-05-28,D-09,Diesel,Diesel,Class6_Box,DUTY_REG_02,D3_Regional,208.2,7.5,2680,0.67,4,471,07:15,14:45,16.2,22.8,Dry,0.0,Completed,0,0.0,56.5,,,,,,,,,None,,Not_Installed_Diesel,Quarter_End,2025-05-28T14:59:00,,2025-08-15T00:00:00
2025-05-28,D-10,Diesel,Diesel,Class6_Box,DUTY_REG_03,D3_Regional,210.7,8.0,2960,0.74,9,560,07:30,15:30,15.5,22.8,Dry,0.0,Completed,0,0.0,56.6,,,,,,,,,None,,Not_Installed_Diesel,Quarter_End,2025-05-28T15:59:00,,2025-08-15T00:00:00
2025-05-29,EV-01,Electric,Electric,Class6_Box,DUTY_URB_01,D1_Urban,84.6,5.6,2800,0.70,31,157,07:30,13:06,17.9,24.4,Dry,0.0,Completed,0,0.0,,149.2,10.1,159.3,181.0,100.0,20.3,CHG-01,50.0,Enhanced_Telemetry,149.7,Received_Valid,Immediate_CAN_Bus,2025-05-29T13:36:00,2025-05-29T13:11:00,2025-05-29T13:11:00
2025-05-29,EV-02,Electric,Electric,Class6_Box,DUTY_URB_02,D1_Urban,86.5,6.3,3160,0.79,30,141,07:00,13:18,17.7,24.4,Dry,0.0,Completed,0,0.0,,154.7,9.8,164.5,186.9,100.0,17.8,CHG-02,50.0,Enhanced_Telemetry,154.1,Received_Valid,Immediate_CAN_Bus,2025-05-29T13:48:00,2025-05-29T13:23:00,2025-05-29T13:23:00
2025-05-29,D-03,Diesel,Diesel,Class6_Box,DUTY_URB_03,D1_Urban,83.0,5.8,3040,0.76,33,158,07:00,12:48,18.2,24.4,Dry,0.0,Completed,0,0.0,25.5,,,,,,,,,None,,Not_Installed_Diesel,Quarter_End,2025-05-29T12:59:00,,2025-08-15T00:00:00
2025-05-29,D-04,Diesel,Diesel,Class6_Box,DUTY_SUB_01,D2_Suburban,132.5,6.6,2720,0.68,14,271,07:15,13:51,17.1,24.4,Dry,0.0,Completed,0,0.0,38.5,,,,,,,,,None,,Not_Installed_Diesel,Quarter_End,2025-05-29T13:59:00,,2025-08-15T00:00:00
2025-05-29,D-05,Diesel,Diesel,Class6_Box,DUTY_SUB_02,D2_Suburban,135.0,6.4,2480,0.62,12,296,07:00,13:24,17.6,24.4,Dry,0.0,Completed,0,0.0,37.4,,,,,,,,,None,,Not_Installed_Diesel,Quarter_End,2025-05-29T13:54:00,,2025-08-15T00:00:00
2025-05-29,D-06,Diesel,Diesel,Class6_Box,DUTY_SUB_03,D2_Suburban,137.7,7.7,2760,0.69,16,324,07:15,14:57,16.1,24.4,Dry,0.0,Late,0,0.0,37.9,,,,,,,,,None,,Not_Installed_Diesel,Quarter_End,2025-05-29T14:59:00,,2025-08-15T00:00:00
2025-05-29,D-07,Diesel,Diesel,Class6_Box,DUTY_SUB_04,D2_Suburban,136.3,6.6,2640,0.66,15,260,07:30,14:06,16.9,24.4,Dry,0.0,Completed,0,0.0,37.5,,,,,,,,,None,,Not_Installed_Diesel,Quarter_End,2025-05-29T14:36:00,,2025-08-15T00:00:00
2025-05-29,D-08,Diesel,Diesel,Class6_Box,DUTY_REG_01,D3_Regional,210.6,8.1,2600,0.65,8,521,07:00,15:06,15.9,24.4,Dry,0.0,Completed,0,0.0,57.1,,,,,,,,,None,,Not_Installed_Diesel,Quarter_End,2025-05-29T15:36:00,,2025-08-15T00:00:00
2025-05-29,D-09,Diesel,Diesel,Class6_Box,DUTY_REG_02,D3_Regional,209.9,7.5,2720,0.68,4,470,07:00,14:30,16.5,24.4,Dry,0.0,Completed,0,0.0,57.0,,,,,,,,,None,,Not_Installed_Diesel,Quarter_End,2025-05-29T14:59:00,,2025-08-15T00:00:00
2025-05-29,D-10,Diesel,Diesel,Class6_Box,DUTY_REG_03,D3_Regional,214.7,7.5,2960,0.74,10,566,07:15,14:45,16.2,24.4,Dry,0.0,Completed,0,0.0,56.7,,,,,,,,,None,,Not_Installed_Diesel,Quarter_End,2025-05-29T14:59:00,,2025-08-15T00:00:00
2025-05-30,EV-01,Electric,Electric,Class6_Box,DUTY_URB_01,D1_Urban,86.8,6.0,2920,0.73,33,122,07:00,13:00,18.0,27.3,Dry,0.0,Completed,0,0.0,,147.6,11.4,159.0,180.7,100.0,20.5,CHG-01,50.0,Enhanced_Telemetry,148.0,Received_Valid,Immediate_CAN_Bus,2025-05-30T13:30:00,2025-05-30T13:05:00,2025-05-30T13:05:00
2025-05-30,EV-02,Electric,Electric,Class6_Box,DUTY_URB_02,D1_Urban,86.0,5.6,3440,0.86,26,137,07:00,12:36,18.4,27.3,Dry,0.0,Completed,0,0.0,,155.4,13.4,168.8,191.8,100.0,15.6,CHG-02,50.0,Enhanced_Telemetry,154.5,Received_Valid,Immediate_CAN_Bus,2025-05-30T12:59:00,2025-05-30T12:41:00,2025-05-30T12:41:00
2025-05-30,D-03,Diesel,Diesel,Class6_Box,DUTY_URB_03,D1_Urban,85.4,5.5,2640,0.66,32,128,07:00,12:30,18.5,27.3,Dry,0.0,Completed,0,0.0,26.2,,,,,,,,,None,,Not_Installed_Diesel,Quarter_End,2025-05-30T12:59:00,,2025-08-15T00:00:00
2025-05-30,D-04,Diesel,Diesel,Class6_Box,DUTY_SUB_01,D2_Suburban,133.6,6.3,2880,0.72,14,267,07:15,13:33,17.4,27.3,Dry,0.0,Completed,0,0.0,37.8,,,,,,,,,None,,Not_Installed_Diesel,Quarter_End,2025-05-30T13:59:00,,2025-08-15T00:00:00
2025-05-30,D-05,Diesel,Diesel,Class6_Box,DUTY_SUB_02,D2_Suburban,132.9,6.5,2920,0.73,16,277,07:15,13:45,17.2,27.3,Dry,0.0,Completed,0,0.0,37.1,,,,,,,,,None,,Not_Installed_Diesel,Quarter_End,2025-05-30T13:59:00,,2025-08-15T00:00:00
2025-05-30,D-06,Diesel,Diesel,Class6_Box,DUTY_SUB_03,D2_Suburban,139.4,6.2,3080,0.77,16,304,07:30,13:42,17.3,27.3,Dry,0.0,Completed,0,0.0,38.2,,,,,,,,,None,,Not_Installed_Diesel,Quarter_End,2025-05-30T13:59:00,,2025-08-15T00:00:00
2025-05-30,D-07,Diesel,Diesel,Class6_Box,DUTY_SUB_04,D2_Suburban,134.5,6.3,2880,0.72,12,270,07:30,13:48,17.2,27.3,Dry,0.0,Completed,0,0.0,38.7,,,,,,,,,None,,Not_Installed_Diesel,Quarter_End,2025-05-30T13:59:00,,2025-08-15T00:00:00
2025-05-30,D-08,Diesel,Diesel,Class6_Box,DUTY_REG_01,D3_Regional,211.2,7.7,2680,0.67,6,510,07:15,14:57,16.1,27.3,Dry,0.0,Completed,0,0.0,56.7,,,,,,,,,None,,Not_Installed_Diesel,Quarter_End,2025-05-30T14:59:00,,2025-08-15T00:00:00
2025-05-30,D-09,Diesel,Diesel,Class6_Box,DUTY_REG_02,D3_Regional,209.1,7.6,2680,0.67,3,471,07:30,15:06,15.9,27.3,Dry,0.0,Completed,0,0.0,57.0,,,,,,,,,None,,Not_Installed_Diesel,Quarter_End,2025-05-30T15:36:00,,2025-08-15T00:00:00
2025-05-30,D-10,Diesel,Diesel,Class6_Box,DUTY_REG_03,D3_Regional,212.1,7.5,2960,0.74,5,556,07:00,14:30,16.5,27.3,Dry,0.0,Completed,0,0.0,56.5,,,,,,,,,None,,Not_Installed_Diesel,Quarter_End,2025-05-30T14:59:00,,2025-08-15T00:00:00
2025-06-02,EV-01,Electric,Electric,Class6_Box,DUTY_URB_01,D1_Urban,85.3,6.1,3160,0.79,27,127,07:15,13:21,17.6,29.8,Dry,0.0,Completed,0,0.0,,148.5,13.4,161.9,184.0,100.0,19.0,CHG-01,50.0,Enhanced_Telemetry,148.0,Received_Valid,Immediate_CAN_Bus,2025-06-02T13:51:00,2025-06-02T13:26:00,2025-06-02T13:26:00
2025-06-02,EV-02,Electric,Electric,Class6_Box,DUTY_URB_02,D1_Urban,83.0,5.2,2960,0.74,26,135,07:30,12:42,18.3,29.8,Dry,0.0,Completed,0,0.0,,136.7,12.1,148.8,169.1,100.0,25.6,CHG-02,50.0,Enhanced_Telemetry,136.6,Received_Valid,Immediate_CAN_Bus,2025-06-02T12:59:00,2025-06-02T12:47:00,2025-06-02T12:47:00
2025-06-02,D-03,Diesel,Diesel,Class6_Box,DUTY_URB_03,D1_Urban,84.7,5.8,2920,0.73,33,133,07:30,13:18,17.7,29.8,Dry,0.0,Completed,0,0.0,25.8,,,,,,,,,None,,Not_Installed_Diesel,Quarter_End,2025-06-02T13:48:00,,2025-08-15T00:00:00
2025-06-02,D-04,Diesel,Diesel,Class6_Box,DUTY_SUB_01,D2_Suburban,133.4,6.5,3200,0.80,15,289,07:30,14:00,17.0,29.8,Dry,0.0,Completed,0,0.0,37.8,,,,,,,,,None,,Not_Installed_Diesel,Quarter_End,2025-06-02T14:30:00,,2025-08-15T00:00:00
2025-06-02,D-05,Diesel,Diesel,Class6_Box,DUTY_SUB_02,D2_Suburban,134.3,6.6,2880,0.72,17,272,07:30,14:06,16.9,29.8,Dry,0.0,Completed,0,0.0,37.9,,,,,,,,,None,,Not_Installed_Diesel,Quarter_End,2025-06-02T14:36:00,,2025-08-15T00:00:00
2025-06-02,D-06,Diesel,Diesel,Class6_Box,DUTY_SUB_03,D2_Suburban,136.4,6.7,3080,0.77,18,320,07:15,13:57,17.1,29.8,Dry,0.0,Completed,0,0.0,36.8,,,,,,,,,None,,Not_Installed_Diesel,Quarter_End,2025-06-02T13:59:00,,2025-08-15T00:00:00
2025-06-02,D-07,Diesel,Diesel,Class6_Box,DUTY_SUB_04,D2_Suburban,134.2,7.2,2880,0.72,14,262,07:30,14:42,16.3,29.8,Dry,0.0,Late,0,0.0,37.8,,,,,,,,,None,,Not_Installed_Diesel,Quarter_End,2025-06-02T14:59:00,,2025-08-15T00:00:00
2025-06-02,D-08,Diesel,Diesel,Class6_Box,DUTY_REG_01,D3_Regional,213.3,7.4,2760,0.69,8,521,07:30,14:54,16.1,29.8,Dry,0.0,Completed,0,0.0,56.9,,,,,,,,,None,,Not_Installed_Diesel,Quarter_End,2025-06-02T14:59:00,,2025-08-15T00:00:00
2025-06-02,D-09,Diesel,Diesel,Class6_Box,DUTY_REG_02,D3_Regional,211.8,7.6,2840,0.71,2,505,07:15,14:51,16.1,29.8,Dry,0.0,Completed,0,0.0,57.7,,,,,,,,,None,,Not_Installed_Diesel,Quarter_End,2025-06-02T14:59:00,,2025-08-15T00:00:00
2025-06-02,D-10,Diesel,Diesel,Class6_Box,DUTY_REG_03,D3_Regional,213.8,7.4,3240,0.81,8,542,07:00,14:24,16.6,29.8,Dry,0.0,Completed,0,0.0,56.9,,,,,,,,,None,,Not_Installed_Diesel,Quarter_End,2025-06-02T14:54:00,,2025-08-15T00:00:00
2025-06-03,EV-01,Electric,Electric,Class6_Box,DUTY_URB_01,D1_Urban,87.1,6.2,2960,0.74,31,123,07:00,13:12,17.8,29.0,Dry,0.0,Completed,0,0.0,,149.3,11.2,160.5,182.4,100.0,19.8,CHG-01,50.0,Enhanced_Telemetry,147.8,Received_Valid,Immediate_CAN_Bus,2025-06-03T13:42:00,2025-06-03T13:17:00,2025-06-03T13:17:00
2025-06-03,EV-02,Electric,Electric,Class6_Box,DUTY_URB_02,D1_Urban,86.8,5.8,2760,0.69,31,124,07:30,13:18,17.7,29.0,Dry,0.0,Completed,0,0.0,,156.4,11.9,168.3,191.2,100.0,15.8,CHG-02,50.0,Enhanced_Telemetry,156.7,Received_Valid,Immediate_CAN_Bus,2025-06-03T13:48:00,2025-06-03T13:23:00,2025-06-03T13:23:00
2025-06-03,D-03,Diesel,Diesel,Class6_Box,DUTY_URB_03,D1_Urban,84.4,6.4,2760,0.69,32,155,07:15,13:39,17.4,29.0,Dry,0.0,Completed,0,0.0,25.2,,,,,,,,,None,,Not_Installed_Diesel,Quarter_End,2025-06-03T13:59:00,,2025-08-15T00:00:00
2025-06-03,D-04,Diesel,Diesel,Class6_Box,DUTY_SUB_01,D2_Suburban,137.8,6.5,2840,0.71,16,268,07:00,13:30,17.5,29.0,Dry,0.0,Completed,0,0.0,37.6,,,,,,,,,None,,Not_Installed_Diesel,Quarter_End,2025-06-03T13:59:00,,2025-08-15T00:00:00
2025-06-03,D-05,Diesel,Diesel,Class6_Box,DUTY_SUB_02,D2_Suburban,136.0,6.7,2880,0.72,16,282,07:00,13:42,17.3,29.0,Dry,0.0,Completed,0,0.0,38.4,,,,,,,,,None,,Not_Installed_Diesel,Quarter_End,2025-06-03T13:59:00,,2025-08-15T00:00:00
2025-06-03,D-06,Diesel,Diesel,Class6_Box,DUTY_SUB_03,D2_Suburban,138.1,6.8,3080,0.77,19,307,07:15,14:03,16.9,29.0,Dry,0.0,Completed,0,0.0,38.0,,,,,,,,,None,,Not_Installed_Diesel,Quarter_End,2025-06-03T14:33:00,,2025-08-15T00:00:00
2025-06-03,D-07,Diesel,Diesel,Class6_Box,DUTY_SUB_04,D2_Suburban,134.7,6.3,2880,0.72,11,289,07:00,13:18,17.7,29.0,Dry,0.0,Completed,0,0.0,38.7,,,,,,,,,None,,Not_Installed_Diesel,Quarter_End,2025-06-03T13:48:00,,2025-08-15T00:00:00
2025-06-03,D-08,Diesel,Diesel,Class6_Box,DUTY_REG_01,D3_Regional,206.9,7.9,2720,0.68,8,529,07:15,15:09,15.8,29.0,Dry,0.0,Completed,0,0.0,56.0,,,,,,,,,None,,Not_Installed_Diesel,Quarter_End,2025-06-03T15:39:00,,2025-08-15T00:00:00
2025-06-03,D-09,Diesel,Diesel,Class6_Box,DUTY_REG_02,D3_Regional,213.5,8.2,3000,0.75,6,508,07:30,15:41,15.3,29.0,Dry,0.0,Completed,0,0.0,57.1,,,,,,,,,None,,Not_Installed_Diesel,Quarter_End,2025-06-03T15:59:00,,2025-08-15T00:00:00
2025-06-03,D-10,Diesel,Diesel,Class6_Box,DUTY_REG_03,D3_Regional,212.3,8.1,2560,0.64,6,570,07:30,15:36,15.4,29.0,Dry,0.0,Completed,0,0.0,57.3,,,,,,,,,None,,Not_Installed_Diesel,Quarter_End,2025-06-03T15:59:00,,2025-08-15T00:00:00
2025-06-04,EV-01,Electric,Electric,Class6_Box,DUTY_URB_01,D1_Urban,82.6,5.8,2720,0.68,28,157,07:30,13:18,17.7,24.9,Dry,0.0,Completed,0,0.0,,145.7,9.6,155.3,176.5,100.0,22.3,CHG-01,50.0,Enhanced_Telemetry,145.8,Received_Valid,Immediate_CAN_Bus,2025-06-04T13:48:00,2025-06-04T13:23:00,2025-06-04T13:23:00
2025-06-04,EV-02,Electric,Electric,Class6_Box,DUTY_URB_02,D1_Urban,82.2,5.8,2920,0.73,31,121,07:30,13:18,17.7,24.9,Dry,0.0,Completed,0,0.0,,151.4,12.4,163.8,186.1,100.0,18.1,CHG-02,50.0,Enhanced_Telemetry,151.4,Received_Valid,Immediate_CAN_Bus,2025-06-04T13:48:00,2025-06-04T13:23:00,2025-06-04T13:23:00
2025-06-04,D-03,Diesel,Diesel,Class6_Box,DUTY_URB_03,D1_Urban,86.6,5.5,2720,0.68,29,147,07:15,12:45,18.2,24.9,Dry,0.0,Completed,0,0.0,25.9,,,,,,,,,None,,Not_Installed_Diesel,Quarter_End,2025-06-04T12:59:00,,2025-08-15T00:00:00
2025-06-04,D-04,Diesel,Diesel,Class6_Box,DUTY_SUB_01,D2_Suburban,131.7,6.4,2840,0.71,17,271,07:00,13:24,17.6,24.9,Dry,0.0,Completed,0,0.0,38.3,,,,,,,,,None,,Not_Installed_Diesel,Quarter_End,2025-06-04T13:54:00,,2025-08-15T00:00:00
2025-06-04,D-05,Diesel,Diesel,Class6_Box,DUTY_SUB_02,D2_Suburban,136.3,6.4,2520,0.63,17,292,07:15,13:39,17.4,24.9,Dry,0.0,Completed,0,0.0,38.2,,,,,,,,,None,,Not_Installed_Diesel,Quarter_End,2025-06-04T13:59:00,,2025-08-15T00:00:00
2025-06-04,D-06,Diesel,Diesel,Class6_Box,DUTY_SUB_03,D2_Suburban,135.9,6.7,3280,0.82,18,310,07:30,14:12,16.8,24.9,Dry,0.0,Completed,0,0.0,36.9,,,,,,,,,None,,Not_Installed_Diesel,Quarter_End,2025-06-04T14:42:00,,2025-08-15T00:00:00
2025-06-04,D-07,Diesel,Diesel,Class6_Box,DUTY_SUB_04,D2_Suburban,133.3,6.2,2800,0.70,17,269,07:30,13:42,17.3,24.9,Dry,0.0,Completed,0,0.0,37.3,,,,,,,,,None,,Not_Installed_Diesel,Quarter_End,2025-06-04T13:59:00,,2025-08-15T00:00:00
2025-06-04,D-08,Diesel,Diesel,Class6_Box,DUTY_REG_01,D3_Regional,207.7,8.0,2680,0.67,5,528,07:15,15:15,15.8,24.9,Dry,0.0,Completed,0,0.0,57.1,,,,,,,,,None,,Not_Installed_Diesel,Quarter_End,2025-06-04T15:45:00,,2025-08-15T00:00:00
2025-06-04,D-09,Diesel,Diesel,Class6_Box,DUTY_REG_02,D3_Regional,207.8,7.4,2640,0.66,8,505,07:30,14:54,16.1,24.9,Dry,0.0,Completed,0,0.0,57.5,,,,,,,,,None,,Not_Installed_Diesel,Quarter_End,2025-06-04T14:59:00,,2025-08-15T00:00:00
2025-06-04,D-10,Diesel,Diesel,Class6_Box,DUTY_REG_03,D3_Regional,210.6,8.0,3040,0.76,6,555,07:00,15:00,16.0,24.9,Dry,0.0,Completed,0,0.0,56.6,,,,,,,,,None,,Not_Installed_Diesel,Quarter_End,2025-06-04T15:30:00,,2025-08-15T00:00:00
2025-06-05,EV-01,Electric,Electric,Class6_Box,DUTY_URB_01,D1_Urban,84.3,5.8,2960,0.74,28,148,07:00,12:48,18.2,25.2,Windy,0.0,Completed,0,0.0,,145.2,10.7,155.9,177.2,100.0,22.0,CHG-01,50.0,Enhanced_Telemetry,144.9,Received_Valid,Immediate_CAN_Bus,2025-06-05T12:59:00,2025-06-05T12:53:00,2025-06-05T12:53:00
2025-06-05,EV-02,Electric,Electric,Class6_Box,DUTY_URB_02,D1_Urban,80.0,5.8,3240,0.81,26,124,07:00,12:48,18.2,25.2,Windy,0.0,Completed,0,0.0,,137.4,13.5,150.9,171.5,100.0,24.5,CHG-02,50.0,Enhanced_Telemetry,137.8,Received_Valid,Immediate_CAN_Bus,2025-06-05T12:59:00,2025-06-05T12:53:00,2025-06-05T12:53:00
2025-06-05,D-03,Diesel,Diesel,Class6_Box,DUTY_URB_03,D1_Urban,86.7,5.9,2600,0.65,30,158,07:15,13:09,17.9,25.2,Windy,0.0,Completed,0,0.0,25.7,,,,,,,,,None,,Not_Installed_Diesel,Quarter_End,2025-06-05T13:39:00,,2025-08-15T00:00:00
2025-06-05,D-04,Diesel,Diesel,Class6_Box,DUTY_SUB_01,D2_Suburban,132.7,6.9,2560,0.64,15,294,07:15,14:09,16.9,25.2,Windy,0.0,Completed,0,0.0,38.7,,,,,,,,,None,,Not_Installed_Diesel,Quarter_End,2025-06-05T14:39:00,,2025-08-15T00:00:00
2025-06-05,D-05,Diesel,Diesel,Class6_Box,DUTY_SUB_02,D2_Suburban,134.3,6.4,2800,0.70,18,302,07:00,13:24,17.6,25.2,Windy,0.0,Completed,0,0.0,37.7,,,,,,,,,None,,Not_Installed_Diesel,Quarter_End,2025-06-05T13:54:00,,2025-08-15T00:00:00
2025-06-05,D-06,Diesel,Diesel,Class6_Box,DUTY_SUB_03,D2_Suburban,133.5,6.9,2840,0.71,18,293,07:15,14:09,16.9,25.2,Windy,0.0,Completed,0,0.0,38.3,,,,,,,,,None,,Not_Installed_Diesel,Quarter_End,2025-06-05T14:39:00,,2025-08-15T00:00:00
2025-06-05,D-07,Diesel,Diesel,Class6_Box,DUTY_SUB_04,D2_Suburban,134.9,6.5,2960,0.74,13,285,07:30,14:00,17.0,25.2,Windy,0.0,Completed,0,0.0,37.8,,,,,,,,,None,,Not_Installed_Diesel,Quarter_End,2025-06-05T14:30:00,,2025-08-15T00:00:00
2025-06-05,D-08,Diesel,Diesel,Class6_Box,DUTY_REG_01,D3_Regional,213.8,7.6,2720,0.68,9,508,07:15,14:51,16.1,25.2,Windy,0.0,Completed,0,0.0,56.7,,,,,,,,,None,,Not_Installed_Diesel,Quarter_End,2025-06-05T14:59:00,,2025-08-15T00:00:00
2025-06-05,D-09,Diesel,Diesel,Class6_Box,DUTY_REG_02,D3_Regional,211.6,7.3,3200,0.80,3,504,07:00,14:18,16.7,25.2,Windy,0.0,Completed,0,0.0,56.1,,,,,,,,,None,,Not_Installed_Diesel,Quarter_End,2025-06-05T14:48:00,,2025-08-15T00:00:00
2025-06-05,D-10,Diesel,Diesel,Class6_Box,DUTY_REG_03,D3_Regional,210.4,8.1,2960,0.74,5,542,07:00,15:06,15.9,25.2,Windy,0.0,Completed,0,0.0,56.8,,,,,,,,,None,,Not_Installed_Diesel,Quarter_End,2025-06-05T15:36:00,,2025-08-15T00:00:00
2025-06-06,EV-01,Electric,Electric,Class6_Box,DUTY_URB_01,D1_Urban,84.8,5.6,2360,0.59,27,145,07:15,12:51,18.1,22.1,Dry,0.0,Completed,0,0.0,,144.6,10.3,154.9,176.0,100.0,22.5,CHG-01,50.0,Enhanced_Telemetry,144.1,Received_Valid,Immediate_CAN_Bus,2025-06-06T12:59:00,2025-06-06T12:56:00,2025-06-06T12:56:00
2025-06-06,EV-02,Electric,Electric,Class6_Box,DUTY_URB_02,D1_Urban,83.6,5.8,3120,0.78,27,146,07:00,12:48,18.2,22.1,Dry,0.0,Completed,0,0.0,,147.7,10.9,158.6,180.2,100.0,20.7,CHG-02,50.0,Enhanced_Telemetry,147.9,Received_Valid,Immediate_CAN_Bus,2025-06-06T12:59:00,2025-06-06T12:53:00,2025-06-06T12:53:00
2025-06-06,D-03,Diesel,Diesel,Class6_Box,DUTY_URB_03,D1_Urban,85.5,5.6,3160,0.79,29,163,07:30,13:06,17.9,22.1,Dry,0.0,Completed,0,0.0,25.6,,,,,,,,,None,,Not_Installed_Diesel,Quarter_End,2025-06-06T13:36:00,,2025-08-15T00:00:00
2025-06-06,D-04,Diesel,Diesel,Class6_Box,DUTY_SUB_01,D2_Suburban,134.0,6.9,2960,0.74,17,283,07:00,13:54,17.1,22.1,Dry,0.0,Completed,0,0.0,37.6,,,,,,,,,None,,Not_Installed_Diesel,Quarter_End,2025-06-06T13:59:00,,2025-08-15T00:00:00
2025-06-06,D-05,Diesel,Diesel,Class6_Box,DUTY_SUB_02,D2_Suburban,137.8,6.1,2440,0.61,16,293,07:30,13:36,17.4,22.1,Dry,0.0,Completed,0,0.0,38.0,,,,,,,,,None,,Not_Installed_Diesel,Quarter_End,2025-06-06T13:59:00,,2025-08-15T00:00:00
2025-06-06,D-06,Diesel,Diesel,Class6_Box,DUTY_SUB_03,D2_Suburban,134.2,7.1,2680,0.67,20,297,07:15,14:21,16.6,22.1,Dry,0.0,Completed,0,0.0,37.2,,,,,,,,,None,,Not_Installed_Diesel,Quarter_End,2025-06-06T14:51:00,,2025-08-15T00:00:00
2025-06-06,D-07,Diesel,Diesel,Class6_Box,DUTY_SUB_04,D2_Suburban,135.9,6.6,3400,0.85,15,276,07:30,14:06,16.9,22.1,Dry,0.0,Completed,0,0.0,37.7,,,,,,,,,None,,Not_Installed_Diesel,Quarter_End,2025-06-06T14:36:00,,2025-08-15T00:00:00
2025-06-06,D-08,Diesel,Diesel,Class6_Box,DUTY_REG_01,D3_Regional,209.4,8.2,3360,0.84,6,512,07:15,15:26,15.6,22.1,Dry,0.0,Completed,0,0.0,56.8,,,,,,,,,None,,Not_Installed_Diesel,Quarter_End,2025-06-06T15:56:00,,2025-08-15T00:00:00
2025-06-06,D-09,Diesel,Diesel,Class6_Box,DUTY_REG_02,D3_Regional,208.6,7.4,3160,0.79,8,503,07:30,14:54,16.1,22.1,Dry,0.0,Completed,0,0.0,56.9,,,,,,,,,None,,Not_Installed_Diesel,Quarter_End,2025-06-06T14:59:00,,2025-08-15T00:00:00
2025-06-06,D-10,Diesel,Diesel,Class6_Box,DUTY_REG_03,D3_Regional,209.4,8.2,3200,0.80,6,570,07:15,15:26,15.6,22.1,Dry,0.0,Completed,0,0.0,56.9,,,,,,,,,None,,Not_Installed_Diesel,Quarter_End,2025-06-06T15:56:00,,2025-08-15T00:00:00
2025-06-09,EV-01,Electric,Electric,Class6_Box,DUTY_URB_01,D1_Urban,83.4,6.0,2920,0.73,33,138,07:30,13:30,17.5,25.9,Dry,0.0,Completed,0,0.0,,140.6,11.6,152.2,173.0,100.0,23.9,CHG-01,50.0,Enhanced_Telemetry,140.3,Received_Valid,Immediate_CAN_Bus,2025-06-09T13:59:00,2025-06-09T13:35:00,2025-06-09T13:35:00
2025-06-09,EV-02,Electric,Electric,Class6_Box,DUTY_URB_02,D1_Urban,82.6,5.8,3080,0.77,25,149,07:00,12:48,18.2,25.9,Dry,0.0,Completed,0,0.0,,147.4,11.6,159.0,180.7,100.0,20.5,CHG-02,50.0,Enhanced_Telemetry,147.9,Received_Valid,Immediate_CAN_Bus,2025-06-09T12:59:00,2025-06-09T12:53:00,2025-06-09T12:53:00
2025-06-09,D-03,Diesel,Diesel,Class6_Box,DUTY_URB_03,D1_Urban,87.6,5.6,2520,0.63,33,136,07:00,12:36,18.4,25.9,Dry,0.0,Completed,0,0.0,26.2,,,,,,,,,None,,Not_Installed_Diesel,Quarter_End,2025-06-09T12:59:00,,2025-08-15T00:00:00
2025-06-09,D-04,Diesel,Diesel,Class6_Box,DUTY_SUB_01,D2_Suburban,132.2,6.4,3040,0.76,18,299,07:00,13:24,17.6,25.9,Dry,0.0,Completed,0,0.0,37.7,,,,,,,,,None,,Not_Installed_Diesel,Quarter_End,2025-06-09T13:54:00,,2025-08-15T00:00:00
2025-06-09,D-05,Diesel,Diesel,Class6_Box,DUTY_SUB_02,D2_Suburban,132.8,6.0,3320,0.83,14,281,07:15,13:15,17.8,25.9,Dry,0.0,Completed,0,0.0,37.3,,,,,,,,,None,,Not_Installed_Diesel,Quarter_End,2025-06-09T13:45:00,,2025-08-15T00:00:00
2025-06-09,D-06,Diesel,Diesel,Class6_Box,DUTY_SUB_03,D2_Suburban,134.5,6.9,2720,0.68,19,330,07:15,14:09,16.9,25.9,Dry,0.0,Completed,0,0.0,37.4,,,,,,,,,None,,Not_Installed_Diesel,Quarter_End,2025-06-09T14:39:00,,2025-08-15T00:00:00
2025-06-09,D-07,Diesel,Diesel,Class6_Box,DUTY_SUB_04,D2_Suburban,134.3,6.6,2880,0.72,12,286,07:30,14:06,16.9,25.9,Dry,0.0,Completed,0,0.0,37.6,,,,,,,,,None,,Not_Installed_Diesel,Quarter_End,2025-06-09T14:36:00,,2025-08-15T00:00:00
2025-06-09,D-08,Diesel,Diesel,Class6_Box,DUTY_REG_01,D3_Regional,208.9,8.2,3240,0.81,6,504,07:00,15:11,15.8,25.9,Dry,0.0,Completed,0,0.0,55.6,,,,,,,,,None,,Not_Installed_Diesel,Quarter_End,2025-06-09T15:41:00,,2025-08-15T00:00:00
2025-06-09,D-09,Diesel,Diesel,Class6_Box,DUTY_REG_02,D3_Regional,208.2,7.9,2840,0.71,8,506,07:15,15:09,15.8,25.9,Dry,0.0,Completed,0,0.0,56.3,,,,,,,,,None,,Not_Installed_Diesel,Quarter_End,2025-06-09T15:39:00,,2025-08-15T00:00:00
2025-06-09,D-10,Diesel,Diesel,Class6_Box,DUTY_REG_03,D3_Regional,211.3,8.2,2880,0.72,4,537,07:00,15:11,15.8,25.9,Dry,0.0,Completed,0,0.0,57.2,,,,,,,,,None,,Not_Installed_Diesel,Quarter_End,2025-06-09T15:41:00,,2025-08-15T00:00:00
2025-06-10,EV-01,Electric,Electric,Class6_Box,DUTY_URB_01,D1_Urban,83.0,6.1,2920,0.73,30,158,07:30,13:36,17.4,30.9,Dry,0.0,Completed,0,0.0,,140.1,13.1,153.2,174.1,100.0,23.4,CHG-01,50.0,Enhanced_Telemetry,139.8,Received_Valid,Immediate_CAN_Bus,2025-06-10T13:59:00,2025-06-10T13:41:00,2025-06-10T13:41:00
2025-06-10,EV-02,Electric,Electric,Class6_Box,DUTY_URB_02,D1_Urban,86.6,5.4,3360,0.84,26,137,07:15,12:39,18.4,30.9,Dry,0.0,Completed,0,0.0,,153.1,14.4,167.5,190.3,100.0,16.2,CHG-02,50.0,Enhanced_Telemetry,152.9,Received_Valid,Immediate_CAN_Bus,2025-06-10T12:59:00,2025-06-10T12:44:00,2025-06-10T12:44:00
2025-06-10,D-03,Diesel,Diesel,Class6_Box,DUTY_URB_03,D1_Urban,86.0,6.1,3120,0.78,34,153,07:00,13:06,17.9,30.9,Dry,0.0,Completed,0,0.0,25.2,,,,,,,,,None,,Not_Installed_Diesel,Quarter_End,2025-06-10T13:36:00,,2025-08-15T00:00:00
2025-06-10,D-04,Diesel,Diesel,Class6_Box,DUTY_SUB_01,D2_Suburban,133.5,6.7,3000,0.75,13,299,07:30,14:12,16.8,30.9,Dry,0.0,Completed,0,0.0,38.0,,,,,,,,,None,,Not_Installed_Diesel,Quarter_End,2025-06-10T14:42:00,,2025-08-15T00:00:00
2025-06-10,D-05,Diesel,Diesel,Class6_Box,DUTY_SUB_02,D2_Suburban,133.3,6.7,2880,0.72,18,294,07:00,13:42,17.3,30.9,Dry,0.0,Completed,0,0.0,38.7,,,,,,,,,None,,Not_Installed_Diesel,Quarter_End,2025-06-10T13:59:00,,2025-08-15T00:00:00
2025-06-10,D-06,Diesel,Diesel,Class6_Box,DUTY_SUB_03,D2_Suburban,136.4,6.4,2760,0.69,19,329,07:15,13:39,17.4,30.9,Dry,0.0,Completed,0,0.0,37.2,,,,,,,,,None,,Not_Installed_Diesel,Quarter_End,2025-06-10T13:59:00,,2025-08-15T00:00:00
2025-06-10,D-07,Diesel,Diesel,Class6_Box,DUTY_SUB_04,D2_Suburban,131.6,6.7,2640,0.66,12,284,07:00,13:42,17.3,30.9,Dry,0.0,Completed,0,0.0,37.5,,,,,,,,,None,,Not_Installed_Diesel,Quarter_End,2025-06-10T13:59:00,,2025-08-15T00:00:00
2025-06-10,D-08,Diesel,Diesel,Class6_Box,DUTY_REG_01,D3_Regional,210.9,7.8,2640,0.66,5,509,07:00,14:48,16.2,30.9,Dry,0.0,Completed,0,0.0,56.8,,,,,,,,,None,,Not_Installed_Diesel,Quarter_End,2025-06-10T14:59:00,,2025-08-15T00:00:00
2025-06-10,D-09,Diesel,Diesel,Class6_Box,DUTY_REG_02,D3_Regional,205.9,8.2,2640,0.66,5,496,07:15,15:26,15.6,30.9,Dry,0.0,Completed,0,0.0,57.3,,,,,,,,,None,,Not_Installed_Diesel,Quarter_End,2025-06-10T15:56:00,,2025-08-15T00:00:00
2025-06-10,D-10,Diesel,Diesel,Class6_Box,DUTY_REG_03,D3_Regional,213.6,7.8,2560,0.64,10,569,07:15,15:03,15.9,30.9,Dry,0.0,Completed,0,0.0,56.3,,,,,,,,,None,,Not_Installed_Diesel,Quarter_End,2025-06-10T15:33:00,,2025-08-15T00:00:00
2025-06-11,EV-01,Electric,Electric,Class6_Box,DUTY_URB_01,D1_Urban,85.5,5.9,2720,0.68,32,148,07:30,13:24,17.6,27.3,Dry,0.0,Completed,0,0.0,,155.9,11.2,167.1,189.9,100.0,16.5,CHG-01,50.0,Enhanced_Telemetry,156.1,Received_Valid,Immediate_CAN_Bus,2025-06-11T13:54:00,2025-06-11T13:29:00,2025-06-11T13:29:00
2025-06-11,EV-02,Electric,Electric,Class6_Box,DUTY_URB_02,D1_Urban,82.8,5.2,3120,0.78,25,128,07:15,12:27,18.6,27.3,Dry,0.0,Completed,0,0.0,,142.9,11.6,154.5,175.6,100.0,22.8,CHG-02,50.0,Enhanced_Telemetry,143.7,Received_Valid,Immediate_CAN_Bus,2025-06-11T12:57:00,2025-06-11T12:32:00,2025-06-11T12:32:00
2025-06-11,D-03,Diesel,Diesel,Class6_Box,DUTY_URB_03,D1_Urban,82.6,5.7,2800,0.70,30,151,07:30,13:12,17.8,27.3,Dry,0.0,Completed,0,0.0,26.2,,,,,,,,,None,,Not_Installed_Diesel,Quarter_End,2025-06-11T13:42:00,,2025-08-15T00:00:00
2025-06-11,D-04,Diesel,Diesel,Class6_Box,DUTY_SUB_01,D2_Suburban,133.0,6.7,2640,0.66,19,264,07:00,13:42,17.3,27.3,Dry,0.0,Completed,0,0.0,37.5,,,,,,,,,None,,Not_Installed_Diesel,Quarter_End,2025-06-11T13:59:00,,2025-08-15T00:00:00
2025-06-11,D-05,Diesel,Diesel,Class6_Box,DUTY_SUB_02,D2_Suburban,133.2,6.8,3000,0.75,13,289,07:15,14:03,16.9,27.3,Dry,0.0,Completed,0,0.0,37.7,,,,,,,,,None,,Not_Installed_Diesel,Quarter_End,2025-06-11T14:33:00,,2025-08-15T00:00:00
2025-06-11,D-06,Diesel,Diesel,Class6_Box,DUTY_SUB_03,D2_Suburban,134.6,6.1,2680,0.67,15,300,07:15,13:21,17.6,27.3,Dry,0.0,Completed,0,0.0,38.2,,,,,,,,,None,,Not_Installed_Diesel,Quarter_End,2025-06-11T13:51:00,,2025-08-15T00:00:00
2025-06-11,D-07,Diesel,Diesel,Class6_Box,DUTY_SUB_04,D2_Suburban,134.8,7.0,2800,0.70,12,262,07:15,14:15,16.8,27.3,Dry,0.0,Completed,0,0.0,37.3,,,,,,,,,None,,Not_Installed_Diesel,Quarter_End,2025-06-11T14:45:00,,2025-08-15T00:00:00
2025-06-11,D-08,Diesel,Diesel,Class6_Box,DUTY_REG_01,D3_Regional,210.3,7.2,2520,0.63,5,528,07:30,14:42,16.3,27.3,Dry,0.0,Completed,0,0.0,56.9,,,,,,,,,None,,Not_Installed_Diesel,Quarter_End,2025-06-11T14:59:00,,2025-08-15T00:00:00
2025-06-11,D-09,Diesel,Diesel,Class6_Box,DUTY_REG_02,D3_Regional,208.1,7.8,3040,0.76,4,474,07:30,15:18,15.7,27.3,Dry,0.0,Completed,0,0.0,57.0,,,,,,,,,None,,Not_Installed_Diesel,Quarter_End,2025-06-11T15:48:00,,2025-08-15T00:00:00
2025-06-11,D-10,Diesel,Diesel,Class6_Box,DUTY_REG_03,D3_Regional,209.4,7.7,3240,0.81,10,535,07:15,14:57,16.1,27.3,Dry,0.0,Completed,0,0.0,57.0,,,,,,,,,None,,Not_Installed_Diesel,Quarter_End,2025-06-11T14:59:00,,2025-08-15T00:00:00
2025-06-12,EV-01,Electric,Electric,Class6_Box,DUTY_URB_01,D1_Urban,85.7,5.7,2920,0.73,29,153,07:15,12:57,18.1,25.7,Dry,0.0,Completed,0,0.0,,149.5,11.5,161.0,183.0,100.0,19.5,CHG-01,50.0,Enhanced_Telemetry,149.4,Received_Valid,Immediate_CAN_Bus,2025-06-12T12:59:00,2025-06-12T12:59:00,2025-06-12T12:59:00
2025-06-12,EV-02,Electric,Electric,Class6_Box,DUTY_URB_02,D1_Urban,86.3,6.1,3000,0.75,31,144,07:30,13:36,17.4,25.7,Dry,0.0,Completed,0,0.0,,154.9,11.9,166.8,189.5,100.0,16.6,CHG-02,50.0,Enhanced_Telemetry,155.8,Received_Valid,Immediate_CAN_Bus,2025-06-12T13:59:00,2025-06-12T13:41:00,2025-06-12T13:41:00
2025-06-12,D-03,Diesel,Diesel,Class6_Box,DUTY_URB_03,D1_Urban,87.2,5.9,2600,0.65,32,149,07:15,13:09,17.9,25.7,Dry,0.0,Completed,0,0.0,26.1,,,,,,,,,None,,Not_Installed_Diesel,Quarter_End,2025-06-12T13:39:00,,2025-08-15T00:00:00
2025-06-12,D-04,Diesel,Diesel,Class6_Box,DUTY_SUB_01,D2_Suburban,131.5,6.1,3360,0.84,18,276,07:30,13:36,17.4,25.7,Dry,0.0,Completed,0,0.0,38.1,,,,,,,,,None,,Not_Installed_Diesel,Quarter_End,2025-06-12T13:59:00,,2025-08-15T00:00:00
2025-06-12,D-05,Diesel,Diesel,Class6_Box,DUTY_SUB_02,D2_Suburban,138.1,6.2,3040,0.76,12,271,07:00,13:12,17.8,25.7,Dry,0.0,Completed,0,0.0,37.5,,,,,,,,,None,,Not_Installed_Diesel,Quarter_End,2025-06-12T13:42:00,,2025-08-15T00:00:00
2025-06-12,D-06,Diesel,Diesel,Class6_Box,DUTY_SUB_03,D2_Suburban,135.4,7.0,3040,0.76,19,311,07:30,14:30,16.5,25.7,Dry,0.0,Completed,0,0.0,37.5,,,,,,,,,None,,Not_Installed_Diesel,Quarter_End,2025-06-12T14:59:00,,2025-08-15T00:00:00
2025-06-12,D-07,Diesel,Diesel,Class6_Box,DUTY_SUB_04,D2_Suburban,134.2,6.2,3000,0.75,11,263,07:00,13:12,17.8,25.7,Dry,0.0,Completed,0,0.0,37.1,,,,,,,,,None,,Not_Installed_Diesel,Quarter_End,2025-06-12T13:42:00,,2025-08-15T00:00:00
2025-06-12,D-08,Diesel,Diesel,Class6_Box,DUTY_REG_01,D3_Regional,211.1,7.7,2640,0.66,8,533,07:00,14:42,16.3,25.7,Dry,0.0,Completed,0,0.0,56.8,,,,,,,,,None,,Not_Installed_Diesel,Quarter_End,2025-06-12T14:59:00,,2025-08-15T00:00:00
2025-06-12,D-09,Diesel,Diesel,Class6_Box,DUTY_REG_02,D3_Regional,206.9,7.3,2880,0.72,2,498,07:00,14:18,16.7,25.7,Dry,0.0,Completed,0,0.0,56.6,,,,,,,,,None,,Not_Installed_Diesel,Quarter_End,2025-06-12T14:48:00,,2025-08-15T00:00:00
2025-06-12,D-10,Diesel,Diesel,Class6_Box,DUTY_REG_03,D3_Regional,211.5,7.9,2720,0.68,10,550,07:00,14:54,16.1,25.7,Dry,0.0,Completed,0,0.0,56.5,,,,,,,,,None,,Not_Installed_Diesel,Quarter_End,2025-06-12T14:59:00,,2025-08-15T00:00:00
2025-06-13,EV-01,Electric,Electric,Class6_Box,DUTY_URB_01,D1_Urban,82.0,6.0,2520,0.63,32,135,07:30,13:30,17.5,23.5,Dry,0.0,Completed,0,0.0,,142.5,10.5,153.0,173.9,100.0,23.5,CHG-01,50.0,Enhanced_Telemetry,143.3,Received_Valid,Immediate_CAN_Bus,2025-06-13T13:59:00,2025-06-13T13:35:00,2025-06-13T13:35:00
2025-06-13,EV-02,Electric,Electric,Class6_Box,DUTY_URB_02,D1_Urban,85.1,5.4,2560,0.64,25,143,07:00,12:24,18.6,23.5,Dry,0.0,Completed,0,0.0,,154.1,10.3,164.4,186.8,100.0,17.8,CHG-02,50.0,Enhanced_Telemetry,153.7,Received_Valid,Immediate_CAN_Bus,2025-06-13T12:54:00,2025-06-13T12:29:00,2025-06-13T12:29:00
2025-06-13,D-03,Diesel,Diesel,Class6_Box,DUTY_URB_03,D1_Urban,81.9,5.5,2840,0.71,33,141,07:15,12:45,18.2,23.5,Dry,0.0,Completed,0,0.0,25.6,,,,,,,,,None,,Not_Installed_Diesel,Quarter_End,2025-06-13T12:59:00,,2025-08-15T00:00:00
2025-06-13,D-04,Diesel,Diesel,Class6_Box,DUTY_SUB_01,D2_Suburban,132.4,6.5,3160,0.79,13,282,07:15,13:45,17.2,23.5,Dry,0.0,Outsourced,1,270.0,,,,,,,,,,None,,Not_Applicable_Outsourced,Quarter_End,2025-06-13T13:59:00,,2025-06-13T13:59:00
2025-06-13,D-05,Diesel,Diesel,Class6_Box,DUTY_SUB_02,D2_Suburban,136.6,6.3,2840,0.71,13,294,07:00,13:18,17.7,23.5,Dry,0.0,Completed,0,0.0,38.1,,,,,,,,,None,,Not_Installed_Diesel,Quarter_End,2025-06-13T13:48:00,,2025-08-15T00:00:00
2025-06-13,D-06,Diesel,Diesel,Class6_Box,DUTY_SUB_03,D2_Suburban,137.4,6.8,2400,0.60,15,327,07:00,13:48,17.2,23.5,Dry,0.0,Completed,0,0.0,37.9,,,,,,,,,None,,Not_Installed_Diesel,Quarter_End,2025-06-13T13:59:00,,2025-08-15T00:00:00
2025-06-13,D-07,Diesel,Diesel,Class6_Box,DUTY_SUB_04,D2_Suburban,137.3,6.9,2840,0.71,17,290,07:30,14:24,16.6,23.5,Dry,0.0,Completed,0,0.0,38.5,,,,,,,,,None,,Not_Installed_Diesel,Quarter_End,2025-06-13T14:54:00,,2025-08-15T00:00:00
2025-06-13,D-08,Diesel,Diesel,Class6_Box,DUTY_REG_01,D3_Regional,214.0,7.9,2840,0.71,5,530,07:30,15:24,15.6,23.5,Dry,0.0,Completed,0,0.0,56.5,,,,,,,,,None,,Not_Installed_Diesel,Quarter_End,2025-06-13T15:54:00,,2025-08-15T00:00:00
2025-06-13,D-09,Diesel,Diesel,Class6_Box,DUTY_REG_02,D3_Regional,208.1,7.8,2760,0.69,7,489,07:00,14:48,16.2,23.5,Dry,0.0,Completed,0,0.0,56.3,,,,,,,,,None,,Not_Installed_Diesel,Quarter_End,2025-06-13T14:59:00,,2025-08-15T00:00:00
2025-06-13,D-10,Diesel,Diesel,Class6_Box,DUTY_REG_03,D3_Regional,214.0,7.6,2760,0.69,4,558,07:15,14:51,16.1,23.5,Dry,0.0,Completed,0,0.0,57.2,,,,,,,,,None,,Not_Installed_Diesel,Quarter_End,2025-06-13T14:59:00,,2025-08-15T00:00:00
2025-06-16,EV-01,Electric,Electric,Class6_Box,DUTY_URB_01,D1_Urban,89.2,5.5,2600,0.65,33,137,07:15,12:45,18.2,23.4,Windy,0.0,Completed,0,0.0,,154.5,9.8,164.3,186.7,100.0,17.8,CHG-01,50.0,Enhanced_Telemetry,153.5,Received_Valid,Immediate_CAN_Bus,2025-06-16T12:59:00,2025-06-16T12:50:00,2025-06-16T12:50:00
2025-06-16,EV-02,Electric,Electric,Class6_Box,DUTY_URB_02,D1_Urban,82.2,5.6,2560,0.64,31,130,07:15,12:51,18.1,23.4,Windy,0.0,Completed,0,0.0,,137.1,9.6,146.7,166.7,100.0,26.7,CHG-02,50.0,Enhanced_Telemetry,136.7,Received_Valid,Immediate_CAN_Bus,2025-06-16T12:59:00,2025-06-16T12:56:00,2025-06-16T12:56:00
2025-06-16,D-03,Diesel,Diesel,Class6_Box,DUTY_URB_03,D1_Urban,84.5,6.2,3360,0.84,32,163,07:30,13:42,17.3,23.4,Windy,0.0,Completed,0,0.0,25.7,,,,,,,,,None,,Not_Installed_Diesel,Quarter_End,2025-06-16T13:59:00,,2025-08-15T00:00:00
2025-06-16,D-04,Diesel,Diesel,Class6_Box,DUTY_SUB_01,D2_Suburban,132.6,6.5,2800,0.70,14,274,07:30,14:00,17.0,23.4,Windy,0.0,Completed,0,0.0,37.4,,,,,,,,,None,,Not_Installed_Diesel,Quarter_End,2025-06-16T14:30:00,,2025-08-15T00:00:00
2025-06-16,D-05,Diesel,Diesel,Class6_Box,DUTY_SUB_02,D2_Suburban,133.4,6.5,3040,0.76,16,282,07:30,14:00,17.0,23.4,Windy,0.0,Completed,0,0.0,38.3,,,,,,,,,None,,Not_Installed_Diesel,Quarter_End,2025-06-16T14:30:00,,2025-08-15T00:00:00
2025-06-16,D-06,Diesel,Diesel,Class6_Box,DUTY_SUB_03,D2_Suburban,134.5,6.6,3120,0.78,19,290,07:15,13:51,17.1,23.4,Windy,0.0,Completed,0,0.0,37.9,,,,,,,,,None,,Not_Installed_Diesel,Quarter_End,2025-06-16T13:59:00,,2025-08-15T00:00:00
2025-06-16,D-07,Diesel,Diesel,Class6_Box,DUTY_SUB_04,D2_Suburban,131.6,6.6,2680,0.67,12,283,07:30,14:06,16.9,23.4,Windy,0.0,Completed,0,0.0,37.5,,,,,,,,,None,,Not_Installed_Diesel,Quarter_End,2025-06-16T14:36:00,,2025-08-15T00:00:00
2025-06-16,D-08,Diesel,Diesel,Class6_Box,DUTY_REG_01,D3_Regional,210.3,7.7,3200,0.80,5,501,07:00,14:42,16.3,23.4,Windy,0.0,Completed,0,0.0,56.9,,,,,,,,,None,,Not_Installed_Diesel,Quarter_End,2025-06-16T14:59:00,,2025-08-15T00:00:00
2025-06-16,D-09,Diesel,Diesel,Class6_Box,DUTY_REG_02,D3_Regional,210.4,7.7,3040,0.76,4,495,07:00,14:42,16.3,23.4,Windy,0.0,Completed,0,0.0,57.4,,,,,,,,,None,,Not_Installed_Diesel,Quarter_End,2025-06-16T14:59:00,,2025-08-15T00:00:00
2025-06-16,D-10,Diesel,Diesel,Class6_Box,DUTY_REG_03,D3_Regional,212.5,7.8,2600,0.65,4,538,07:00,14:48,16.2,23.4,Windy,0.0,Completed,0,0.0,56.6,,,,,,,,,None,,Not_Installed_Diesel,Quarter_End,2025-06-16T14:59:00,,2025-08-15T00:00:00
2025-06-17,EV-01,Electric,Electric,Class6_Box,DUTY_URB_01,D1_Urban,86.4,5.9,2800,0.70,27,151,07:15,13:09,17.9,28.1,Dry,0.0,Completed,0,0.0,,151.9,11.5,163.4,185.7,100.0,18.3,CHG-01,50.0,Enhanced_Telemetry,151.5,Received_Valid,Immediate_CAN_Bus,2025-06-17T13:39:00,2025-06-17T13:14:00,2025-06-17T13:14:00
2025-06-17,EV-02,Electric,Electric,Class6_Box,DUTY_URB_02,D1_Urban,81.5,6.1,3240,0.81,27,129,07:00,13:06,17.9,28.1,Dry,0.0,Completed,0,0.0,,147.6,12.6,160.2,182.0,100.0,19.9,CHG-02,50.0,Enhanced_Telemetry,148.3,Received_Valid,Immediate_CAN_Bus,2025-06-17T13:36:00,2025-06-17T13:11:00,2025-06-17T13:11:00
2025-06-17,D-03,Diesel,Diesel,Class6_Box,DUTY_URB_03,D1_Urban,88.4,6.0,2680,0.67,30,133,07:30,13:30,17.5,28.1,Dry,0.0,Completed,0,0.0,24.9,,,,,,,,,None,,Not_Installed_Diesel,Quarter_End,2025-06-17T13:59:00,,2025-08-15T00:00:00
2025-06-17,D-04,Diesel,Diesel,Class6_Box,DUTY_SUB_01,D2_Suburban,134.1,6.3,2840,0.71,17,262,07:00,13:18,17.7,28.1,Dry,0.0,Completed,0,0.0,38.0,,,,,,,,,None,,Not_Installed_Diesel,Quarter_End,2025-06-17T13:48:00,,2025-08-15T00:00:00
2025-06-17,D-05,Diesel,Diesel,Class6_Box,DUTY_SUB_02,D2_Suburban,135.9,6.3,3200,0.80,13,304,07:30,13:48,17.2,28.1,Dry,0.0,Completed,0,0.0,38.0,,,,,,,,,None,,Not_Installed_Diesel,Quarter_End,2025-06-17T13:59:00,,2025-08-15T00:00:00
2025-06-17,D-06,Diesel,Diesel,Class6_Box,DUTY_SUB_03,D2_Suburban,137.0,6.5,3080,0.77,16,315,07:00,13:30,17.5,28.1,Dry,0.0,Completed,0,0.0,38.3,,,,,,,,,None,,Not_Installed_Diesel,Quarter_End,2025-06-17T13:59:00,,2025-08-15T00:00:00
2025-06-17,D-07,Diesel,Diesel,Class6_Box,DUTY_SUB_04,D2_Suburban,135.7,6.6,2840,0.71,14,261,07:00,13:36,17.4,28.1,Dry,0.0,Completed,0,0.0,37.7,,,,,,,,,None,,Not_Installed_Diesel,Quarter_End,2025-06-17T13:59:00,,2025-08-15T00:00:00
2025-06-17,D-08,Diesel,Diesel,Class6_Box,DUTY_REG_01,D3_Regional,208.8,7.7,3120,0.78,8,540,07:00,14:42,16.3,28.1,Dry,0.0,Completed,0,0.0,57.4,,,,,,,,,None,,Not_Installed_Diesel,Quarter_End,2025-06-17T14:59:00,,2025-08-15T00:00:00
2025-06-17,D-09,Diesel,Diesel,Class6_Box,DUTY_REG_02,D3_Regional,209.2,7.9,2840,0.71,5,494,07:15,15:09,15.8,28.1,Dry,0.0,Completed,0,0.0,56.5,,,,,,,,,None,,Not_Installed_Diesel,Quarter_End,2025-06-17T15:39:00,,2025-08-15T00:00:00
2025-06-17,D-10,Diesel,Diesel,Class6_Box,DUTY_REG_03,D3_Regional,211.4,8.0,2720,0.68,8,536,07:00,15:00,16.0,28.1,Dry,0.0,Completed,0,0.0,55.9,,,,,,,,,None,,Not_Installed_Diesel,Quarter_End,2025-06-17T15:30:00,,2025-08-15T00:00:00
2025-06-18,EV-01,Electric,Electric,Class6_Box,DUTY_URB_01,D1_Urban,83.3,6.0,3040,0.76,28,126,07:00,13:00,18.0,25.9,Rain,1.6,Completed,0,0.0,,146.6,12.9,159.5,181.2,100.0,20.2,CHG-01,50.0,Enhanced_Telemetry,146.5,Received_Valid,Immediate_CAN_Bus,2025-06-18T13:30:00,2025-06-18T13:05:00,2025-06-18T13:05:00
2025-06-18,EV-02,Electric,Electric,Class6_Box,DUTY_URB_02,D1_Urban,87.1,5.8,2920,0.73,26,131,07:15,13:03,17.9,25.9,Rain,1.6,Completed,0,0.0,,159.0,10.4,169.4,192.5,100.0,15.3,CHG-02,50.0,Enhanced_Telemetry,159.1,Received_Valid,Immediate_CAN_Bus,2025-06-18T13:33:00,2025-06-18T13:08:00,2025-06-18T13:08:00
2025-06-18,D-03,Diesel,Diesel,Class6_Box,DUTY_URB_03,D1_Urban,85.3,5.8,3000,0.75,32,136,07:00,12:48,18.2,25.9,Rain,1.6,Completed,0,0.0,25.6,,,,,,,,,None,,Not_Installed_Diesel,Quarter_End,2025-06-18T12:59:00,,2025-08-15T00:00:00
2025-06-18,D-04,Diesel,Diesel,Class6_Box,DUTY_SUB_01,D2_Suburban,134.4,6.8,3040,0.76,14,264,07:15,14:03,16.9,25.9,Rain,1.6,Completed,0,0.0,37.8,,,,,,,,,None,,Not_Installed_Diesel,Quarter_End,2025-06-18T14:33:00,,2025-08-15T00:00:00
2025-06-18,D-05,Diesel,Diesel,Class6_Box,DUTY_SUB_02,D2_Suburban,134.5,6.5,2800,0.70,12,287,07:00,13:30,17.5,25.9,Rain,1.6,Completed,0,0.0,38.1,,,,,,,,,None,,Not_Installed_Diesel,Quarter_End,2025-06-18T13:59:00,,2025-08-15T00:00:00
2025-06-18,D-06,Diesel,Diesel,Class6_Box,DUTY_SUB_03,D2_Suburban,135.1,7.0,2880,0.72,20,326,07:15,14:15,16.8,25.9,Rain,1.6,Completed,0,0.0,37.1,,,,,,,,,None,,Not_Installed_Diesel,Quarter_End,2025-06-18T14:45:00,,2025-08-15T00:00:00
2025-06-18,D-07,Diesel,Diesel,Class6_Box,DUTY_SUB_04,D2_Suburban,137.0,6.6,2640,0.66,17,285,07:15,13:51,17.1,25.9,Rain,1.6,Completed,0,0.0,37.5,,,,,,,,,None,,Not_Installed_Diesel,Quarter_End,2025-06-18T13:59:00,,2025-08-15T00:00:00
2025-06-18,D-08,Diesel,Diesel,Class6_Box,DUTY_REG_01,D3_Regional,208.6,7.3,3360,0.84,9,518,07:00,14:18,16.7,25.9,Rain,1.6,Completed,0,0.0,56.9,,,,,,,,,None,,Not_Installed_Diesel,Quarter_End,2025-06-18T14:48:00,,2025-08-15T00:00:00
2025-06-18,D-09,Diesel,Diesel,Class6_Box,DUTY_REG_02,D3_Regional,205.5,7.4,2720,0.68,4,492,07:30,14:54,16.1,25.9,Rain,1.6,Completed,0,0.0,55.9,,,,,,,,,None,,Not_Installed_Diesel,Quarter_End,2025-06-18T14:59:00,,2025-08-15T00:00:00
2025-06-18,D-10,Diesel,Diesel,Class6_Box,DUTY_REG_03,D3_Regional,211.9,7.6,2720,0.68,10,540,07:30,15:06,15.9,25.9,Rain,1.6,Completed,0,0.0,57.6,,,,,,,,,None,,Not_Installed_Diesel,Quarter_End,2025-06-18T15:36:00,,2025-08-15T00:00:00
2025-06-19,EV-01,Electric,Electric,Class6_Box,DUTY_URB_01,D1_Urban,86.6,6.0,2880,0.72,27,153,07:30,13:30,17.5,26.0,Dry,0.0,Completed,0,0.0,,151.7,11.0,162.7,184.9,100.0,18.7,CHG-01,50.0,Enhanced_Telemetry,151.4,Received_Valid,Immediate_CAN_Bus,2025-06-19T13:59:00,2025-06-19T13:35:00,2025-06-19T13:35:00
2025-06-19,EV-02,Electric,Electric,Class6_Box,DUTY_URB_02,D1_Urban,82.9,5.6,2440,0.61,29,140,07:30,13:06,17.9,26.0,Dry,0.0,Completed,0,0.0,,143.1,10.5,153.6,174.5,100.0,23.2,CHG-02,50.0,Enhanced_Telemetry,142.4,Received_Valid,Immediate_CAN_Bus,2025-06-19T13:36:00,2025-06-19T13:11:00,2025-06-19T13:11:00
2025-06-19,D-03,Diesel,Diesel,Class6_Box,DUTY_URB_03,D1_Urban,85.9,6.3,2760,0.69,30,137,07:30,13:48,17.2,26.0,Dry,0.0,Completed,0,0.0,25.5,,,,,,,,,None,,Not_Installed_Diesel,Quarter_End,2025-06-19T13:59:00,,2025-08-15T00:00:00
2025-06-19,D-04,Diesel,Diesel,Class6_Box,DUTY_SUB_01,D2_Suburban,132.6,6.3,3040,0.76,18,266,07:00,13:18,17.7,26.0,Dry,0.0,Completed,0,0.0,38.0,,,,,,,,,None,,Not_Installed_Diesel,Quarter_End,2025-06-19T13:48:00,,2025-08-15T00:00:00
2025-06-19,D-05,Diesel,Diesel,Class6_Box,DUTY_SUB_02,D2_Suburban,134.9,7.1,2880,0.72,15,292,07:30,14:36,16.4,26.0,Dry,0.0,Completed,0,0.0,37.2,,,,,,,,,None,,Not_Installed_Diesel,Quarter_End,2025-06-19T14:59:00,,2025-08-15T00:00:00
2025-06-19,D-06,Diesel,Diesel,Class6_Box,DUTY_SUB_03,D2_Suburban,137.0,6.5,2840,0.71,17,292,07:15,13:45,17.2,26.0,Dry,0.0,Completed,0,0.0,36.9,,,,,,,,,None,,Not_Installed_Diesel,Quarter_End,2025-06-19T13:59:00,,2025-08-15T00:00:00
2025-06-19,D-07,Diesel,Diesel,Class6_Box,DUTY_SUB_04,D2_Suburban,137.7,6.7,3240,0.81,15,277,07:00,13:42,17.3,26.0,Dry,0.0,Completed,0,0.0,38.1,,,,,,,,,None,,Not_Installed_Diesel,Quarter_End,2025-06-19T13:59:00,,2025-08-15T00:00:00
2025-06-19,D-08,Diesel,Diesel,Class6_Box,DUTY_REG_01,D3_Regional,210.7,7.8,3320,0.83,8,506,07:15,15:03,15.9,26.0,Dry,0.0,Completed,0,0.0,56.5,,,,,,,,,None,,Not_Installed_Diesel,Quarter_End,2025-06-19T15:33:00,,2025-08-15T00:00:00
2025-06-19,D-09,Diesel,Diesel,Class6_Box,DUTY_REG_02,D3_Regional,207.9,7.4,3200,0.80,6,496,07:30,14:54,16.1,26.0,Dry,0.0,Completed,0,0.0,56.3,,,,,,,,,None,,Not_Installed_Diesel,Quarter_End,2025-06-19T14:59:00,,2025-08-15T00:00:00
2025-06-19,D-10,Diesel,Diesel,Class6_Box,DUTY_REG_03,D3_Regional,212.7,7.8,2640,0.66,8,533,07:15,15:03,15.9,26.0,Dry,0.0,Completed,0,0.0,56.9,,,,,,,,,None,,Not_Installed_Diesel,Quarter_End,2025-06-19T15:33:00,,2025-08-15T00:00:00
2025-06-20,EV-01,Electric,Electric,Class6_Box,DUTY_URB_01,D1_Urban,84.6,6.0,2960,0.74,27,129,07:15,13:15,17.8,23.7,Dry,0.0,Completed,0,0.0,,147.8,10.4,158.2,179.8,100.0,20.9,CHG-01,50.0,Enhanced_Telemetry,147.8,Received_Valid,Immediate_CAN_Bus,2025-06-20T13:45:00,2025-06-20T13:20:00,2025-06-20T13:20:00
2025-06-20,EV-02,Electric,Electric,Class6_Box,DUTY_URB_02,D1_Urban,80.8,5.9,2920,0.73,27,152,07:15,13:09,17.9,23.7,Dry,0.0,Completed,0,0.0,,141.9,11.6,153.5,174.4,100.0,23.2,CHG-02,50.0,Enhanced_Telemetry,141.6,Received_Valid,Immediate_CAN_Bus,2025-06-20T13:39:00,2025-06-20T13:14:00,2025-06-20T13:14:00
2025-06-20,D-03,Diesel,Diesel,Class6_Box,DUTY_URB_03,D1_Urban,85.2,5.3,2680,0.67,33,126,07:30,12:48,18.2,23.7,Dry,0.0,Completed,0,0.0,25.2,,,,,,,,,None,,Not_Installed_Diesel,Quarter_End,2025-06-20T12:59:00,,2025-08-15T00:00:00
2025-06-20,D-04,Diesel,Diesel,Class6_Box,DUTY_SUB_01,D2_Suburban,135.7,6.7,2920,0.73,18,287,07:00,13:42,17.3,23.7,Dry,0.0,Completed,0,0.0,37.7,,,,,,,,,None,,Not_Installed_Diesel,Quarter_End,2025-06-20T13:59:00,,2025-08-15T00:00:00
2025-06-20,D-05,Diesel,Diesel,Class6_Box,DUTY_SUB_02,D2_Suburban,138.1,6.2,3040,0.76,12,271,07:30,13:42,17.3,23.7,Dry,0.0,Completed,0,0.0,37.3,,,,,,,,,None,,Not_Installed_Diesel,Quarter_End,2025-06-20T13:59:00,,2025-08-15T00:00:00
2025-06-20,D-06,Diesel,Diesel,Class6_Box,DUTY_SUB_03,D2_Suburban,135.3,6.4,2600,0.65,14,325,07:00,13:24,17.6,23.7,Dry,0.0,Completed,0,0.0,38.4,,,,,,,,,None,,Not_Installed_Diesel,Quarter_End,2025-06-20T13:54:00,,2025-08-15T00:00:00
2025-06-20,D-07,Diesel,Diesel,Class6_Box,DUTY_SUB_04,D2_Suburban,135.7,6.4,2840,0.71,16,272,07:00,13:24,17.6,23.7,Dry,0.0,Completed,0,0.0,38.0,,,,,,,,,None,,Not_Installed_Diesel,Quarter_End,2025-06-20T13:54:00,,2025-08-15T00:00:00
2025-06-20,D-08,Diesel,Diesel,Class6_Box,DUTY_REG_01,D3_Regional,212.6,7.8,3040,0.76,7,540,07:30,15:18,15.7,23.7,Dry,0.0,Completed,0,0.0,57.1,,,,,,,,,None,,Not_Installed_Diesel,Quarter_End,2025-06-20T15:48:00,,2025-08-15T00:00:00
2025-06-20,D-09,Diesel,Diesel,Class6_Box,DUTY_REG_02,D3_Regional,210.5,7.8,3040,0.76,2,506,07:15,15:03,15.9,23.7,Dry,0.0,Completed,0,0.0,56.8,,,,,,,,,None,,Not_Installed_Diesel,Quarter_End,2025-06-20T15:33:00,,2025-08-15T00:00:00
2025-06-20,D-10,Diesel,Diesel,Class6_Box,DUTY_REG_03,D3_Regional,212.6,8.2,2560,0.64,4,542,07:30,15:41,15.3,23.7,Dry,0.0,Completed,0,0.0,57.1,,,,,,,,,None,,Not_Installed_Diesel,Quarter_End,2025-06-20T15:59:00,,2025-08-15T00:00:00
2025-06-23,EV-01,Electric,Electric,Class6_Box,DUTY_URB_01,D1_Urban,80.6,5.9,2640,0.66,31,146,07:00,12:54,18.1,26.7,Rain,7.4,Completed,0,0.0,,136.4,11.7,148.1,168.3,100.0,26.0,CHG-01,50.0,Enhanced_Telemetry,137.0,Received_Valid,Immediate_CAN_Bus,2025-06-23T12:59:00,2025-06-23T12:59:00,2025-06-23T12:59:00
2025-06-23,EV-02,Electric,Electric,Class6_Box,DUTY_URB_02,D1_Urban,85.6,5.3,2720,0.68,31,124,07:30,12:48,18.2,26.7,Rain,7.4,Completed,0,0.0,,152.5,11.8,164.3,186.7,100.0,17.8,CHG-02,50.0,Enhanced_Telemetry,152.4,Received_Valid,Immediate_CAN_Bus,2025-06-23T12:59:00,2025-06-23T12:53:00,2025-06-23T12:53:00
2025-06-23,D-03,Diesel,Diesel,Class6_Box,DUTY_URB_03,D1_Urban,86.8,5.6,2640,0.66,31,155,07:30,13:06,17.9,26.7,Rain,7.4,Completed,0,0.0,24.9,,,,,,,,,None,,Not_Installed_Diesel,Quarter_End,2025-06-23T13:36:00,,2025-08-15T00:00:00
2025-06-23,D-04,Diesel,Diesel,Class6_Box,DUTY_SUB_01,D2_Suburban,132.2,6.2,3200,0.80,15,294,07:30,13:42,17.3,26.7,Rain,7.4,Completed,0,0.0,37.0,,,,,,,,,None,,Not_Installed_Diesel,Quarter_End,2025-06-23T13:59:00,,2025-08-15T00:00:00
2025-06-23,D-05,Diesel,Diesel,Class6_Box,DUTY_SUB_02,D2_Suburban,135.6,7.1,2680,0.67,14,285,07:15,14:21,16.6,26.7,Rain,7.4,Completed,0,0.0,37.7,,,,,,,,,None,,Not_Installed_Diesel,Quarter_End,2025-06-23T14:51:00,,2025-08-15T00:00:00
2025-06-23,D-06,Diesel,Diesel,Class6_Box,DUTY_SUB_03,D2_Suburban,138.4,6.7,3200,0.80,20,298,07:30,14:12,16.8,26.7,Rain,7.4,Completed,0,0.0,38.3,,,,,,,,,None,,Not_Installed_Diesel,Quarter_End,2025-06-23T14:42:00,,2025-08-15T00:00:00
2025-06-23,D-07,Diesel,Diesel,Class6_Box,DUTY_SUB_04,D2_Suburban,134.5,6.4,2760,0.69,16,273,07:30,13:54,17.1,26.7,Rain,7.4,Completed,0,0.0,37.4,,,,,,,,,None,,Not_Installed_Diesel,Quarter_End,2025-06-23T13:59:00,,2025-08-15T00:00:00
2025-06-23,D-08,Diesel,Diesel,Class6_Box,DUTY_REG_01,D3_Regional,210.0,7.8,3200,0.80,7,521,07:00,14:48,16.2,26.7,Rain,7.4,Completed,0,0.0,57.2,,,,,,,,,None,,Not_Installed_Diesel,Quarter_End,2025-06-23T14:59:00,,2025-08-15T00:00:00
2025-06-23,D-09,Diesel,Diesel,Class6_Box,DUTY_REG_02,D3_Regional,211.5,7.9,2200,0.55,4,501,07:30,15:24,15.6,26.7,Rain,7.4,Completed,0,0.0,56.7,,,,,,,,,None,,Not_Installed_Diesel,Quarter_End,2025-06-23T15:54:00,,2025-08-15T00:00:00
2025-06-23,D-10,Diesel,Diesel,Class6_Box,DUTY_REG_03,D3_Regional,217.1,7.8,2880,0.72,7,554,07:15,15:03,15.9,26.7,Rain,7.4,Completed,0,0.0,57.5,,,,,,,,,None,,Not_Installed_Diesel,Quarter_End,2025-06-23T15:33:00,,2025-08-15T00:00:00
2025-06-24,EV-01,Electric,Electric,Class6_Box,DUTY_URB_01,D1_Urban,84.6,6.1,3000,0.75,29,128,07:30,13:36,17.4,32.0,Dry,0.0,Completed,0,0.0,,140.2,13.2,153.4,174.3,100.0,23.3,CHG-01,50.0,Enhanced_Telemetry,140.3,Received_Valid,Immediate_CAN_Bus,2025-06-24T13:59:00,2025-06-24T13:41:00,2025-06-24T13:41:00
2025-06-24,EV-02,Electric,Electric,Class6_Box,DUTY_URB_02,D1_Urban,84.8,5.7,2680,0.67,26,129,07:00,12:42,18.3,32.0,Dry,0.0,Completed,0,0.0,,145.0,12.6,157.6,179.1,100.0,21.2,CHG-02,50.0,Enhanced_Telemetry,144.9,Received_Valid,Immediate_CAN_Bus,2025-06-24T12:59:00,2025-06-24T12:47:00,2025-06-24T12:47:00
2025-06-24,D-03,Diesel,Diesel,Class6_Box,DUTY_URB_03,D1_Urban,84.0,5.8,3040,0.76,30,135,07:00,12:48,18.2,32.0,Dry,0.0,Completed,0,0.0,25.0,,,,,,,,,None,,Not_Installed_Diesel,Quarter_End,2025-06-24T12:59:00,,2025-08-15T00:00:00
2025-06-24,D-04,Diesel,Diesel,Class6_Box,DUTY_SUB_01,D2_Suburban,132.9,6.4,2760,0.69,14,286,07:00,13:24,17.6,32.0,Dry,0.0,Completed,0,0.0,37.1,,,,,,,,,None,,Not_Installed_Diesel,Quarter_End,2025-06-24T13:54:00,,2025-08-15T00:00:00
2025-06-24,D-05,Diesel,Diesel,Class6_Box,DUTY_SUB_02,D2_Suburban,134.1,6.3,3040,0.76,18,308,07:00,13:18,17.7,32.0,Dry,0.0,Completed,0,0.0,37.1,,,,,,,,,None,,Not_Installed_Diesel,Quarter_End,2025-06-24T13:48:00,,2025-08-15T00:00:00
2025-06-24,D-06,Diesel,Diesel,Class6_Box,DUTY_SUB_03,D2_Suburban,137.0,6.4,2720,0.68,18,307,07:00,13:24,17.6,32.0,Dry,0.0,Completed,0,0.0,37.2,,,,,,,,,None,,Not_Installed_Diesel,Quarter_End,2025-06-24T13:54:00,,2025-08-15T00:00:00
2025-06-24,D-07,Diesel,Diesel,Class6_Box,DUTY_SUB_04,D2_Suburban,132.9,6.2,2600,0.65,15,268,07:30,13:42,17.3,32.0,Dry,0.0,Completed,0,0.0,37.5,,,,,,,,,None,,Not_Installed_Diesel,Quarter_End,2025-06-24T13:59:00,,2025-08-15T00:00:00
2025-06-24,D-08,Diesel,Diesel,Class6_Box,DUTY_REG_01,D3_Regional,210.7,7.7,3240,0.81,4,524,07:30,15:12,15.8,32.0,Dry,0.0,Completed,0,0.0,56.3,,,,,,,,,None,,Not_Installed_Diesel,Quarter_End,2025-06-24T15:42:00,,2025-08-15T00:00:00
2025-06-24,D-09,Diesel,Diesel,Class6_Box,DUTY_REG_02,D3_Regional,208.4,7.6,2840,0.71,6,492,07:15,14:51,16.1,32.0,Dry,0.0,Completed,0,0.0,56.8,,,,,,,,,None,,Not_Installed_Diesel,Quarter_End,2025-06-24T14:59:00,,2025-08-15T00:00:00
2025-06-24,D-10,Diesel,Diesel,Class6_Box,DUTY_REG_03,D3_Regional,213.3,8.2,2880,0.72,5,544,07:30,15:41,15.3,32.0,Dry,0.0,Completed,0,0.0,56.0,,,,,,,,,None,,Not_Installed_Diesel,Quarter_End,2025-06-24T15:59:00,,2025-08-15T00:00:00
2025-06-25,EV-01,Electric,Electric,Class6_Box,DUTY_URB_01,D1_Urban,85.1,5.7,2640,0.66,28,125,07:15,12:57,18.1,26.8,Windy,0.0,Completed,0,0.0,,146.0,13.7,159.7,181.5,100.0,20.2,CHG-01,50.0,Enhanced_Telemetry,146.6,Received_Valid,Immediate_CAN_Bus,2025-06-25T12:59:00,2025-06-25T12:59:00,2025-06-25T12:59:00
2025-06-25,EV-02,Electric,Electric,Class6_Box,DUTY_URB_02,D1_Urban,87.9,5.9,2800,0.70,27,125,07:30,13:24,17.6,26.8,Windy,0.0,Completed,0,0.0,,160.3,12.5,172.8,196.4,100.0,13.6,CHG-02,50.0,Enhanced_Telemetry,159.8,Received_Valid,Immediate_CAN_Bus,2025-06-25T13:54:00,2025-06-25T13:29:00,2025-06-25T13:29:00
2025-06-25,D-03,Diesel,Diesel,Class6_Box,DUTY_URB_03,D1_Urban,87.5,5.6,2640,0.66,31,160,07:00,12:36,18.4,26.8,Windy,0.0,Completed,0,0.0,25.6,,,,,,,,,None,,Not_Installed_Diesel,Quarter_End,2025-06-25T12:59:00,,2025-08-15T00:00:00
2025-06-25,D-04,Diesel,Diesel,Class6_Box,DUTY_SUB_01,D2_Suburban,133.3,6.5,2760,0.69,13,289,07:30,14:00,17.0,26.8,Windy,0.0,Completed,0,0.0,38.8,,,,,,,,,None,,Not_Installed_Diesel,Quarter_End,2025-06-25T14:30:00,,2025-08-15T00:00:00
2025-06-25,D-05,Diesel,Diesel,Class6_Box,DUTY_SUB_02,D2_Suburban,136.9,6.2,2360,0.59,16,271,07:15,13:27,17.6,26.8,Windy,0.0,Completed,0,0.0,38.5,,,,,,,,,None,,Not_Installed_Diesel,Quarter_End,2025-06-25T13:57:00,,2025-08-15T00:00:00
2025-06-25,D-06,Diesel,Diesel,Class6_Box,DUTY_SUB_03,D2_Suburban,138.6,6.4,2800,0.70,15,319,07:00,13:24,17.6,26.8,Windy,0.0,Completed,0,0.0,38.4,,,,,,,,,None,,Not_Installed_Diesel,Quarter_End,2025-06-25T13:54:00,,2025-08-15T00:00:00
2025-06-25,D-07,Diesel,Diesel,Class6_Box,DUTY_SUB_04,D2_Suburban,136.5,6.7,2760,0.69,15,286,07:30,14:12,16.8,26.8,Windy,0.0,Completed,0,0.0,37.5,,,,,,,,,None,,Not_Installed_Diesel,Quarter_End,2025-06-25T14:42:00,,2025-08-15T00:00:00
2025-06-25,D-08,Diesel,Diesel,Class6_Box,DUTY_REG_01,D3_Regional,208.3,7.4,2680,0.67,6,516,07:30,14:54,16.1,26.8,Windy,0.0,Completed,0,0.0,56.6,,,,,,,,,None,,Not_Installed_Diesel,Quarter_End,2025-06-25T14:59:00,,2025-08-15T00:00:00
2025-06-25,D-09,Diesel,Diesel,Class6_Box,DUTY_REG_02,D3_Regional,212.0,7.7,3080,0.77,2,508,07:15,14:57,16.1,26.8,Windy,0.0,Completed,0,0.0,57.4,,,,,,,,,None,,Not_Installed_Diesel,Quarter_End,2025-06-25T14:59:00,,2025-08-15T00:00:00
2025-06-25,D-10,Diesel,Diesel,Class6_Box,DUTY_REG_03,D3_Regional,212.2,8.2,3280,0.82,10,538,07:30,15:41,15.3,26.8,Windy,0.0,Completed,0,0.0,57.7,,,,,,,,,None,,Not_Installed_Diesel,Quarter_End,2025-06-25T15:59:00,,2025-08-15T00:00:00
2025-06-26,EV-01,Electric,Electric,Class6_Box,DUTY_URB_01,D1_Urban,82.7,6.0,2640,0.66,29,133,07:00,13:00,18.0,22.4,Dry,0.0,Completed,0,0.0,,145.6,10.1,155.7,176.9,100.0,22.2,CHG-01,50.0,Enhanced_Telemetry,145.9,Received_Valid,Immediate_CAN_Bus,2025-06-26T13:30:00,2025-06-26T13:05:00,2025-06-26T13:05:00
2025-06-26,EV-02,Electric,Electric,Class6_Box,DUTY_URB_02,D1_Urban,85.5,6.1,2600,0.65,31,142,07:00,13:06,17.9,22.4,Dry,0.0,Completed,0,0.0,,147.0,9.5,156.5,177.8,100.0,21.8,CHG-02,50.0,Enhanced_Telemetry,146.4,Received_Valid,Immediate_CAN_Bus,2025-06-26T13:36:00,2025-06-26T13:11:00,2025-06-26T13:11:00
2025-06-26,D-03,Diesel,Diesel,Class6_Box,DUTY_URB_03,D1_Urban,83.8,5.9,3000,0.75,30,144,07:00,12:54,18.1,22.4,Dry,0.0,Completed,0,0.0,25.9,,,,,,,,,None,,Not_Installed_Diesel,Quarter_End,2025-06-26T12:59:00,,2025-08-15T00:00:00
2025-06-26,D-04,Diesel,Diesel,Class6_Box,DUTY_SUB_01,D2_Suburban,134.2,6.7,2920,0.73,19,299,07:15,13:57,17.1,22.4,Dry,0.0,Completed,0,0.0,38.5,,,,,,,,,None,,Not_Installed_Diesel,Quarter_End,2025-06-26T13:59:00,,2025-08-15T00:00:00
2025-06-26,D-05,Diesel,Diesel,Class6_Box,DUTY_SUB_02,D2_Suburban,135.1,6.2,2720,0.68,16,272,07:30,13:42,17.3,22.4,Dry,0.0,Completed,0,0.0,38.3,,,,,,,,,None,,Not_Installed_Diesel,Quarter_End,2025-06-26T13:59:00,,2025-08-15T00:00:00
2025-06-26,D-06,Diesel,Diesel,Class6_Box,DUTY_SUB_03,D2_Suburban,135.3,6.2,3040,0.76,16,299,07:00,13:12,17.8,22.4,Dry,0.0,Completed,0,0.0,37.6,,,,,,,,,None,,Not_Installed_Diesel,Quarter_End,2025-06-26T13:42:00,,2025-08-15T00:00:00
2025-06-26,D-07,Diesel,Diesel,Class6_Box,DUTY_SUB_04,D2_Suburban,136.5,6.5,3040,0.76,14,291,07:00,13:30,17.5,22.4,Dry,0.0,Completed,0,0.0,38.2,,,,,,,,,None,,Not_Installed_Diesel,Quarter_End,2025-06-26T13:59:00,,2025-08-15T00:00:00
2025-06-26,D-08,Diesel,Diesel,Class6_Box,DUTY_REG_01,D3_Regional,215.4,8.2,2960,0.74,9,504,07:00,15:11,15.8,22.4,Dry,0.0,Completed,0,0.0,56.6,,,,,,,,,None,,Not_Installed_Diesel,Quarter_End,2025-06-26T15:41:00,,2025-08-15T00:00:00
2025-06-26,D-09,Diesel,Diesel,Class6_Box,DUTY_REG_02,D3_Regional,210.5,7.5,3040,0.76,4,500,07:30,15:00,16.0,22.4,Dry,0.0,Completed,0,0.0,56.5,,,,,,,,,None,,Not_Installed_Diesel,Quarter_End,2025-06-26T15:30:00,,2025-08-15T00:00:00
2025-06-26,D-10,Diesel,Diesel,Class6_Box,DUTY_REG_03,D3_Regional,210.8,7.7,2520,0.63,8,547,07:30,15:12,15.8,22.4,Dry,0.0,Completed,0,0.0,56.4,,,,,,,,,None,,Not_Installed_Diesel,Quarter_End,2025-06-26T15:42:00,,2025-08-15T00:00:00
2025-06-27,EV-01,Electric,Electric,Class6_Box,DUTY_URB_01,D1_Urban,83.5,6.4,3080,0.77,30,123,07:15,13:39,17.4,24.8,Dry,0.0,Completed,0,0.0,,145.2,11.4,156.6,178.0,100.0,21.7,CHG-01,50.0,Enhanced_Telemetry,145.4,Received_Valid,Immediate_CAN_Bus,2025-06-27T13:59:00,2025-06-27T13:44:00,2025-06-27T13:44:00
2025-06-27,EV-02,Electric,Electric,Class6_Box,DUTY_URB_02,D1_Urban,80.9,6.2,2560,0.64,30,149,07:30,13:42,17.3,24.8,Dry,0.0,Completed,0,0.0,,137.8,12.2,150.0,170.5,100.0,25.0,CHG-02,50.0,Enhanced_Telemetry,137.4,Received_Valid,Immediate_CAN_Bus,2025-06-27T13:59:00,2025-06-27T13:47:00,2025-06-27T13:47:00
2025-06-27,D-03,Diesel,Diesel,Class6_Box,DUTY_URB_03,D1_Urban,81.4,6.0,2960,0.74,29,145,07:15,13:15,17.8,24.8,Dry,0.0,Completed,0,0.0,26.8,,,,,,,,,None,,Not_Installed_Diesel,Quarter_End,2025-06-27T13:45:00,,2025-08-15T00:00:00
2025-06-27,D-04,Diesel,Diesel,Class6_Box,DUTY_SUB_01,D2_Suburban,134.8,6.4,3360,0.84,16,285,07:30,13:54,17.1,24.8,Dry,0.0,Completed,0,0.0,38.2,,,,,,,,,None,,Not_Installed_Diesel,Quarter_End,2025-06-27T13:59:00,,2025-08-15T00:00:00
2025-06-27,D-05,Diesel,Diesel,Class6_Box,DUTY_SUB_02,D2_Suburban,133.0,6.3,2960,0.74,18,275,07:30,13:48,17.2,24.8,Dry,0.0,Completed,0,0.0,38.9,,,,,,,,,None,,Not_Installed_Diesel,Quarter_End,2025-06-27T13:59:00,,2025-08-15T00:00:00
2025-06-27,D-06,Diesel,Diesel,Class6_Box,DUTY_SUB_03,D2_Suburban,138.6,6.1,2280,0.57,14,320,07:00,13:06,17.9,24.8,Dry,0.0,Completed,0,0.0,37.2,,,,,,,,,None,,Not_Installed_Diesel,Quarter_End,2025-06-27T13:36:00,,2025-08-15T00:00:00
2025-06-27,D-07,Diesel,Diesel,Class6_Box,DUTY_SUB_04,D2_Suburban,135.1,6.4,2840,0.71,12,274,07:30,13:54,17.1,24.8,Dry,0.0,Completed,0,0.0,38.6,,,,,,,,,None,,Not_Installed_Diesel,Quarter_End,2025-06-27T13:59:00,,2025-08-15T00:00:00
2025-06-27,D-08,Diesel,Diesel,Class6_Box,DUTY_REG_01,D3_Regional,208.5,7.9,2640,0.66,5,537,07:15,15:09,15.8,24.8,Dry,0.0,Completed,0,0.0,56.5,,,,,,,,,None,,Not_Installed_Diesel,Quarter_End,2025-06-27T15:39:00,,2025-08-15T00:00:00
2025-06-27,D-09,Diesel,Diesel,Class6_Box,DUTY_REG_02,D3_Regional,208.3,8.1,3160,0.79,7,502,07:30,15:36,15.4,24.8,Dry,0.0,Completed,0,0.0,57.1,,,,,,,,,None,,Not_Installed_Diesel,Quarter_End,2025-06-27T15:59:00,,2025-08-15T00:00:00
2025-06-27,D-10,Diesel,Diesel,Class6_Box,DUTY_REG_03,D3_Regional,213.7,8.1,2800,0.70,9,555,07:15,15:21,15.7,24.8,Dry,0.0,Completed,0,0.0,56.8,,,,,,,,,None,,Not_Installed_Diesel,Quarter_End,2025-06-27T15:51:00,,2025-08-15T00:00:00
2025-06-30,EV-01,Electric,Electric,Class6_Box,DUTY_URB_01,D1_Urban,85.6,5.9,2760,0.69,27,123,07:00,12:54,18.1,33.3,Dry,0.0,Completed,0,0.0,,148.9,14.4,163.3,185.6,100.0,18.3,CHG-01,50.0,Enhanced_Telemetry,148.9,Received_Valid,Immediate_CAN_Bus,2025-06-30T12:59:00,2025-06-30T12:59:00,2025-06-30T12:59:00
2025-06-30,EV-02,Electric,Electric,Class6_Box,DUTY_URB_02,D1_Urban,86.1,5.7,3160,0.79,28,122,07:30,13:12,17.8,33.3,Dry,0.0,Completed,0,0.0,,148.1,12.6,160.7,182.6,100.0,19.7,CHG-02,50.0,Enhanced_Telemetry,148.0,Received_Valid,Immediate_CAN_Bus,2025-06-30T13:42:00,2025-06-30T13:17:00,2025-06-30T13:17:00
2025-06-30,D-03,Diesel,Diesel,Class6_Box,DUTY_URB_03,D1_Urban,84.5,5.7,2840,0.71,32,137,07:15,12:57,18.1,33.3,Dry,0.0,Completed,0,0.0,26.5,,,,,,,,,None,,Not_Installed_Diesel,Quarter_End,2025-06-30T12:59:00,,2025-08-15T00:00:00
2025-06-30,D-04,Diesel,Diesel,Class6_Box,DUTY_SUB_01,D2_Suburban,133.3,6.0,3000,0.75,18,287,07:30,13:30,17.5,33.3,Dry,0.0,Completed,0,0.0,37.5,,,,,,,,,None,,Not_Installed_Diesel,Quarter_End,2025-06-30T13:59:00,,2025-08-15T00:00:00
2025-06-30,D-05,Diesel,Diesel,Class6_Box,DUTY_SUB_02,D2_Suburban,136.8,6.4,3160,0.79,15,291,07:00,13:24,17.6,33.3,Dry,0.0,Completed,0,0.0,37.9,,,,,,,,,None,,Not_Installed_Diesel,Quarter_End,2025-06-30T13:54:00,,2025-08-15T00:00:00
2025-06-30,D-06,Diesel,Diesel,Class6_Box,DUTY_SUB_03,D2_Suburban,137.1,6.8,2880,0.72,16,329,07:15,14:03,16.9,33.3,Dry,0.0,Completed,0,0.0,36.5,,,,,,,,,None,,Not_Installed_Diesel,Quarter_End,2025-06-30T14:33:00,,2025-08-15T00:00:00
2025-06-30,D-07,Diesel,Diesel,Class6_Box,DUTY_SUB_04,D2_Suburban,134.0,6.1,2840,0.71,16,287,07:30,13:36,17.4,33.3,Dry,0.0,Completed,0,0.0,36.7,,,,,,,,,None,,Not_Installed_Diesel,Quarter_End,2025-06-30T13:59:00,,2025-08-15T00:00:00
2025-06-30,D-08,Diesel,Diesel,Class6_Box,DUTY_REG_01,D3_Regional,211.8,7.4,3000,0.75,7,518,07:30,14:54,16.1,33.3,Dry,0.0,Completed,0,0.0,56.9,,,,,,,,,None,,Not_Installed_Diesel,Quarter_End,2025-06-30T14:59:00,,2025-08-15T00:00:00
2025-06-30,D-09,Diesel,Diesel,Class6_Box,DUTY_REG_02,D3_Regional,211.6,7.9,3160,0.79,5,499,07:00,14:54,16.1,33.3,Dry,0.0,Completed,0,0.0,56.8,,,,,,,,,None,,Not_Installed_Diesel,Quarter_End,2025-06-30T14:59:00,,2025-08-15T00:00:00
2025-06-30,D-10,Diesel,Diesel,Class6_Box,DUTY_REG_03,D3_Regional,215.8,8.1,2560,0.64,8,546,07:15,15:21,15.7,33.3,Dry,0.0,Completed,0,0.0,57.2,,,,,,,,,None,,Not_Installed_Diesel,Quarter_End,2025-06-30T15:51:00,,2025-08-15T00:00:00
2025-07-01,EV-01,Electric,Electric,Class6_Box,DUTY_URB_01,D1_Urban,80.9,6.1,2360,0.59,33,137,07:15,13:21,17.6,25.4,Rain,1.6,Completed,0,0.0,,139.9,13.1,153.0,173.9,100.0,23.5,CHG-01,50.0,Enhanced_Telemetry,140.0,Received_Valid,Immediate_CAN_Bus,2025-07-01T13:51:00,2025-07-01T13:26:00,2025-07-01T13:26:00
2025-07-01,EV-02,Electric,Electric,Class6_Box,DUTY_URB_02,D1_Urban,81.3,5.5,2640,0.66,29,128,07:30,13:00,18.0,25.4,Rain,1.6,Completed,0,0.0,,140.8,10.4,151.2,171.8,100.0,24.4,CHG-02,50.0,Enhanced_Telemetry,141.1,Received_Valid,Immediate_CAN_Bus,2025-07-01T13:30:00,2025-07-01T13:05:00,2025-07-01T13:05:00
2025-07-01,D-03,Diesel,Diesel,Class6_Box,DUTY_URB_03,D1_Urban,84.4,6.2,2840,0.71,30,125,07:30,13:42,17.3,25.4,Rain,1.6,Completed,0,0.0,26.3,,,,,,,,,None,,Not_Installed_Diesel,Quarter_End,2025-07-01T13:59:00,,2025-11-15T00:00:00
2025-07-01,D-04,Diesel,Diesel,Class6_Box,DUTY_SUB_01,D2_Suburban,132.8,6.3,3040,0.76,14,287,07:00,13:18,17.7,25.4,Rain,1.6,Completed,0,0.0,37.4,,,,,,,,,None,,Not_Installed_Diesel,Quarter_End,2025-07-01T13:48:00,,2025-11-15T00:00:00
2025-07-01,D-05,Diesel,Diesel,Class6_Box,DUTY_SUB_02,D2_Suburban,134.5,6.4,2880,0.72,13,277,07:00,13:24,17.6,25.4,Rain,1.6,Completed,0,0.0,37.8,,,,,,,,,None,,Not_Installed_Diesel,Quarter_End,2025-07-01T13:54:00,,2025-11-15T00:00:00
2025-07-01,D-06,Diesel,Diesel,Class6_Box,DUTY_SUB_03,D2_Suburban,137.1,6.4,3120,0.78,20,324,07:15,13:39,17.4,25.4,Rain,1.6,Completed,0,0.0,37.2,,,,,,,,,None,,Not_Installed_Diesel,Quarter_End,2025-07-01T13:59:00,,2025-11-15T00:00:00
2025-07-01,D-07,Diesel,Diesel,Class6_Box,DUTY_SUB_04,D2_Suburban,137.0,6.9,2800,0.70,15,271,07:30,14:24,16.6,25.4,Rain,1.6,Completed,0,0.0,38.1,,,,,,,,,None,,Not_Installed_Diesel,Quarter_End,2025-07-01T14:54:00,,2025-11-15T00:00:00
2025-07-01,D-08,Diesel,Diesel,Class6_Box,DUTY_REG_01,D3_Regional,210.4,7.9,2600,0.65,6,540,07:15,15:09,15.8,25.4,Rain,1.6,Completed,0,0.0,56.3,,,,,,,,,None,,Not_Installed_Diesel,Quarter_End,2025-07-01T15:39:00,,2025-11-15T00:00:00
2025-07-01,D-09,Diesel,Diesel,Class6_Box,DUTY_REG_02,D3_Regional,207.6,7.8,2560,0.64,6,510,07:30,15:18,15.7,25.4,Rain,1.6,Completed,0,0.0,56.2,,,,,,,,,None,,Not_Installed_Diesel,Quarter_End,2025-07-01T15:48:00,,2025-11-15T00:00:00
2025-07-01,D-10,Diesel,Diesel,Class6_Box,DUTY_REG_03,D3_Regional,208.7,7.9,2640,0.66,9,553,07:00,14:54,16.1,25.4,Rain,1.6,Completed,0,0.0,57.5,,,,,,,,,None,,Not_Installed_Diesel,Quarter_End,2025-07-01T14:59:00,,2025-11-15T00:00:00
2025-07-02,EV-01,Electric,Electric,Class6_Box,DUTY_URB_01,D1_Urban,83.9,6.0,3360,0.84,32,120,07:00,13:00,18.0,29.3,Dry,0.0,Completed,0,0.0,,145.5,12.8,158.3,179.9,100.0,20.8,CHG-01,50.0,Enhanced_Telemetry,145.7,Received_Valid,Immediate_CAN_Bus,2025-07-02T13:30:00,2025-07-02T13:05:00,2025-07-02T13:05:00
2025-07-02,EV-02,Electric,Electric,Class6_Box,DUTY_URB_02,D1_Urban,82.1,5.4,2760,0.69,31,136,07:00,12:24,18.6,29.3,Dry,0.0,Completed,0,0.0,,143.0,12.3,155.3,176.5,100.0,22.3,CHG-02,50.0,Enhanced_Telemetry,143.2,Received_Valid,Immediate_CAN_Bus,2025-07-02T12:54:00,2025-07-02T12:29:00,2025-07-02T12:29:00
2025-07-02,D-03,Diesel,Diesel,Class6_Box,DUTY_URB_03,D1_Urban,84.5,6.4,2440,0.61,29,144,07:30,13:54,17.1,29.3,Dry,0.0,Completed,0,0.0,25.3,,,,,,,,,None,,Not_Installed_Diesel,Quarter_End,2025-07-02T13:59:00,,2025-11-15T00:00:00
2025-07-02,D-04,Diesel,Diesel,Class6_Box,DUTY_SUB_01,D2_Suburban,135.6,6.3,2880,0.72,15,279,07:15,13:33,17.4,29.3,Dry,0.0,Completed,0,0.0,38.5,,,,,,,,,None,,Not_Installed_Diesel,Quarter_End,2025-07-02T13:59:00,,2025-11-15T00:00:00
2025-07-02,D-05,Diesel,Diesel,Class6_Box,DUTY_SUB_02,D2_Suburban,132.2,6.2,3040,0.76,14,277,07:15,13:27,17.6,29.3,Dry,0.0,Completed,0,0.0,37.6,,,,,,,,,None,,Not_Installed_Diesel,Quarter_End,2025-07-02T13:57:00,,2025-11-15T00:00:00
2025-07-02,D-06,Diesel,Diesel,Class6_Box,DUTY_SUB_03,D2_Suburban,135.6,6.4,3240,0.81,20,324,07:00,13:24,17.6,29.3,Dry,0.0,Completed,0,0.0,37.5,,,,,,,,,None,,Not_Installed_Diesel,Quarter_End,2025-07-02T13:54:00,,2025-11-15T00:00:00
2025-07-02,D-07,Diesel,Diesel,Class6_Box,DUTY_SUB_04,D2_Suburban,134.4,7.0,2680,0.67,17,257,07:00,14:00,17.0,29.3,Dry,0.0,Completed,0,0.0,38.9,,,,,,,,,None,,Not_Installed_Diesel,Quarter_End,2025-07-02T14:30:00,,2025-11-15T00:00:00
2025-07-02,D-08,Diesel,Diesel,Class6_Box,DUTY_REG_01,D3_Regional,211.8,8.0,3040,0.76,6,523,07:15,15:15,15.8,29.3,Dry,0.0,Completed,0,0.0,56.5,,,,,,,,,None,,Not_Installed_Diesel,Quarter_End,2025-07-02T15:45:00,,2025-11-15T00:00:00
2025-07-02,D-09,Diesel,Diesel,Class6_Box,DUTY_REG_02,D3_Regional,209.8,8.0,2840,0.71,6,476,07:00,15:00,16.0,29.3,Dry,0.0,Completed,0,0.0,57.2,,,,,,,,,None,,Not_Installed_Diesel,Quarter_End,2025-07-02T15:30:00,,2025-11-15T00:00:00
2025-07-02,D-10,Diesel,Diesel,Class6_Box,DUTY_REG_03,D3_Regional,209.5,7.6,3080,0.77,6,566,07:30,15:06,15.9,29.3,Dry,0.0,Completed,0,0.0,56.8,,,,,,,,,None,,Not_Installed_Diesel,Quarter_End,2025-07-02T15:36:00,,2025-11-15T00:00:00
2025-07-03,EV-01,Electric,Electric,Class6_Box,DUTY_URB_01,D1_Urban,85.8,6.1,2600,0.65,29,128,07:30,13:36,17.4,31.4,Dry,0.0,Completed,0,0.0,,152.8,13.1,165.9,188.5,100.0,17.0,CHG-01,50.0,Enhanced_Telemetry,153.2,Received_Valid,Immediate_CAN_Bus,2025-07-03T13:59:00,2025-07-03T13:41:00,2025-07-03T13:41:00
2025-07-03,EV-02,Electric,Electric,Class6_Box,DUTY_URB_02,D1_Urban,85.8,5.0,2880,0.72,28,152,07:00,12:00,19.0,31.4,Dry,0.0,Completed,0,0.0,,150.0,11.7,161.7,183.8,100.0,19.2,CHG-02,50.0,Enhanced_Telemetry,149.2,Received_Valid,Immediate_CAN_Bus,2025-07-03T12:30:00,2025-07-03T12:05:00,2025-07-03T12:05:00
2025-07-03,EV-03,Electric,Electric,Class6_Box,DUTY_URB_03,D1_Urban,85.5,6.3,2880,0.72,30,140,07:30,13:48,17.2,31.4,Dry,0.0,Completed,0,0.0,,144.0,11.2,155.2,176.4,100.0,22.4,CHG-01,50.0,Baseline_Meter,,Not_Subscribed_Baseline,Quarter_End,2025-07-03T13:59:00,,2025-11-15T00:00:00
2025-07-03,D-04,Diesel,Diesel,Class6_Box,DUTY_SUB_01,D2_Suburban,134.1,6.7,3120,0.78,16,266,07:15,13:57,17.1,31.4,Dry,0.0,Completed,0,0.0,37.0,,,,,,,,,None,,Not_Installed_Diesel,Quarter_End,2025-07-03T13:59:00,,2025-11-15T00:00:00
2025-07-03,D-05,Diesel,Diesel,Class6_Box,DUTY_SUB_02,D2_Suburban,132.8,6.7,2720,0.68,17,287,07:30,14:12,16.8,31.4,Dry,0.0,Completed,0,0.0,37.2,,,,,,,,,None,,Not_Installed_Diesel,Quarter_End,2025-07-03T14:42:00,,2025-11-15T00:00:00
2025-07-03,D-06,Diesel,Diesel,Class6_Box,DUTY_SUB_03,D2_Suburban,132.2,6.4,2880,0.72,14,306,07:00,13:24,17.6,31.4,Dry,0.0,Completed,0,0.0,36.9,,,,,,,,,None,,Not_Installed_Diesel,Quarter_End,2025-07-03T13:54:00,,2025-11-15T00:00:00
2025-07-03,D-07,Diesel,Diesel,Class6_Box,DUTY_SUB_04,D2_Suburban,135.7,6.6,2840,0.71,13,264,07:00,13:36,17.4,31.4,Dry,0.0,Completed,0,0.0,37.4,,,,,,,,,None,,Not_Installed_Diesel,Quarter_End,2025-07-03T13:59:00,,2025-11-15T00:00:00
2025-07-03,D-08,Diesel,Diesel,Class6_Box,DUTY_REG_01,D3_Regional,210.4,8.0,3320,0.83,9,530,07:15,15:15,15.8,31.4,Dry,0.0,Completed,0,0.0,57.0,,,,,,,,,None,,Not_Installed_Diesel,Quarter_End,2025-07-03T15:45:00,,2025-11-15T00:00:00
2025-07-03,D-09,Diesel,Diesel,Class6_Box,DUTY_REG_02,D3_Regional,204.5,8.2,2800,0.70,6,502,07:15,15:26,15.6,31.4,Dry,0.0,Completed,0,0.0,56.7,,,,,,,,,None,,Not_Installed_Diesel,Quarter_End,2025-07-03T15:56:00,,2025-11-15T00:00:00
2025-07-03,D-10,Diesel,Diesel,Class6_Box,DUTY_REG_03,D3_Regional,214.6,7.9,2840,0.71,8,536,07:00,14:54,16.1,31.4,Dry,0.0,Completed,0,0.0,58.1,,,,,,,,,None,,Not_Installed_Diesel,Quarter_End,2025-07-03T14:59:00,,2025-11-15T00:00:00
2025-07-04,EV-01,Electric,Electric,Class6_Box,DUTY_URB_01,D1_Urban,81.3,5.5,2600,0.65,28,160,07:00,12:30,18.5,25.3,Rain,1.0,Completed,0,0.0,,142.4,12.0,154.4,175.5,100.0,22.8,CHG-01,50.0,Enhanced_Telemetry,142.3,Received_Valid,Immediate_CAN_Bus,2025-07-04T12:59:00,2025-07-04T12:35:00,2025-07-04T12:35:00
2025-07-04,EV-02,Electric,Electric,Class6_Box,DUTY_URB_02,D1_Urban,83.7,5.7,3000,0.75,27,142,07:15,12:57,18.1,25.3,Rain,1.0,Completed,0,0.0,,145.5,10.4,155.9,177.2,100.0,22.0,CHG-02,50.0,Enhanced_Telemetry,145.7,Received_Valid,Immediate_CAN_Bus,2025-07-04T12:59:00,2025-07-04T12:59:00,2025-07-04T12:59:00
2025-07-04,EV-03,Electric,Electric,Class6_Box,DUTY_URB_03,D1_Urban,84.8,5.9,2920,0.73,32,164,07:00,12:54,18.1,25.3,Rain,1.0,Completed,0,0.0,,150.9,11.7,162.6,184.8,100.0,18.7,CHG-01,50.0,Baseline_Meter,,Not_Subscribed_Baseline,Quarter_End,2025-07-04T12:59:00,,2025-11-15T00:00:00
2025-07-04,D-04,Diesel,Diesel,Class6_Box,DUTY_SUB_01,D2_Suburban,133.6,6.0,2720,0.68,13,296,07:00,13:00,18.0,25.3,Rain,1.0,Completed,0,0.0,38.3,,,,,,,,,None,,Not_Installed_Diesel,Quarter_End,2025-07-04T13:30:00,,2025-11-15T00:00:00
2025-07-04,D-05,Diesel,Diesel,Class6_Box,DUTY_SUB_02,D2_Suburban,132.9,5.9,2920,0.73,15,278,07:15,13:09,17.9,25.3,Rain,1.0,Completed,0,0.0,36.5,,,,,,,,,None,,Not_Installed_Diesel,Quarter_End,2025-07-04T13:39:00,,2025-11-15T00:00:00
2025-07-04,D-06,Diesel,Diesel,Class6_Box,DUTY_SUB_03,D2_Suburban,139.0,7.0,2560,0.64,14,311,07:00,14:00,17.0,25.3,Rain,1.0,Completed,0,0.0,38.5,,,,,,,,,None,,Not_Installed_Diesel,Quarter_End,2025-07-04T14:30:00,,2025-11-15T00:00:00
2025-07-04,D-07,Diesel,Diesel,Class6_Box,DUTY_SUB_04,D2_Suburban,135.6,6.8,3080,0.77,13,289,07:30,14:18,16.7,25.3,Rain,1.0,Completed,0,0.0,37.9,,,,,,,,,None,,Not_Installed_Diesel,Quarter_End,2025-07-04T14:48:00,,2025-11-15T00:00:00
2025-07-04,D-08,Diesel,Diesel,Class6_Box,DUTY_REG_01,D3_Regional,211.8,8.1,3040,0.76,7,517,07:00,15:06,15.9,25.3,Rain,1.0,Completed,0,0.0,57.3,,,,,,,,,None,,Not_Installed_Diesel,Quarter_End,2025-07-04T15:36:00,,2025-11-15T00:00:00
2025-07-04,D-09,Diesel,Diesel,Class6_Box,DUTY_REG_02,D3_Regional,210.6,7.9,3040,0.76,2,487,07:00,14:54,16.1,25.3,Rain,1.0,Completed,0,0.0,56.9,,,,,,,,,None,,Not_Installed_Diesel,Quarter_End,2025-07-04T14:59:00,,2025-11-15T00:00:00
2025-07-04,D-10,Diesel,Diesel,Class6_Box,DUTY_REG_03,D3_Regional,212.9,7.8,2720,0.68,5,532,07:00,14:48,16.2,25.3,Rain,1.0,Completed,0,0.0,57.5,,,,,,,,,None,,Not_Installed_Diesel,Quarter_End,2025-07-04T14:59:00,,2025-11-15T00:00:00
2025-07-07,EV-01,Electric,Electric,Class6_Box,DUTY_URB_01,D1_Urban,82.5,6.0,2840,0.71,33,130,07:15,13:15,17.8,24.2,Dry,0.0,Completed,0,0.0,,144.4,11.3,155.7,176.9,100.0,22.2,CHG-01,50.0,Enhanced_Telemetry,144.5,Received_Valid,Immediate_CAN_Bus,2025-07-07T13:45:00,2025-07-07T13:20:00,2025-07-07T13:20:00
2025-07-07,EV-02,Electric,Electric,Class6_Box,DUTY_URB_02,D1_Urban,84.9,5.9,3000,0.75,28,129,07:30,13:24,17.6,24.2,Dry,0.0,Completed,0,0.0,,149.6,10.0,159.6,181.4,100.0,20.2,CHG-02,50.0,Enhanced_Telemetry,149.0,Received_Valid,Immediate_CAN_Bus,2025-07-07T13:54:00,2025-07-07T13:29:00,2025-07-07T13:29:00
2025-07-07,EV-03,Electric,Electric,Class6_Box,DUTY_URB_03,D1_Urban,89.0,5.7,3000,0.75,33,146,07:30,13:12,17.8,24.2,Dry,0.0,Completed,0,0.0,,154.4,9.5,163.9,186.2,100.0,18.0,CHG-01,50.0,Baseline_Meter,,Not_Subscribed_Baseline,Quarter_End,2025-07-07T13:42:00,,2025-11-15T00:00:00
2025-07-07,D-04,Diesel,Diesel,Class6_Box,DUTY_SUB_01,D2_Suburban,135.1,6.4,3080,0.77,14,261,07:00,13:24,17.6,24.2,Dry,0.0,Completed,0,0.0,37.6,,,,,,,,,None,,Not_Installed_Diesel,Quarter_End,2025-07-07T13:54:00,,2025-11-15T00:00:00
2025-07-07,D-05,Diesel,Diesel,Class6_Box,DUTY_SUB_02,D2_Suburban,133.7,6.0,3000,0.75,13,304,07:15,13:15,17.8,24.2,Dry,0.0,Completed,0,0.0,37.9,,,,,,,,,None,,Not_Installed_Diesel,Quarter_End,2025-07-07T13:45:00,,2025-11-15T00:00:00
2025-07-07,D-06,Diesel,Diesel,Class6_Box,DUTY_SUB_03,D2_Suburban,135.5,6.9,2560,0.64,15,293,07:30,14:24,16.6,24.2,Dry,0.0,Completed,0,0.0,38.1,,,,,,,,,None,,Not_Installed_Diesel,Quarter_End,2025-07-07T14:54:00,,2025-11-15T00:00:00
2025-07-07,D-07,Diesel,Diesel,Class6_Box,DUTY_SUB_04,D2_Suburban,136.7,6.6,2920,0.73,15,263,07:15,13:51,17.1,24.2,Dry,0.0,Completed,0,0.0,38.0,,,,,,,,,None,,Not_Installed_Diesel,Quarter_End,2025-07-07T13:59:00,,2025-11-15T00:00:00
2025-07-07,D-08,Diesel,Diesel,Class6_Box,DUTY_REG_01,D3_Regional,212.5,7.7,2800,0.70,8,540,07:30,15:12,15.8,24.2,Dry,0.0,Completed,0,0.0,57.0,,,,,,,,,None,,Not_Installed_Diesel,Quarter_End,2025-07-07T15:42:00,,2025-11-15T00:00:00
2025-07-07,D-09,Diesel,Diesel,Class6_Box,DUTY_REG_02,D3_Regional,208.8,7.7,3120,0.78,2,471,07:00,14:42,16.3,24.2,Dry,0.0,Completed,0,0.0,56.7,,,,,,,,,None,,Not_Installed_Diesel,Quarter_End,2025-07-07T14:59:00,,2025-11-15T00:00:00
2025-07-07,D-10,Diesel,Diesel,Class6_Box,DUTY_REG_03,D3_Regional,211.6,8.0,2840,0.71,10,564,07:30,15:30,15.5,24.2,Dry,0.0,Completed,0,0.0,56.2,,,,,,,,,None,,Not_Installed_Diesel,Quarter_End,2025-07-07T15:59:00,,2025-11-15T00:00:00
2025-07-08,EV-01,Electric,Electric,Class6_Box,DUTY_URB_01,D1_Urban,84.0,6.1,2640,0.66,33,152,07:15,13:21,17.6,29.9,Dry,0.0,Completed,0,0.0,,142.4,13.4,155.8,177.0,100.0,22.1,CHG-01,50.0,Enhanced_Telemetry,142.9,Received_Valid,Immediate_CAN_Bus,2025-07-08T13:51:00,2025-07-08T13:26:00,2025-07-08T13:26:00
2025-07-08,EV-02,Electric,Electric,Class6_Box,DUTY_URB_02,D1_Urban,82.5,5.3,2840,0.71,26,126,07:15,12:33,18.4,29.9,Dry,0.0,Completed,0,0.0,,138.2,12.7,150.9,171.5,100.0,24.5,CHG-02,50.0,Enhanced_Telemetry,138.0,Received_Valid,Immediate_CAN_Bus,2025-07-08T12:59:00,2025-07-08T12:38:00,2025-07-08T12:38:00
2025-07-08,EV-03,Electric,Electric,Class6_Box,DUTY_URB_03,D1_Urban,86.0,5.9,3040,0.76,34,141,07:30,13:24,17.6,29.9,Dry,0.0,Completed,0,0.0,,148.3,12.2,160.5,182.4,100.0,19.8,CHG-01,50.0,Baseline_Meter,,Not_Subscribed_Baseline,Quarter_End,2025-07-08T13:54:00,,2025-11-15T00:00:00
2025-07-08,D-04,Diesel,Diesel,Class6_Box,DUTY_SUB_01,D2_Suburban,133.7,6.4,3000,0.75,15,292,07:00,13:24,17.6,29.9,Dry,0.0,Completed,0,0.0,38.0,,,,,,,,,None,,Not_Installed_Diesel,Quarter_End,2025-07-08T13:54:00,,2025-11-15T00:00:00
2025-07-08,D-05,Diesel,Diesel,Class6_Box,DUTY_SUB_02,D2_Suburban,134.7,6.2,2640,0.66,12,310,07:00,13:12,17.8,29.9,Dry,0.0,Completed,0,0.0,37.2,,,,,,,,,None,,Not_Installed_Diesel,Quarter_End,2025-07-08T13:42:00,,2025-11-15T00:00:00
2025-07-08,D-06,Diesel,Diesel,Class6_Box,DUTY_SUB_03,D2_Suburban,133.9,6.3,2640,0.66,20,323,07:00,13:18,17.7,29.9,Dry,0.0,Completed,0,0.0,36.7,,,,,,,,,None,,Not_Installed_Diesel,Quarter_End,2025-07-08T13:48:00,,2025-11-15T00:00:00
2025-07-08,D-07,Diesel,Diesel,Class6_Box,DUTY_SUB_04,D2_Suburban,131.8,6.4,2840,0.71,15,255,07:30,13:54,17.1,29.9,Dry,0.0,Completed,0,0.0,38.4,,,,,,,,,None,,Not_Installed_Diesel,Quarter_End,2025-07-08T13:59:00,,2025-11-15T00:00:00
2025-07-08,D-08,Diesel,Diesel,Class6_Box,DUTY_REG_01,D3_Regional,209.1,7.8,2600,0.65,3,525,07:15,15:03,15.9,29.9,Dry,0.0,Completed,0,0.0,57.2,,,,,,,,,None,,Not_Installed_Diesel,Quarter_End,2025-07-08T15:33:00,,2025-11-15T00:00:00
2025-07-08,D-09,Diesel,Diesel,Class6_Box,DUTY_REG_02,D3_Regional,205.9,7.7,2760,0.69,7,489,07:00,14:42,16.3,29.9,Dry,0.0,Completed,0,0.0,56.7,,,,,,,,,None,,Not_Installed_Diesel,Quarter_End,2025-07-08T14:59:00,,2025-11-15T00:00:00
2025-07-08,D-10,Diesel,Diesel,Class6_Box,DUTY_REG_03,D3_Regional,208.6,8.4,3240,0.81,6,535,07:15,15:39,15.3,29.9,Dry,0.0,Completed,0,0.0,58.2,,,,,,,,,None,,Not_Installed_Diesel,Quarter_End,2025-07-08T15:59:00,,2025-11-15T00:00:00
2025-07-09,EV-01,Electric,Electric,Class6_Box,DUTY_URB_01,D1_Urban,85.0,5.4,3040,0.76,33,122,07:30,12:54,18.1,21.4,Dry,0.0,Completed,0,0.0,,154.4,9.3,163.7,186.0,100.0,18.2,CHG-01,50.0,Enhanced_Telemetry,154.0,Received_Valid,Immediate_CAN_Bus,2025-07-09T12:59:00,2025-07-09T12:59:00,2025-07-09T12:59:00
2025-07-09,EV-02,Electric,Electric,Class6_Box,DUTY_URB_02,D1_Urban,88.9,5.8,2880,0.72,28,134,07:15,13:03,17.9,21.4,Dry,0.0,Completed,0,0.0,,157.4,7.8,165.2,187.7,100.0,17.4,CHG-02,50.0,Enhanced_Telemetry,156.1,Received_Valid,Immediate_CAN_Bus,2025-07-09T13:33:00,2025-07-09T13:08:00,2025-07-09T13:08:00
2025-07-09,EV-03,Electric,Electric,Class6_Box,DUTY_URB_03,D1_Urban,86.8,5.9,2880,0.72,29,148,07:30,13:24,17.6,21.4,Dry,0.0,Completed,0,0.0,,157.3,11.0,168.3,191.2,100.0,15.8,CHG-01,50.0,Baseline_Meter,,Not_Subscribed_Baseline,Quarter_End,2025-07-09T13:54:00,,2025-11-15T00:00:00
2025-07-09,D-04,Diesel,Diesel,Class6_Box,DUTY_SUB_01,D2_Suburban,133.7,6.8,3000,0.75,13,278,07:30,14:18,16.7,21.4,Dry,0.0,Completed,0,0.0,38.1,,,,,,,,,None,,Not_Installed_Diesel,Quarter_End,2025-07-09T14:48:00,,2025-11-15T00:00:00
2025-07-09,D-05,Diesel,Diesel,Class6_Box,DUTY_SUB_02,D2_Suburban,135.5,6.4,2440,0.61,16,286,07:00,13:24,17.6,21.4,Dry,0.0,Completed,0,0.0,38.0,,,,,,,,,None,,Not_Installed_Diesel,Quarter_End,2025-07-09T13:54:00,,2025-11-15T00:00:00
2025-07-09,D-06,Diesel,Diesel,Class6_Box,DUTY_SUB_03,D2_Suburban,136.5,6.2,2800,0.70,20,297,07:30,13:42,17.3,21.4,Dry,0.0,Completed,0,0.0,38.0,,,,,,,,,None,,Not_Installed_Diesel,Quarter_End,2025-07-09T13:59:00,,2025-11-15T00:00:00
2025-07-09,D-07,Diesel,Diesel,Class6_Box,DUTY_SUB_04,D2_Suburban,137.2,6.8,3240,0.81,12,257,07:30,14:18,16.7,21.4,Dry,0.0,Completed,0,0.0,37.9,,,,,,,,,None,,Not_Installed_Diesel,Quarter_End,2025-07-09T14:48:00,,2025-11-15T00:00:00
2025-07-09,D-08,Diesel,Diesel,Class6_Box,DUTY_REG_01,D3_Regional,207.9,7.9,2880,0.72,7,526,07:30,15:24,15.6,21.4,Dry,0.0,Completed,0,0.0,56.9,,,,,,,,,None,,Not_Installed_Diesel,Quarter_End,2025-07-09T15:54:00,,2025-11-15T00:00:00
2025-07-09,D-09,Diesel,Diesel,Class6_Box,DUTY_REG_02,D3_Regional,209.4,7.4,2960,0.74,4,496,07:30,14:54,16.1,21.4,Dry,0.0,Completed,0,0.0,56.5,,,,,,,,,None,,Not_Installed_Diesel,Quarter_End,2025-07-09T14:59:00,,2025-11-15T00:00:00
2025-07-09,D-10,Diesel,Diesel,Class6_Box,DUTY_REG_03,D3_Regional,214.2,7.8,2440,0.61,8,537,07:30,15:18,15.7,21.4,Dry,0.0,Completed,0,0.0,56.3,,,,,,,,,None,,Not_Installed_Diesel,Quarter_End,2025-07-09T15:48:00,,2025-11-15T00:00:00
2025-07-10,EV-01,Electric,Electric,Class6_Box,DUTY_URB_01,D1_Urban,82.9,6.2,2520,0.63,27,139,07:30,13:42,17.3,29.4,Rain,2.1,Completed,0,0.0,,141.2,11.7,152.9,173.8,100.0,23.5,CHG-01,50.0,Enhanced_Telemetry,140.7,Received_Valid,Immediate_CAN_Bus,2025-07-10T13:59:00,2025-07-10T13:47:00,2025-07-10T13:47:00
2025-07-10,EV-02,Electric,Electric,Class6_Box,DUTY_URB_02,D1_Urban,85.8,5.7,2920,0.73,26,141,07:00,12:42,18.3,29.4,Rain,2.1,Completed,0,0.0,,152.8,13.9,166.7,189.4,100.0,16.7,CHG-02,50.0,Enhanced_Telemetry,153.4,Received_Valid,Immediate_CAN_Bus,2025-07-10T12:59:00,2025-07-10T12:47:00,2025-07-10T12:47:00
2025-07-10,EV-03,Electric,Electric,Class6_Box,DUTY_URB_03,D1_Urban,83.9,6.0,3360,0.84,32,129,07:30,13:30,17.5,29.4,Rain,2.1,Completed,0,0.0,,151.3,12.5,163.8,186.1,100.0,18.1,CHG-01,50.0,Baseline_Meter,,Not_Subscribed_Baseline,Quarter_End,2025-07-10T13:59:00,,2025-11-15T00:00:00
2025-07-10,D-04,Diesel,Diesel,Class6_Box,DUTY_SUB_01,D2_Suburban,133.0,6.4,2920,0.73,19,281,07:00,13:24,17.6,29.4,Rain,2.1,Completed,0,0.0,38.2,,,,,,,,,None,,Not_Installed_Diesel,Quarter_End,2025-07-10T13:54:00,,2025-11-15T00:00:00
2025-07-10,D-05,Diesel,Diesel,Class6_Box,DUTY_SUB_02,D2_Suburban,135.7,6.6,3400,0.85,18,271,07:00,13:36,17.4,29.4,Rain,2.1,Completed,0,0.0,38.0,,,,,,,,,None,,Not_Installed_Diesel,Quarter_End,2025-07-10T13:59:00,,2025-11-15T00:00:00
2025-07-10,D-06,Diesel,Diesel,Class6_Box,DUTY_SUB_03,D2_Suburban,135.5,6.7,2920,0.73,17,294,07:15,13:57,17.1,29.4,Rain,2.1,Completed,0,0.0,37.6,,,,,,,,,None,,Not_Installed_Diesel,Quarter_End,2025-07-10T13:59:00,,2025-11-15T00:00:00
2025-07-10,D-07,Diesel,Diesel,Class6_Box,DUTY_SUB_04,D2_Suburban,137.3,6.6,2760,0.69,15,266,07:30,14:06,16.9,29.4,Rain,2.1,Completed,0,0.0,38.4,,,,,,,,,None,,Not_Installed_Diesel,Quarter_End,2025-07-10T14:36:00,,2025-11-15T00:00:00
2025-07-10,D-08,Diesel,Diesel,Class6_Box,DUTY_REG_01,D3_Regional,208.6,7.9,2720,0.68,3,507,07:00,14:54,16.1,29.4,Rain,2.1,Completed,0,0.0,55.5,,,,,,,,,None,,Not_Installed_Diesel,Quarter_End,2025-07-10T14:59:00,,2025-11-15T00:00:00
2025-07-10,D-09,Diesel,Diesel,Class6_Box,DUTY_REG_02,D3_Regional,208.8,8.2,2920,0.73,6,503,07:00,15:11,15.8,29.4,Rain,2.1,Completed,0,0.0,57.2,,,,,,,,,None,,Not_Installed_Diesel,Quarter_End,2025-07-10T15:41:00,,2025-11-15T00:00:00
2025-07-10,D-10,Diesel,Diesel,Class6_Box,DUTY_REG_03,D3_Regional,213.0,8.4,2920,0.73,8,553,07:30,15:54,15.1,29.4,Rain,2.1,Completed,0,0.0,57.5,,,,,,,,,None,,Not_Installed_Diesel,Quarter_End,2025-07-10T15:59:00,,2025-11-15T00:00:00
2025-07-11,EV-01,Electric,Electric,Class6_Box,DUTY_URB_01,D1_Urban,83.7,5.9,2600,0.65,33,130,07:30,13:24,17.6,26.3,Dry,0.0,Completed,0,0.0,,149.2,10.5,159.7,181.5,100.0,20.2,CHG-01,50.0,Enhanced_Telemetry,148.7,Received_Valid,Immediate_CAN_Bus,2025-07-11T13:54:00,2025-07-11T13:29:00,2025-07-11T13:29:00
2025-07-11,EV-02,Electric,Electric,Class6_Box,DUTY_URB_02,D1_Urban,83.7,5.6,3160,0.79,29,153,07:30,13:06,17.9,26.3,Dry,0.0,Completed,0,0.0,,145.8,10.0,155.8,177.0,100.0,22.1,CHG-02,50.0,Enhanced_Telemetry,146.3,Received_Valid,Immediate_CAN_Bus,2025-07-11T13:36:00,2025-07-11T13:11:00,2025-07-11T13:11:00
2025-07-11,EV-03,Electric,Electric,Class6_Box,DUTY_URB_03,D1_Urban,83.8,5.8,3040,0.76,32,165,07:15,13:03,17.9,26.3,Dry,0.0,Completed,0,0.0,,145.9,10.7,156.6,178.0,100.0,21.7,CHG-01,50.0,Baseline_Meter,,Not_Subscribed_Baseline,Quarter_End,2025-07-11T13:33:00,,2025-11-15T00:00:00
2025-07-11,D-04,Diesel,Diesel,Class6_Box,DUTY_SUB_01,D2_Suburban,132.5,6.8,2400,0.60,14,266,07:00,13:48,17.2,26.3,Dry,0.0,Completed,0,0.0,38.7,,,,,,,,,None,,Not_Installed_Diesel,Quarter_End,2025-07-11T13:59:00,,2025-11-15T00:00:00
2025-07-11,D-05,Diesel,Diesel,Class6_Box,DUTY_SUB_02,D2_Suburban,130.8,6.3,2840,0.71,12,296,07:30,13:48,17.2,26.3,Dry,0.0,Completed,0,0.0,37.9,,,,,,,,,None,,Not_Installed_Diesel,Quarter_End,2025-07-11T13:59:00,,2025-11-15T00:00:00
2025-07-11,D-06,Diesel,Diesel,Class6_Box,DUTY_SUB_03,D2_Suburban,131.2,6.2,3040,0.76,16,325,07:30,13:42,17.3,26.3,Dry,0.0,Completed,0,0.0,38.5,,,,,,,,,None,,Not_Installed_Diesel,Quarter_End,2025-07-11T13:59:00,,2025-11-15T00:00:00
2025-07-11,D-07,Diesel,Diesel,Class6_Box,DUTY_SUB_04,D2_Suburban,137.3,6.3,2920,0.73,16,290,07:15,13:33,17.4,26.3,Dry,0.0,Completed,0,0.0,38.0,,,,,,,,,None,,Not_Installed_Diesel,Quarter_End,2025-07-11T13:59:00,,2025-11-15T00:00:00
2025-07-11,D-08,Diesel,Diesel,Class6_Box,DUTY_REG_01,D3_Regional,209.4,7.7,2560,0.64,5,501,07:30,15:12,15.8,26.3,Dry,0.0,Completed,0,0.0,57.3,,,,,,,,,None,,Not_Installed_Diesel,Quarter_End,2025-07-11T15:42:00,,2025-11-15T00:00:00
2025-07-11,D-09,Diesel,Diesel,Class6_Box,DUTY_REG_02,D3_Regional,208.1,7.6,2680,0.67,6,494,07:30,15:06,15.9,26.3,Dry,0.0,Completed,0,0.0,56.3,,,,,,,,,None,,Not_Installed_Diesel,Quarter_End,2025-07-11T15:36:00,,2025-11-15T00:00:00
2025-07-11,D-10,Diesel,Diesel,Class6_Box,DUTY_REG_03,D3_Regional,212.2,7.8,2760,0.69,5,563,07:15,15:03,15.9,26.3,Dry,0.0,Completed,0,0.0,56.5,,,,,,,,,None,,Not_Installed_Diesel,Quarter_End,2025-07-11T15:33:00,,2025-11-15T00:00:00
2025-07-14,EV-01,Electric,Electric,Class6_Box,DUTY_URB_01,D1_Urban,83.7,5.8,3000,0.75,33,139,07:00,12:48,18.2,26.2,Dry,0.0,Completed,0,0.0,,144.2,12.6,156.8,178.2,100.0,21.6,CHG-01,50.0,Enhanced_Telemetry,143.5,Received_Valid,Immediate_CAN_Bus,2025-07-14T12:59:00,2025-07-14T12:53:00,2025-07-14T12:53:00
2025-07-14,EV-02,Electric,Electric,Class6_Box,DUTY_URB_02,D1_Urban,84.4,5.4,2840,0.71,28,119,07:00,12:24,18.6,26.2,Dry,0.0,Completed,0,0.0,,155.0,13.3,168.3,191.2,100.0,15.8,CHG-02,50.0,Enhanced_Telemetry,154.7,Received_Valid,Immediate_CAN_Bus,2025-07-14T12:54:00,2025-07-14T12:29:00,2025-07-14T12:29:00
2025-07-14,EV-03,Electric,Electric,Class6_Box,DUTY_URB_03,D1_Urban,82.9,5.6,2960,0.74,35,126,07:30,13:06,17.9,26.2,Dry,0.0,Completed,0,0.0,,145.5,12.8,158.3,179.9,100.0,20.8,CHG-01,50.0,Baseline_Meter,,Not_Subscribed_Baseline,Quarter_End,2025-07-14T13:36:00,,2025-11-15T00:00:00
2025-07-14,D-04,Diesel,Diesel,Class6_Box,DUTY_SUB_01,D2_Suburban,133.5,6.6,2960,0.74,14,300,07:30,14:06,16.9,26.2,Dry,0.0,Completed,0,0.0,38.0,,,,,,,,,None,,Not_Installed_Diesel,Quarter_End,2025-07-14T14:36:00,,2025-11-15T00:00:00
2025-07-14,D-05,Diesel,Diesel,Class6_Box,DUTY_SUB_02,D2_Suburban,135.3,6.7,2560,0.64,12,301,07:15,13:57,17.1,26.2,Dry,0.0,Completed,0,0.0,38.1,,,,,,,,,None,,Not_Installed_Diesel,Quarter_End,2025-07-14T13:59:00,,2025-11-15T00:00:00
2025-07-14,D-06,Diesel,Diesel,Class6_Box,DUTY_SUB_03,D2_Suburban,137.4,6.4,2600,0.65,16,291,07:30,13:54,17.1,26.2,Dry,0.0,Completed,0,0.0,37.9,,,,,,,,,None,,Not_Installed_Diesel,Quarter_End,2025-07-14T13:59:00,,2025-11-15T00:00:00
2025-07-14,D-07,Diesel,Diesel,Class6_Box,DUTY_SUB_04,D2_Suburban,136.5,6.5,3280,0.82,16,293,07:00,13:30,17.5,26.2,Dry,0.0,Completed,0,0.0,38.1,,,,,,,,,None,,Not_Installed_Diesel,Quarter_End,2025-07-14T13:59:00,,2025-11-15T00:00:00
2025-07-14,D-08,Diesel,Diesel,Class6_Box,DUTY_REG_01,D3_Regional,210.5,7.9,3440,0.86,5,522,07:30,15:24,15.6,26.2,Dry,0.0,Completed,0,0.0,56.6,,,,,,,,,None,,Not_Installed_Diesel,Quarter_End,2025-07-14T15:54:00,,2025-11-15T00:00:00
2025-07-14,D-09,Diesel,Diesel,Class6_Box,DUTY_REG_02,D3_Regional,207.3,7.7,3000,0.75,3,476,07:15,14:57,16.1,26.2,Dry,0.0,Completed,0,0.0,56.1,,,,,,,,,None,,Not_Installed_Diesel,Quarter_End,2025-07-14T14:59:00,,2025-11-15T00:00:00
2025-07-14,D-10,Diesel,Diesel,Class6_Box,DUTY_REG_03,D3_Regional,211.8,7.6,2880,0.72,6,554,07:00,14:36,16.4,26.2,Dry,0.0,Completed,0,0.0,56.5,,,,,,,,,None,,Not_Installed_Diesel,Quarter_End,2025-07-14T14:59:00,,2025-11-15T00:00:00
2025-07-15,EV-01,Electric,Electric,Class6_Box,DUTY_URB_01,D1_Urban,84.8,5.6,3320,0.83,31,140,07:15,12:51,18.1,28.6,Dry,0.0,Completed,0,0.0,,150.5,9.8,160.3,182.2,100.0,19.8,CHG-01,50.0,Enhanced_Telemetry,150.4,Received_Valid,Immediate_CAN_Bus,2025-07-15T12:59:00,2025-07-15T12:56:00,2025-07-15T12:56:00
2025-07-15,EV-02,Electric,Electric,Class6_Box,DUTY_URB_02,D1_Urban,90.3,5.8,3040,0.76,25,140,07:15,13:03,17.9,28.6,Dry,0.0,Completed,0,0.0,,150.2,11.8,162.0,184.1,100.0,19.0,CHG-02,50.0,Enhanced_Telemetry,150.9,Received_Valid,Immediate_CAN_Bus,2025-07-15T13:33:00,2025-07-15T13:08:00,2025-07-15T13:08:00
2025-07-15,EV-03,Electric,Electric,Class6_Box,DUTY_URB_03,D1_Urban,86.1,5.8,2560,0.64,35,135,07:30,13:18,17.7,28.6,Dry,0.0,Completed,0,0.0,,145.2,11.6,156.8,178.2,100.0,21.6,CHG-01,50.0,Baseline_Meter,,Not_Subscribed_Baseline,Quarter_End,2025-07-15T13:48:00,,2025-11-15T00:00:00
2025-07-15,D-04,Diesel,Diesel,Class6_Box,DUTY_SUB_01,D2_Suburban,138.1,6.2,2800,0.70,19,291,07:30,13:42,17.3,28.6,Dry,0.0,Completed,0,0.0,36.8,,,,,,,,,None,,Not_Installed_Diesel,Quarter_End,2025-07-15T13:59:00,,2025-11-15T00:00:00
2025-07-15,D-05,Diesel,Diesel,Class6_Box,DUTY_SUB_02,D2_Suburban,135.0,6.6,2200,0.55,16,281,07:15,13:51,17.1,28.6,Dry,0.0,Completed,0,0.0,37.9,,,,,,,,,None,,Not_Installed_Diesel,Quarter_End,2025-07-15T13:59:00,,2025-11-15T00:00:00
2025-07-15,D-06,Diesel,Diesel,Class6_Box,DUTY_SUB_03,D2_Suburban,135.9,6.3,2680,0.67,17,315,07:30,13:48,17.2,28.6,Dry,0.0,Completed,0,0.0,37.8,,,,,,,,,None,,Not_Installed_Diesel,Quarter_End,2025-07-15T13:59:00,,2025-11-15T00:00:00
2025-07-15,D-07,Diesel,Diesel,Class6_Box,DUTY_SUB_04,D2_Suburban,137.3,6.3,2920,0.73,17,264,07:00,13:18,17.7,28.6,Dry,0.0,Completed,0,0.0,38.0,,,,,,,,,None,,Not_Installed_Diesel,Quarter_End,2025-07-15T13:48:00,,2025-11-15T00:00:00
2025-07-15,D-08,Diesel,Diesel,Class6_Box,DUTY_REG_01,D3_Regional,211.1,7.8,2800,0.70,6,523,07:00,14:48,16.2,28.6,Dry,0.0,Completed,0,0.0,56.9,,,,,,,,,None,,Not_Installed_Diesel,Quarter_End,2025-07-15T14:59:00,,2025-11-15T00:00:00
2025-07-15,D-09,Diesel,Diesel,Class6_Box,DUTY_REG_02,D3_Regional,208.3,7.4,3160,0.79,8,481,07:15,14:39,16.4,28.6,Dry,0.0,Completed,0,0.0,57.5,,,,,,,,,None,,Not_Installed_Diesel,Quarter_End,2025-07-15T14:59:00,,2025-11-15T00:00:00
2025-07-15,D-10,Diesel,Diesel,Class6_Box,DUTY_REG_03,D3_Regional,211.4,7.8,2720,0.68,8,568,07:30,15:18,15.7,28.6,Dry,0.0,Completed,0,0.0,56.9,,,,,,,,,None,,Not_Installed_Diesel,Quarter_End,2025-07-15T15:48:00,,2025-11-15T00:00:00
2025-07-16,EV-01,Electric,Electric,Class6_Box,DUTY_URB_01,D1_Urban,84.8,5.9,2720,0.68,31,134,07:30,13:24,17.6,29.1,Windy,0.0,Completed,0,0.0,,144.7,11.2,155.9,177.2,100.0,22.0,CHG-01,50.0,Enhanced_Telemetry,144.3,Received_Valid,Immediate_CAN_Bus,2025-07-16T13:54:00,2025-07-16T13:29:00,2025-07-16T13:29:00
2025-07-16,EV-02,Electric,Electric,Class6_Box,DUTY_URB_02,D1_Urban,85.4,5.5,3200,0.80,29,150,07:30,13:00,18.0,29.1,Windy,0.0,Completed,0,0.0,,150.8,12.6,163.4,185.7,100.0,18.3,CHG-02,50.0,Enhanced_Telemetry,150.4,Received_Valid,Immediate_CAN_Bus,2025-07-16T13:30:00,2025-07-16T13:05:00,2025-07-16T13:05:00
2025-07-16,EV-03,Electric,Electric,Class6_Box,DUTY_URB_03,D1_Urban,85.5,5.8,3320,0.83,34,153,07:00,12:48,18.2,29.1,Windy,0.0,Completed,0,0.0,,153.9,13.2,167.1,189.9,100.0,16.5,CHG-01,50.0,Baseline_Meter,,Not_Subscribed_Baseline,Quarter_End,2025-07-16T12:59:00,,2025-11-15T00:00:00
2025-07-16,D-04,Diesel,Diesel,Class6_Box,DUTY_SUB_01,D2_Suburban,136.9,6.7,2920,0.73,15,284,07:00,13:42,17.3,29.1,Windy,0.0,Completed,0,0.0,36.9,,,,,,,,,None,,Not_Installed_Diesel,Quarter_End,2025-07-16T13:59:00,,2025-11-15T00:00:00
2025-07-16,D-05,Diesel,Diesel,Class6_Box,DUTY_SUB_02,D2_Suburban,134.2,6.6,3120,0.78,16,306,07:30,14:06,16.9,29.1,Windy,0.0,Completed,0,0.0,37.5,,,,,,,,,None,,Not_Installed_Diesel,Quarter_End,2025-07-16T14:36:00,,2025-11-15T00:00:00
2025-07-16,D-06,Diesel,Diesel,Class6_Box,DUTY_SUB_03,D2_Suburban,135.9,7.5,2960,0.74,16,323,07:00,14:30,16.5,29.1,Windy,0.0,Late,0,0.0,37.6,,,,,,,,,None,,Not_Installed_Diesel,Quarter_End,2025-07-16T14:59:00,,2025-11-15T00:00:00
2025-07-16,D-07,Diesel,Diesel,Class6_Box,DUTY_SUB_04,D2_Suburban,139.3,6.6,2640,0.66,13,279,07:30,14:06,16.9,29.1,Windy,0.0,Completed,0,0.0,38.3,,,,,,,,,None,,Not_Installed_Diesel,Quarter_End,2025-07-16T14:36:00,,2025-11-15T00:00:00
2025-07-16,D-08,Diesel,Diesel,Class6_Box,DUTY_REG_01,D3_Regional,213.4,7.8,2400,0.60,5,516,07:00,14:48,16.2,29.1,Windy,0.0,Completed,0,0.0,56.7,,,,,,,,,None,,Not_Installed_Diesel,Quarter_End,2025-07-16T14:59:00,,2025-11-15T00:00:00
2025-07-16,D-09,Diesel,Diesel,Class6_Box,DUTY_REG_02,D3_Regional,207.8,8.0,2720,0.68,7,478,07:15,15:15,15.8,29.1,Windy,0.0,Completed,0,0.0,57.4,,,,,,,,,None,,Not_Installed_Diesel,Quarter_End,2025-07-16T15:45:00,,2025-11-15T00:00:00
2025-07-16,D-10,Diesel,Diesel,Class6_Box,DUTY_REG_03,D3_Regional,211.2,7.8,2840,0.71,7,540,07:15,15:03,15.9,29.1,Windy,0.0,Completed,0,0.0,57.4,,,,,,,,,None,,Not_Installed_Diesel,Quarter_End,2025-07-16T15:33:00,,2025-11-15T00:00:00
2025-07-17,EV-01,Electric,Electric,Class6_Box,DUTY_URB_01,D1_Urban,81.0,6.5,3040,0.76,29,144,07:15,13:45,17.2,24.6,Rain,3.4,Late,0,0.0,,145.7,11.5,157.2,178.6,100.0,21.4,CHG-01,50.0,Enhanced_Telemetry,145.6,Received_Valid,Immediate_CAN_Bus,2025-07-17T13:59:00,2025-07-17T13:50:00,2025-07-17T13:50:00
2025-07-17,EV-02,Electric,Electric,Class6_Box,DUTY_URB_02,D1_Urban,86.6,6.1,3160,0.79,29,121,07:30,13:36,17.4,24.6,Rain,3.4,Completed,0,0.0,,150.7,9.9,160.6,182.5,100.0,19.7,CHG-02,50.0,Enhanced_Telemetry,151.4,Received_Valid,Immediate_CAN_Bus,2025-07-17T13:59:00,2025-07-17T13:41:00,2025-07-17T13:41:00
2025-07-17,EV-03,Electric,Electric,Class6_Box,DUTY_URB_03,D1_Urban,87.7,5.8,2760,0.69,29,164,07:30,13:18,17.7,24.6,Rain,3.4,Completed,0,0.0,,157.1,10.7,167.8,190.7,100.0,16.1,CHG-01,50.0,Baseline_Meter,,Not_Subscribed_Baseline,Quarter_End,2025-07-17T13:48:00,,2025-11-15T00:00:00
2025-07-17,D-04,Diesel,Diesel,Class6_Box,DUTY_SUB_01,D2_Suburban,136.4,6.8,2600,0.65,13,267,07:15,14:03,16.9,24.6,Rain,3.4,Completed,0,0.0,38.7,,,,,,,,,None,,Not_Installed_Diesel,Quarter_End,2025-07-17T14:33:00,,2025-11-15T00:00:00
2025-07-17,D-05,Diesel,Diesel,Class6_Box,DUTY_SUB_02,D2_Suburban,135.2,6.4,2800,0.70,14,283,07:15,13:39,17.4,24.6,Rain,3.4,Completed,0,0.0,38.5,,,,,,,,,None,,Not_Installed_Diesel,Quarter_End,2025-07-17T13:59:00,,2025-11-15T00:00:00
2025-07-17,D-06,Diesel,Diesel,Class6_Box,DUTY_SUB_03,D2_Suburban,137.8,6.9,2600,0.65,17,323,07:00,13:54,17.1,24.6,Rain,3.4,Completed,0,0.0,37.7,,,,,,,,,None,,Not_Installed_Diesel,Quarter_End,2025-07-17T13:59:00,,2025-11-15T00:00:00
2025-07-17,D-07,Diesel,Diesel,Class6_Box,DUTY_SUB_04,D2_Suburban,137.1,6.2,2800,0.70,16,261,07:00,13:12,17.8,24.6,Rain,3.4,Completed,0,0.0,36.9,,,,,,,,,None,,Not_Installed_Diesel,Quarter_End,2025-07-17T13:42:00,,2025-11-15T00:00:00
2025-07-17,D-08,Diesel,Diesel,Class6_Box,DUTY_REG_01,D3_Regional,207.1,7.6,2720,0.68,3,538,07:30,15:06,15.9,24.6,Rain,3.4,Completed,0,0.0,56.9,,,,,,,,,None,,Not_Installed_Diesel,Quarter_End,2025-07-17T15:36:00,,2025-11-15T00:00:00
2025-07-17,D-09,Diesel,Diesel,Class6_Box,DUTY_REG_02,D3_Regional,205.6,7.5,3320,0.83,5,480,07:30,15:00,16.0,24.6,Rain,3.4,Completed,0,0.0,57.3,,,,,,,,,None,,Not_Installed_Diesel,Quarter_End,2025-07-17T15:30:00,,2025-11-15T00:00:00
2025-07-17,D-10,Diesel,Diesel,Class6_Box,DUTY_REG_03,D3_Regional,212.6,7.5,2880,0.72,7,564,07:15,14:45,16.2,24.6,Rain,3.4,Completed,0,0.0,57.4,,,,,,,,,None,,Not_Installed_Diesel,Quarter_End,2025-07-17T14:59:00,,2025-11-15T00:00:00
2025-07-18,EV-01,Electric,Electric,Class6_Box,DUTY_URB_01,D1_Urban,86.1,5.7,2840,0.71,32,141,07:15,12:57,18.1,30.8,Dry,0.0,Completed,0,0.0,,147.0,13.3,160.3,182.2,100.0,19.8,CHG-01,50.0,Enhanced_Telemetry,146.6,Received_Valid,Immediate_CAN_Bus,2025-07-18T12:59:00,2025-07-18T12:59:00,2025-07-18T12:59:00
2025-07-18,EV-02,Electric,Electric,Class6_Box,DUTY_URB_02,D1_Urban,83.8,6.2,2760,0.69,25,142,07:15,13:27,17.6,30.8,Dry,0.0,Completed,0,0.0,,154.7,13.4,168.1,191.0,100.0,16.0,CHG-02,50.0,Enhanced_Telemetry,154.8,Received_Valid,Immediate_CAN_Bus,2025-07-18T13:57:00,2025-07-18T13:32:00,2025-07-18T13:32:00
2025-07-18,EV-03,Electric,Electric,Class6_Box,DUTY_URB_03,D1_Urban,84.0,5.6,3000,0.75,30,129,07:00,12:36,18.4,30.8,Dry,0.0,Completed,0,0.0,,146.5,13.6,160.1,181.9,100.0,20.0,CHG-01,50.0,Baseline_Meter,,Not_Subscribed_Baseline,Quarter_End,2025-07-18T12:59:00,,2025-11-15T00:00:00
2025-07-18,D-04,Diesel,Diesel,Class6_Box,DUTY_SUB_01,D2_Suburban,134.1,6.5,3200,0.80,17,271,07:30,14:00,17.0,30.8,Dry,0.0,Completed,0,0.0,37.3,,,,,,,,,None,,Not_Installed_Diesel,Quarter_End,2025-07-18T14:30:00,,2025-11-15T00:00:00
2025-07-18,D-05,Diesel,Diesel,Class6_Box,DUTY_SUB_02,D2_Suburban,137.1,6.5,2440,0.61,15,284,07:15,13:45,17.2,30.8,Dry,0.0,Completed,0,0.0,37.8,,,,,,,,,None,,Not_Installed_Diesel,Quarter_End,2025-07-18T13:59:00,,2025-11-15T00:00:00
2025-07-18,D-06,Diesel,Diesel,Class6_Box,DUTY_SUB_03,D2_Suburban,135.1,7.0,2840,0.71,16,308,07:00,14:00,17.0,30.8,Dry,0.0,Completed,0,0.0,38.7,,,,,,,,,None,,Not_Installed_Diesel,Quarter_End,2025-07-18T14:30:00,,2025-11-15T00:00:00
2025-07-18,D-07,Diesel,Diesel,Class6_Box,DUTY_SUB_04,D2_Suburban,136.3,6.6,3120,0.78,17,259,07:30,14:06,16.9,30.8,Dry,0.0,Completed,0,0.0,37.8,,,,,,,,,None,,Not_Installed_Diesel,Quarter_End,2025-07-18T14:36:00,,2025-11-15T00:00:00
2025-07-18,D-08,Diesel,Diesel,Class6_Box,DUTY_REG_01,D3_Regional,210.2,7.8,3080,0.77,4,513,07:30,15:18,15.7,30.8,Dry,0.0,Completed,0,0.0,56.7,,,,,,,,,None,,Not_Installed_Diesel,Quarter_End,2025-07-18T15:48:00,,2025-11-15T00:00:00
2025-07-18,D-09,Diesel,Diesel,Class6_Box,DUTY_REG_02,D3_Regional,207.9,7.6,2680,0.67,3,492,07:30,15:06,15.9,30.8,Dry,0.0,Completed,0,0.0,57.0,,,,,,,,,None,,Not_Installed_Diesel,Quarter_End,2025-07-18T15:36:00,,2025-11-15T00:00:00
2025-07-18,D-10,Diesel,Diesel,Class6_Box,DUTY_REG_03,D3_Regional,212.8,8.0,2920,0.73,4,562,07:30,15:30,15.5,30.8,Dry,0.0,Completed,0,0.0,56.5,,,,,,,,,None,,Not_Installed_Diesel,Quarter_End,2025-07-18T15:59:00,,2025-11-15T00:00:00
2025-07-21,EV-01,Electric,Electric,Class6_Box,DUTY_URB_01,D1_Urban,86.9,5.5,3000,0.75,27,150,07:00,12:30,18.5,28.3,Dry,0.0,Completed,0,0.0,,155.5,12.7,168.2,191.1,100.0,15.9,CHG-01,50.0,Enhanced_Telemetry,156.3,Received_Valid,Immediate_CAN_Bus,2025-07-21T12:59:00,2025-07-21T12:35:00,2025-07-21T12:35:00
2025-07-21,EV-02,Electric,Electric,Class6_Box,DUTY_URB_02,D1_Urban,83.3,6.2,2720,0.68,27,126,07:00,13:12,17.8,28.3,Dry,0.0,Completed,0,0.0,,150.7,14.2,164.9,187.4,100.0,17.5,CHG-02,50.0,Enhanced_Telemetry,151.0,Received_Valid,Immediate_CAN_Bus,2025-07-21T13:42:00,2025-07-21T13:17:00,2025-07-21T13:17:00
2025-07-21,EV-03,Electric,Electric,Class6_Box,DUTY_URB_03,D1_Urban,87.0,6.1,3080,0.77,31,162,07:30,13:36,17.4,28.3,Dry,0.0,Completed,0,0.0,,153.6,11.5,165.1,187.6,100.0,17.5,CHG-01,50.0,Baseline_Meter,,Not_Subscribed_Baseline,Quarter_End,2025-07-21T13:59:00,,2025-11-15T00:00:00
2025-07-21,D-04,Diesel,Diesel,Class6_Box,DUTY_SUB_01,D2_Suburban,131.7,5.9,2640,0.66,14,280,07:30,13:24,17.6,28.3,Dry,0.0,Completed,0,0.0,38.4,,,,,,,,,None,,Not_Installed_Diesel,Quarter_End,2025-07-21T13:54:00,,2025-11-15T00:00:00
2025-07-21,D-05,Diesel,Diesel,Class6_Box,DUTY_SUB_02,D2_Suburban,133.9,6.5,2880,0.72,15,288,07:15,13:45,17.2,28.3,Dry,0.0,Completed,0,0.0,37.9,,,,,,,,,None,,Not_Installed_Diesel,Quarter_End,2025-07-21T13:59:00,,2025-11-15T00:00:00
2025-07-21,D-06,Diesel,Diesel,Class6_Box,DUTY_SUB_03,D2_Suburban,133.6,6.7,3120,0.78,20,327,07:15,13:57,17.1,28.3,Dry,0.0,Completed,0,0.0,37.9,,,,,,,,,None,,Not_Installed_Diesel,Quarter_End,2025-07-21T13:59:00,,2025-11-15T00:00:00
2025-07-21,D-07,Diesel,Diesel,Class6_Box,DUTY_SUB_04,D2_Suburban,133.0,6.3,2960,0.74,14,262,07:15,13:33,17.4,28.3,Dry,0.0,Completed,0,0.0,37.6,,,,,,,,,None,,Not_Installed_Diesel,Quarter_End,2025-07-21T13:59:00,,2025-11-15T00:00:00
2025-07-21,D-08,Diesel,Diesel,Class6_Box,DUTY_REG_01,D3_Regional,209.9,7.5,2320,0.58,4,523,07:15,14:45,16.2,28.3,Dry,0.0,Completed,0,0.0,57.0,,,,,,,,,None,,Not_Installed_Diesel,Quarter_End,2025-07-21T14:59:00,,2025-11-15T00:00:00
2025-07-21,D-09,Diesel,Diesel,Class6_Box,DUTY_REG_02,D3_Regional,208.6,7.4,2600,0.65,8,499,07:30,14:54,16.1,28.3,Dry,0.0,Completed,0,0.0,56.7,,,,,,,,,None,,Not_Installed_Diesel,Quarter_End,2025-07-21T14:59:00,,2025-11-15T00:00:00
2025-07-21,D-10,Diesel,Diesel,Class6_Box,DUTY_REG_03,D3_Regional,208.4,7.8,3000,0.75,8,555,07:00,14:48,16.2,28.3,Dry,0.0,Completed,0,0.0,56.0,,,,,,,,,None,,Not_Installed_Diesel,Quarter_End,2025-07-21T14:59:00,,2025-11-15T00:00:00
2025-07-22,EV-01,Electric,Electric,Class6_Box,DUTY_URB_01,D1_Urban,86.3,5.8,3080,0.77,30,125,07:30,13:18,17.7,28.2,Rain,1.6,Completed,0,0.0,,144.7,11.6,156.3,177.6,100.0,21.8,CHG-01,50.0,Enhanced_Telemetry,145.2,Received_Valid,Immediate_CAN_Bus,2025-07-22T13:48:00,2025-07-22T13:23:00,2025-07-22T13:23:00
2025-07-22,EV-02,Electric,Electric,Class6_Box,DUTY_URB_02,D1_Urban,81.3,5.2,2640,0.66,25,116,07:00,12:12,18.8,28.2,Rain,1.6,Completed,0,0.0,,141.0,11.6,152.6,173.4,100.0,23.7,CHG-02,50.0,Enhanced_Telemetry,142.1,Received_Valid,Immediate_CAN_Bus,2025-07-22T12:42:00,2025-07-22T12:17:00,2025-07-22T12:17:00
2025-07-22,EV-03,Electric,Electric,Class6_Box,DUTY_URB_03,D1_Urban,86.5,6.0,3000,0.75,31,157,07:00,13:00,18.0,28.2,Rain,1.6,Completed,0,0.0,,155.9,13.2,169.1,192.2,100.0,15.5,CHG-01,50.0,Baseline_Meter,,Not_Subscribed_Baseline,Quarter_End,2025-07-22T13:30:00,,2025-11-15T00:00:00
2025-07-22,D-04,Diesel,Diesel,Class6_Box,DUTY_SUB_01,D2_Suburban,135.4,6.3,2800,0.70,16,263,07:30,13:48,17.2,28.2,Rain,1.6,Completed,0,0.0,38.1,,,,,,,,,None,,Not_Installed_Diesel,Quarter_End,2025-07-22T13:59:00,,2025-11-15T00:00:00
2025-07-22,D-05,Diesel,Diesel,Class6_Box,DUTY_SUB_02,D2_Suburban,133.0,6.6,3200,0.80,17,278,07:30,14:06,16.9,28.2,Rain,1.6,Completed,0,0.0,38.7,,,,,,,,,None,,Not_Installed_Diesel,Quarter_End,2025-07-22T14:36:00,,2025-11-15T00:00:00
2025-07-22,D-06,Diesel,Diesel,Class6_Box,DUTY_SUB_03,D2_Suburban,138.4,6.6,2840,0.71,15,311,07:30,14:06,16.9,28.2,Rain,1.6,Completed,0,0.0,38.0,,,,,,,,,None,,Not_Installed_Diesel,Quarter_End,2025-07-22T14:36:00,,2025-11-15T00:00:00
2025-07-22,D-07,Diesel,Diesel,Class6_Box,DUTY_SUB_04,D2_Suburban,135.8,6.7,2760,0.69,12,282,07:00,13:42,17.3,28.2,Rain,1.6,Completed,0,0.0,38.1,,,,,,,,,None,,Not_Installed_Diesel,Quarter_End,2025-07-22T13:59:00,,2025-11-15T00:00:00
2025-07-22,D-08,Diesel,Diesel,Class6_Box,DUTY_REG_01,D3_Regional,207.1,7.8,2680,0.67,3,505,07:15,15:03,15.9,28.2,Rain,1.6,Completed,0,0.0,57.2,,,,,,,,,None,,Not_Installed_Diesel,Quarter_End,2025-07-22T15:33:00,,2025-11-15T00:00:00
2025-07-22,D-09,Diesel,Diesel,Class6_Box,DUTY_REG_02,D3_Regional,207.1,7.6,2680,0.67,3,479,07:00,14:36,16.4,28.2,Rain,1.6,Completed,0,0.0,56.0,,,,,,,,,None,,Not_Installed_Diesel,Quarter_End,2025-07-22T14:59:00,,2025-11-15T00:00:00
2025-07-22,D-10,Diesel,Diesel,Class6_Box,DUTY_REG_03,D3_Regional,215.5,7.9,2800,0.70,9,530,07:00,14:54,16.1,28.2,Rain,1.6,Completed,0,0.0,57.6,,,,,,,,,None,,Not_Installed_Diesel,Quarter_End,2025-07-22T14:59:00,,2025-11-15T00:00:00
2025-07-23,EV-01,Electric,Electric,Class6_Box,DUTY_URB_01,D1_Urban,85.2,5.6,2960,0.74,30,127,07:15,12:51,18.1,32.1,Windy,0.0,Completed,0,0.0,,150.9,12.3,163.2,185.5,100.0,18.4,CHG-01,50.0,Enhanced_Telemetry,150.7,Received_Valid,Immediate_CAN_Bus,2025-07-23T12:59:00,2025-07-23T12:56:00,2025-07-23T12:56:00
2025-07-23,EV-02,Electric,Electric,Class6_Box,DUTY_URB_02,D1_Urban,83.6,5.7,2960,0.74,30,124,07:00,12:42,18.3,32.1,Windy,0.0,Completed,0,0.0,,148.8,14.4,163.2,185.5,100.0,18.4,CHG-02,50.0,Enhanced_Telemetry,149.0,Received_Valid,Immediate_CAN_Bus,2025-07-23T12:59:00,2025-07-23T12:47:00,2025-07-23T12:47:00
2025-07-23,EV-03,Electric,Electric,Class6_Box,DUTY_URB_03,D1_Urban,84.1,5.8,2680,0.67,30,163,07:30,13:18,17.7,32.1,Windy,0.0,Completed,0,0.0,,144.6,14.5,159.1,180.8,100.0,20.5,CHG-01,50.0,Baseline_Meter,,Not_Subscribed_Baseline,Quarter_End,2025-07-23T13:48:00,,2025-11-15T00:00:00
2025-07-23,D-04,Diesel,Diesel,Class6_Box,DUTY_SUB_01,D2_Suburban,134.2,6.3,3240,0.81,13,281,07:15,13:33,17.4,32.1,Windy,0.0,Completed,0,0.0,37.1,,,,,,,,,None,,Not_Installed_Diesel,Quarter_End,2025-07-23T13:59:00,,2025-11-15T00:00:00
2025-07-23,D-05,Diesel,Diesel,Class6_Box,DUTY_SUB_02,D2_Suburban,134.6,6.3,3120,0.78,13,273,07:15,13:33,17.4,32.1,Windy,0.0,Completed,0,0.0,37.3,,,,,,,,,None,,Not_Installed_Diesel,Quarter_End,2025-07-23T13:59:00,,2025-11-15T00:00:00
2025-07-23,D-06,Diesel,Diesel,Class6_Box,DUTY_SUB_03,D2_Suburban,136.6,6.4,2720,0.68,18,312,07:15,13:39,17.4,32.1,Windy,0.0,Completed,0,0.0,37.7,,,,,,,,,None,,Not_Installed_Diesel,Quarter_End,2025-07-23T13:59:00,,2025-11-15T00:00:00
2025-07-23,D-07,Diesel,Diesel,Class6_Box,DUTY_SUB_04,D2_Suburban,136.2,6.2,2960,0.74,11,262,07:00,13:12,17.8,32.1,Windy,0.0,Completed,0,0.0,38.9,,,,,,,,,None,,Not_Installed_Diesel,Quarter_End,2025-07-23T13:42:00,,2025-11-15T00:00:00
2025-07-23,D-08,Diesel,Diesel,Class6_Box,DUTY_REG_01,D3_Regional,210.7,7.7,2840,0.71,6,517,07:00,14:42,16.3,32.1,Windy,0.0,Completed,0,0.0,56.9,,,,,,,,,None,,Not_Installed_Diesel,Quarter_End,2025-07-23T14:59:00,,2025-11-15T00:00:00
2025-07-23,D-09,Diesel,Diesel,Class6_Box,DUTY_REG_02,D3_Regional,207.9,7.8,2960,0.74,6,471,07:15,15:03,15.9,32.1,Windy,0.0,Completed,0,0.0,57.4,,,,,,,,,None,,Not_Installed_Diesel,Quarter_End,2025-07-23T15:33:00,,2025-11-15T00:00:00
2025-07-23,D-10,Diesel,Diesel,Class6_Box,DUTY_REG_03,D3_Regional,212.5,7.7,2920,0.73,4,533,07:15,14:57,16.1,32.1,Windy,0.0,Completed,0,0.0,57.3,,,,,,,,,None,,Not_Installed_Diesel,Quarter_End,2025-07-23T14:59:00,,2025-11-15T00:00:00
2025-07-24,EV-01,Electric,Electric,Class6_Box,DUTY_URB_01,D1_Urban,84.9,5.7,3000,0.75,31,147,07:30,13:12,17.8,35.7,Dry,0.0,Completed,0,0.0,,152.5,14.3,166.8,189.5,100.0,16.6,CHG-01,50.0,Enhanced_Telemetry,152.0,Received_Valid,Immediate_CAN_Bus,2025-07-24T13:42:00,2025-07-24T13:17:00,2025-07-24T13:17:00
2025-07-24,EV-02,Electric,Electric,Class6_Box,DUTY_URB_02,D1_Urban,83.3,5.5,2800,0.70,30,127,07:30,13:00,18.0,35.7,Dry,0.0,Completed,0,0.0,,140.4,15.8,156.2,177.5,100.0,21.9,CHG-02,50.0,Enhanced_Telemetry,140.9,Received_Valid,Immediate_CAN_Bus,2025-07-24T13:30:00,2025-07-24T13:05:00,2025-07-24T13:05:00
2025-07-24,EV-03,Electric,Electric,Class6_Box,DUTY_URB_03,D1_Urban,82.9,6.2,2640,0.66,29,147,07:00,13:12,17.8,35.7,Dry,0.0,Completed,0,0.0,,142.9,14.4,157.3,178.8,100.0,21.3,CHG-01,50.0,Baseline_Meter,,Not_Subscribed_Baseline,Quarter_End,2025-07-24T13:42:00,,2025-11-15T00:00:00
2025-07-24,D-04,Diesel,Diesel,Class6_Box,DUTY_SUB_01,D2_Suburban,133.8,6.3,3080,0.77,17,261,07:00,13:18,17.7,35.7,Dry,0.0,Completed,0,0.0,37.4,,,,,,,,,None,,Not_Installed_Diesel,Quarter_End,2025-07-24T13:48:00,,2025-11-15T00:00:00
2025-07-24,D-05,Diesel,Diesel,Class6_Box,DUTY_SUB_02,D2_Suburban,137.6,6.5,2320,0.58,16,285,07:00,13:30,17.5,35.7,Dry,0.0,Completed,0,0.0,37.6,,,,,,,,,None,,Not_Installed_Diesel,Quarter_End,2025-07-24T13:59:00,,2025-11-15T00:00:00
2025-07-24,D-06,Diesel,Diesel,Class6_Box,DUTY_SUB_03,D2_Suburban,133.3,6.5,3200,0.80,19,294,07:15,13:45,17.2,35.7,Dry,0.0,Completed,0,0.0,37.4,,,,,,,,,None,,Not_Installed_Diesel,Quarter_End,2025-07-24T13:59:00,,2025-11-15T00:00:00
2025-07-24,D-07,Diesel,Diesel,Class6_Box,DUTY_SUB_04,D2_Suburban,137.1,6.1,2600,0.65,14,293,07:00,13:06,17.9,35.7,Dry,0.0,Completed,0,0.0,37.5,,,,,,,,,None,,Not_Installed_Diesel,Quarter_End,2025-07-24T13:36:00,,2025-11-15T00:00:00
2025-07-24,D-08,Diesel,Diesel,Class6_Box,DUTY_REG_01,D3_Regional,207.0,7.6,2800,0.70,6,524,07:00,14:36,16.4,35.7,Dry,0.0,Completed,0,0.0,56.7,,,,,,,,,None,,Not_Installed_Diesel,Quarter_End,2025-07-24T14:59:00,,2025-11-15T00:00:00
2025-07-24,D-09,Diesel,Diesel,Class6_Box,DUTY_REG_02,D3_Regional,210.0,7.3,2960,0.74,5,481,07:30,14:48,16.2,35.7,Dry,0.0,Completed,0,0.0,58.3,,,,,,,,,None,,Not_Installed_Diesel,Quarter_End,2025-07-24T14:59:00,,2025-11-15T00:00:00
2025-07-24,D-10,Diesel,Diesel,Class6_Box,DUTY_REG_03,D3_Regional,208.9,8.3,2920,0.73,6,540,07:15,15:33,15.4,35.7,Dry,0.0,Completed,0,0.0,57.1,,,,,,,,,None,,Not_Installed_Diesel,Quarter_End,2025-07-24T15:59:00,,2025-11-15T00:00:00
2025-07-25,EV-01,Electric,Electric,Class6_Box,DUTY_URB_01,D1_Urban,87.9,5.5,2480,0.62,27,125,07:30,13:00,18.0,22.9,Dry,0.0,Completed,0,0.0,,157.4,10.1,167.5,190.3,100.0,16.2,CHG-01,50.0,Enhanced_Telemetry,157.3,Received_Valid,Immediate_CAN_Bus,2025-07-25T13:30:00,2025-07-25T13:05:00,2025-07-25T13:05:00
2025-07-25,EV-02,Electric,Electric,Class6_Box,DUTY_URB_02,D1_Urban,83.9,6.3,2640,0.66,31,120,07:00,13:18,17.7,22.9,Dry,0.0,Completed,0,0.0,,143.1,11.4,154.5,175.6,100.0,22.8,CHG-02,50.0,Enhanced_Telemetry,142.7,Received_Valid,Immediate_CAN_Bus,2025-07-25T13:48:00,2025-07-25T13:23:00,2025-07-25T13:23:00
2025-07-25,EV-03,Electric,Electric,Class6_Box,DUTY_URB_03,D1_Urban,82.2,6.2,3480,0.87,29,130,07:30,13:42,17.3,22.9,Dry,0.0,Late,0,0.0,,142.5,10.9,153.4,174.3,100.0,23.3,CHG-01,50.0,Baseline_Meter,,Not_Subscribed_Baseline,Quarter_End,2025-07-25T13:59:00,,2025-11-15T00:00:00
2025-07-25,D-04,Diesel,Diesel,Class6_Box,DUTY_SUB_01,D2_Suburban,136.6,6.4,2800,0.70,17,285,07:15,13:39,17.4,22.9,Dry,0.0,Completed,0,0.0,37.3,,,,,,,,,None,,Not_Installed_Diesel,Quarter_End,2025-07-25T13:59:00,,2025-11-15T00:00:00
2025-07-25,D-05,Diesel,Diesel,Class6_Box,DUTY_SUB_02,D2_Suburban,130.9,6.5,3120,0.78,16,298,07:00,13:30,17.5,22.9,Dry,0.0,Completed,0,0.0,37.3,,,,,,,,,None,,Not_Installed_Diesel,Quarter_End,2025-07-25T13:59:00,,2025-11-15T00:00:00
2025-07-25,D-06,Diesel,Diesel,Class6_Box,DUTY_SUB_03,D2_Suburban,135.5,6.4,2480,0.62,15,302,07:15,13:39,17.4,22.9,Dry,0.0,Completed,0,0.0,38.3,,,,,,,,,None,,Not_Installed_Diesel,Quarter_End,2025-07-25T13:59:00,,2025-11-15T00:00:00
2025-07-25,D-07,Diesel,Diesel,Class6_Box,DUTY_SUB_04,D2_Suburban,133.4,6.5,2880,0.72,17,292,07:30,14:00,17.0,22.9,Dry,0.0,Completed,0,0.0,37.7,,,,,,,,,None,,Not_Installed_Diesel,Quarter_End,2025-07-25T14:30:00,,2025-11-15T00:00:00
2025-07-25,D-08,Diesel,Diesel,Class6_Box,DUTY_REG_01,D3_Regional,208.2,7.6,2480,0.62,8,540,07:00,14:36,16.4,22.9,Dry,0.0,Completed,0,0.0,57.1,,,,,,,,,None,,Not_Installed_Diesel,Quarter_End,2025-07-25T14:59:00,,2025-11-15T00:00:00
2025-07-25,D-09,Diesel,Diesel,Class6_Box,DUTY_REG_02,D3_Regional,207.7,7.6,2560,0.64,5,472,07:00,14:36,16.4,22.9,Dry,0.0,Completed,0,0.0,56.6,,,,,,,,,None,,Not_Installed_Diesel,Quarter_End,2025-07-25T14:59:00,,2025-11-15T00:00:00
2025-07-25,D-10,Diesel,Diesel,Class6_Box,DUTY_REG_03,D3_Regional,209.9,7.8,2960,0.74,7,567,07:30,15:18,15.7,22.9,Dry,0.0,Completed,0,0.0,57.0,,,,,,,,,None,,Not_Installed_Diesel,Quarter_End,2025-07-25T15:48:00,,2025-11-15T00:00:00
2025-07-28,EV-01,Electric,Electric,Class6_Box,DUTY_URB_01,D1_Urban,82.8,5.4,2520,0.63,30,144,07:30,12:54,18.1,30.0,Dry,0.0,Completed,0,0.0,,143.3,12.0,155.3,176.5,100.0,22.3,CHG-01,50.0,Enhanced_Telemetry,143.5,Received_Valid,Immediate_CAN_Bus,2025-07-28T12:59:00,2025-07-28T12:59:00,2025-07-28T12:59:00
2025-07-28,EV-02,Electric,Electric,Class6_Box,DUTY_URB_02,D1_Urban,86.1,5.6,3080,0.77,26,137,07:30,13:06,17.9,30.0,Dry,0.0,Completed,0,0.0,,151.1,10.9,162.0,184.1,100.0,19.0,CHG-02,50.0,Enhanced_Telemetry,150.6,Received_Valid,Immediate_CAN_Bus,2025-07-28T13:36:00,2025-07-28T13:11:00,2025-07-28T13:11:00
2025-07-28,EV-03,Electric,Electric,Class6_Box,DUTY_URB_03,D1_Urban,82.7,5.7,2600,0.65,30,142,07:30,13:12,17.8,30.0,Dry,0.0,Completed,0,0.0,,143.8,12.8,156.6,178.0,100.0,21.7,CHG-01,50.0,Baseline_Meter,,Not_Subscribed_Baseline,Quarter_End,2025-07-28T13:42:00,,2025-11-15T00:00:00
2025-07-28,D-04,Diesel,Diesel,Class6_Box,DUTY_SUB_01,D2_Suburban,133.8,6.7,2840,0.71,17,296,07:00,13:42,17.3,30.0,Dry,0.0,Completed,0,0.0,38.0,,,,,,,,,None,,Not_Installed_Diesel,Quarter_End,2025-07-28T13:59:00,,2025-11-15T00:00:00
2025-07-28,D-05,Diesel,Diesel,Class6_Box,DUTY_SUB_02,D2_Suburban,132.4,6.3,2640,0.66,17,285,07:30,13:48,17.2,30.0,Dry,0.0,Completed,0,0.0,38.0,,,,,,,,,None,,Not_Installed_Diesel,Quarter_End,2025-07-28T13:59:00,,2025-11-15T00:00:00
2025-07-28,D-06,Diesel,Diesel,Class6_Box,DUTY_SUB_03,D2_Suburban,137.8,6.3,2920,0.73,14,311,07:00,13:18,17.7,30.0,Dry,0.0,Completed,0,0.0,38.5,,,,,,,,,None,,Not_Installed_Diesel,Quarter_End,2025-07-28T13:48:00,,2025-11-15T00:00:00
2025-07-28,D-07,Diesel,Diesel,Class6_Box,DUTY_SUB_04,D2_Suburban,135.7,6.5,3040,0.76,12,278,07:15,13:45,17.2,30.0,Dry,0.0,Completed,0,0.0,37.2,,,,,,,,,None,,Not_Installed_Diesel,Quarter_End,2025-07-28T13:59:00,,2025-11-15T00:00:00
2025-07-28,D-08,Diesel,Diesel,Class6_Box,DUTY_REG_01,D3_Regional,211.1,7.7,2680,0.67,9,536,07:15,14:57,16.1,30.0,Dry,0.0,Completed,0,0.0,56.3,,,,,,,,,None,,Not_Installed_Diesel,Quarter_End,2025-07-28T14:59:00,,2025-11-15T00:00:00
2025-07-28,D-09,Diesel,Diesel,Class6_Box,DUTY_REG_02,D3_Regional,208.6,7.6,2480,0.62,4,508,07:30,15:06,15.9,30.0,Dry,0.0,Completed,0,0.0,57.4,,,,,,,,,None,,Not_Installed_Diesel,Quarter_End,2025-07-28T15:36:00,,2025-11-15T00:00:00
2025-07-28,D-10,Diesel,Diesel,Class6_Box,DUTY_REG_03,D3_Regional,212.0,8.0,3040,0.76,7,547,07:15,15:15,15.8,30.0,Dry,0.0,Completed,0,0.0,55.9,,,,,,,,,None,,Not_Installed_Diesel,Quarter_End,2025-07-28T15:45:00,,2025-11-15T00:00:00
2025-07-29,EV-01,Electric,Electric,Class6_Box,DUTY_URB_01,D1_Urban,81.9,5.4,2640,0.66,31,147,07:00,12:24,18.6,31.8,Dry,0.0,Completed,0,0.0,,140.4,13.0,153.4,174.3,100.0,23.3,CHG-01,50.0,Enhanced_Telemetry,139.8,Received_Valid,Immediate_CAN_Bus,2025-07-29T12:54:00,2025-07-29T12:29:00,2025-07-29T12:29:00
2025-07-29,EV-02,Electric,Electric,Class6_Box,DUTY_URB_02,D1_Urban,84.0,5.4,2720,0.68,31,120,07:15,12:39,18.4,31.8,Dry,0.0,Completed,0,0.0,,145.5,14.0,159.5,181.2,100.0,20.2,CHG-02,50.0,Enhanced_Telemetry,145.2,Received_Valid,Immediate_CAN_Bus,2025-07-29T12:59:00,2025-07-29T12:44:00,2025-07-29T12:44:00
2025-07-29,EV-03,Electric,Electric,Class6_Box,DUTY_URB_03,D1_Urban,85.0,5.5,3080,0.77,29,155,07:15,12:45,18.2,31.8,Dry,0.0,Completed,0,0.0,,148.7,13.6,162.3,184.4,100.0,18.8,CHG-01,50.0,Baseline_Meter,,Not_Subscribed_Baseline,Quarter_End,2025-07-29T12:59:00,,2025-11-15T00:00:00
2025-07-29,D-04,Diesel,Diesel,Class6_Box,DUTY_SUB_01,D2_Suburban,134.3,6.4,3200,0.80,19,295,07:15,13:39,17.4,31.8,Dry,0.0,Completed,0,0.0,38.2,,,,,,,,,None,,Not_Installed_Diesel,Quarter_End,2025-07-29T13:59:00,,2025-11-15T00:00:00
2025-07-29,D-05,Diesel,Diesel,Class6_Box,DUTY_SUB_02,D2_Suburban,134.9,6.7,2800,0.70,12,294,07:30,14:12,16.8,31.8,Dry,0.0,Completed,0,0.0,37.4,,,,,,,,,None,,Not_Installed_Diesel,Quarter_End,2025-07-29T14:42:00,,2025-11-15T00:00:00
2025-07-29,D-06,Diesel,Diesel,Class6_Box,DUTY_SUB_03,D2_Suburban,140.6,7.1,3040,0.76,17,307,07:30,14:36,16.4,31.8,Dry,0.0,Completed,0,0.0,38.0,,,,,,,,,None,,Not_Installed_Diesel,Quarter_End,2025-07-29T14:59:00,,2025-11-15T00:00:00
2025-07-29,D-07,Diesel,Diesel,Class6_Box,DUTY_SUB_04,D2_Suburban,137.3,6.9,2680,0.67,13,275,07:15,14:09,16.9,31.8,Dry,0.0,Completed,0,0.0,37.9,,,,,,,,,None,,Not_Installed_Diesel,Quarter_End,2025-07-29T14:39:00,,2025-11-15T00:00:00
2025-07-29,D-08,Diesel,Diesel,Class6_Box,DUTY_REG_01,D3_Regional,208.5,7.9,3280,0.82,9,538,07:00,14:54,16.1,31.8,Dry,0.0,Completed,0,0.0,56.5,,,,,,,,,None,,Not_Installed_Diesel,Quarter_End,2025-07-29T14:59:00,,2025-11-15T00:00:00
2025-07-29,D-09,Diesel,Diesel,Class6_Box,DUTY_REG_02,D3_Regional,210.2,8.0,2760,0.69,8,496,07:00,15:00,16.0,31.8,Dry,0.0,Completed,0,0.0,56.9,,,,,,,,,None,,Not_Installed_Diesel,Quarter_End,2025-07-29T15:30:00,,2025-11-15T00:00:00
2025-07-29,D-10,Diesel,Diesel,Class6_Box,DUTY_REG_03,D3_Regional,212.6,7.8,2760,0.69,5,537,07:00,14:48,16.2,31.8,Dry,0.0,Completed,0,0.0,56.3,,,,,,,,,None,,Not_Installed_Diesel,Quarter_End,2025-07-29T14:59:00,,2025-11-15T00:00:00
2025-07-30,EV-01,Electric,Electric,Class6_Box,DUTY_URB_01,D1_Urban,84.1,5.6,2680,0.67,28,140,07:00,12:36,18.4,25.6,Dry,0.0,Completed,0,0.0,,144.9,11.9,156.8,178.2,100.0,21.6,CHG-01,50.0,Enhanced_Telemetry,145.1,Received_Valid,Immediate_CAN_Bus,2025-07-30T12:59:00,2025-07-30T12:41:00,2025-07-30T12:41:00
2025-07-30,EV-02,Electric,Electric,Class6_Box,DUTY_URB_02,D1_Urban,86.7,5.8,2720,0.68,31,148,07:30,13:18,17.7,25.6,Dry,0.0,Completed,0,0.0,,150.8,11.4,162.2,184.3,100.0,18.9,CHG-02,50.0,Enhanced_Telemetry,150.9,Received_Valid,Immediate_CAN_Bus,2025-07-30T13:48:00,2025-07-30T13:23:00,2025-07-30T13:23:00
2025-07-30,EV-03,Electric,Electric,Class6_Box,DUTY_URB_03,D1_Urban,83.7,5.9,3000,0.75,34,156,07:00,12:54,18.1,25.6,Dry,0.0,Completed,0,0.0,,146.4,11.8,158.2,179.8,100.0,20.9,CHG-01,50.0,Baseline_Meter,,Not_Subscribed_Baseline,Quarter_End,2025-07-30T12:59:00,,2025-11-15T00:00:00
2025-07-30,D-04,Diesel,Diesel,Class6_Box,DUTY_SUB_01,D2_Suburban,135.1,6.5,2640,0.66,18,286,07:15,13:45,17.2,25.6,Dry,0.0,Completed,0,0.0,37.9,,,,,,,,,None,,Not_Installed_Diesel,Quarter_End,2025-07-30T13:59:00,,2025-11-15T00:00:00
2025-07-30,D-05,Diesel,Diesel,Class6_Box,DUTY_SUB_02,D2_Suburban,135.4,6.7,2760,0.69,17,300,07:30,14:12,16.8,25.6,Dry,0.0,Completed,0,0.0,38.4,,,,,,,,,None,,Not_Installed_Diesel,Quarter_End,2025-07-30T14:42:00,,2025-11-15T00:00:00
2025-07-30,D-06,Diesel,Diesel,Class6_Box,DUTY_SUB_03,D2_Suburban,136.7,6.4,2720,0.68,16,322,07:00,13:24,17.6,25.6,Dry,0.0,Completed,0,0.0,37.5,,,,,,,,,None,,Not_Installed_Diesel,Quarter_End,2025-07-30T13:54:00,,2025-11-15T00:00:00
2025-07-30,D-07,Diesel,Diesel,Class6_Box,DUTY_SUB_04,D2_Suburban,133.6,6.8,3440,0.86,13,258,07:15,14:03,16.9,25.6,Dry,0.0,Completed,0,0.0,37.7,,,,,,,,,None,,Not_Installed_Diesel,Quarter_End,2025-07-30T14:33:00,,2025-11-15T00:00:00
2025-07-30,D-08,Diesel,Diesel,Class6_Box,DUTY_REG_01,D3_Regional,210.9,7.9,2800,0.70,4,509,07:30,15:24,15.6,25.6,Dry,0.0,Completed,0,0.0,56.7,,,,,,,,,None,,Not_Installed_Diesel,Quarter_End,2025-07-30T15:54:00,,2025-11-15T00:00:00
2025-07-30,D-09,Diesel,Diesel,Class6_Box,DUTY_REG_02,D3_Regional,211.2,7.6,2480,0.62,2,498,07:00,14:36,16.4,25.6,Dry,0.0,Completed,0,0.0,56.8,,,,,,,,,None,,Not_Installed_Diesel,Quarter_End,2025-07-30T14:59:00,,2025-11-15T00:00:00
2025-07-30,D-10,Diesel,Diesel,Class6_Box,DUTY_REG_03,D3_Regional,209.9,8.1,2640,0.66,7,540,07:00,15:06,15.9,25.6,Dry,0.0,Completed,0,0.0,56.9,,,,,,,,,None,,Not_Installed_Diesel,Quarter_End,2025-07-30T15:36:00,,2025-11-15T00:00:00
2025-07-31,EV-01,Electric,Electric,Class6_Box,DUTY_URB_01,D1_Urban,86.0,5.2,2880,0.72,33,122,07:00,12:12,18.8,32.5,Dry,0.0,Completed,0,0.0,,156.0,15.0,171.0,194.3,100.0,14.5,CHG-01,50.0,Enhanced_Telemetry,156.1,Received_Valid,Immediate_CAN_Bus,2025-07-31T12:42:00,2025-07-31T12:17:00,2025-07-31T12:17:00
2025-07-31,EV-02,Electric,Electric,Class6_Box,DUTY_URB_02,D1_Urban,87.3,5.9,3160,0.79,26,136,07:00,12:54,18.1,32.5,Dry,0.0,Completed,0,0.0,,153.2,13.5,166.7,189.4,100.0,16.7,CHG-02,50.0,Enhanced_Telemetry,153.8,Received_Valid,Immediate_CAN_Bus,2025-07-31T12:59:00,2025-07-31T12:59:00,2025-07-31T12:59:00
2025-07-31,EV-03,Electric,Electric,Class6_Box,DUTY_URB_03,D1_Urban,82.7,5.9,2680,0.67,32,153,07:00,12:54,18.1,32.5,Dry,0.0,Completed,0,0.0,,145.2,14.1,159.3,181.0,100.0,20.3,CHG-01,50.0,Baseline_Meter,,Not_Subscribed_Baseline,Quarter_End,2025-07-31T12:59:00,,2025-11-15T00:00:00
2025-07-31,D-04,Diesel,Diesel,Class6_Box,DUTY_SUB_01,D2_Suburban,138.0,6.4,3120,0.78,19,294,07:00,13:24,17.6,32.5,Dry,0.0,Completed,0,0.0,37.3,,,,,,,,,None,,Not_Installed_Diesel,Quarter_End,2025-07-31T13:54:00,,2025-11-15T00:00:00
2025-07-31,D-05,Diesel,Diesel,Class6_Box,DUTY_SUB_02,D2_Suburban,135.2,6.4,2880,0.72,17,290,07:00,13:24,17.6,32.5,Dry,0.0,Completed,0,0.0,37.8,,,,,,,,,None,,Not_Installed_Diesel,Quarter_End,2025-07-31T13:54:00,,2025-11-15T00:00:00
2025-07-31,D-06,Diesel,Diesel,Class6_Box,DUTY_SUB_03,D2_Suburban,138.2,6.4,2680,0.67,18,323,07:30,13:54,17.1,32.5,Dry,0.0,Completed,0,0.0,37.1,,,,,,,,,None,,Not_Installed_Diesel,Quarter_End,2025-07-31T13:59:00,,2025-11-15T00:00:00
2025-07-31,D-07,Diesel,Diesel,Class6_Box,DUTY_SUB_04,D2_Suburban,132.7,6.5,3240,0.81,17,285,07:30,14:00,17.0,32.5,Dry,0.0,Completed,0,0.0,38.5,,,,,,,,,None,,Not_Installed_Diesel,Quarter_End,2025-07-31T14:30:00,,2025-11-15T00:00:00
2025-07-31,D-08,Diesel,Diesel,Class6_Box,DUTY_REG_01,D3_Regional,211.6,7.8,2640,0.66,5,511,07:15,15:03,15.9,32.5,Dry,0.0,Completed,0,0.0,56.7,,,,,,,,,None,,Not_Installed_Diesel,Quarter_End,2025-07-31T15:33:00,,2025-11-15T00:00:00
2025-07-31,D-09,Diesel,Diesel,Class6_Box,DUTY_REG_02,D3_Regional,208.7,8.1,3240,0.81,3,477,07:15,15:21,15.7,32.5,Dry,0.0,Completed,0,0.0,57.1,,,,,,,,,None,,Not_Installed_Diesel,Quarter_End,2025-07-31T15:51:00,,2025-11-15T00:00:00
2025-07-31,D-10,Diesel,Diesel,Class6_Box,DUTY_REG_03,D3_Regional,211.2,8.3,2480,0.62,9,566,07:30,15:48,15.2,32.5,Dry,0.0,Completed,0,0.0,57.5,,,,,,,,,None,,Not_Installed_Diesel,Quarter_End,2025-07-31T15:59:00,,2025-11-15T00:00:00
2025-08-01,EV-01,Electric,Electric,Class6_Box,DUTY_URB_01,D1_Urban,85.2,5.8,2680,0.67,32,153,07:00,12:48,18.2,25.1,Dry,0.0,Completed,0,0.0,,151.6,11.3,162.9,185.1,100.0,18.5,CHG-01,50.0,Enhanced_Telemetry,151.6,Received_Valid,Immediate_CAN_Bus,2025-08-01T12:59:00,2025-08-01T12:53:00,2025-08-01T12:53:00
2025-08-01,EV-02,Electric,Electric,Class6_Box,DUTY_URB_02,D1_Urban,82.4,5.5,2520,0.63,25,115,07:30,13:00,18.0,25.1,Dry,0.0,Completed,0,0.0,,146.7,11.5,158.2,179.8,100.0,20.9,CHG-02,50.0,Enhanced_Telemetry,146.1,Received_Valid,Immediate_CAN_Bus,2025-08-01T13:30:00,2025-08-01T13:05:00,2025-08-01T13:05:00
2025-08-01,EV-03,Electric,Electric,Class6_Box,DUTY_URB_03,D1_Urban,85.7,6.2,2800,0.70,31,140,07:30,13:42,17.3,25.1,Dry,0.0,Completed,0,0.0,,148.8,11.1,159.9,181.7,100.0,20.0,CHG-01,50.0,Baseline_Meter,,Not_Subscribed_Baseline,Quarter_End,2025-08-01T13:59:00,,2025-11-15T00:00:00
2025-08-01,D-04,Diesel,Diesel,Class6_Box,DUTY_SUB_01,D2_Suburban,131.0,6.5,3040,0.76,16,297,07:15,13:45,17.2,25.1,Dry,0.0,Completed,0,0.0,37.9,,,,,,,,,None,,Not_Installed_Diesel,Quarter_End,2025-08-01T13:59:00,,2025-11-15T00:00:00
2025-08-01,D-05,Diesel,Diesel,Class6_Box,DUTY_SUB_02,D2_Suburban,135.9,6.3,2560,0.64,13,270,07:15,13:33,17.4,25.1,Dry,0.0,Completed,0,0.0,37.9,,,,,,,,,None,,Not_Installed_Diesel,Quarter_End,2025-08-01T13:59:00,,2025-11-15T00:00:00
2025-08-01,D-06,Diesel,Diesel,Class6_Box,DUTY_SUB_03,D2_Suburban,136.2,6.0,3120,0.78,19,314,07:15,13:15,17.8,25.1,Dry,0.0,Completed,0,0.0,37.5,,,,,,,,,None,,Not_Installed_Diesel,Quarter_End,2025-08-01T13:45:00,,2025-11-15T00:00:00
2025-08-01,D-07,Diesel,Diesel,Class6_Box,DUTY_SUB_04,D2_Suburban,134.8,6.1,3160,0.79,12,273,07:15,13:21,17.6,25.1,Dry,0.0,Completed,0,0.0,37.1,,,,,,,,,None,,Not_Installed_Diesel,Quarter_End,2025-08-01T13:51:00,,2025-11-15T00:00:00
2025-08-01,D-08,Diesel,Diesel,Class6_Box,DUTY_REG_01,D3_Regional,208.3,7.8,2880,0.72,9,535,07:00,14:48,16.2,25.1,Dry,0.0,Completed,0,0.0,57.1,,,,,,,,,None,,Not_Installed_Diesel,Quarter_End,2025-08-01T14:59:00,,2025-11-15T00:00:00
2025-08-01,D-09,Diesel,Diesel,Class6_Box,DUTY_REG_02,D3_Regional,207.7,7.6,2960,0.74,6,499,07:30,15:06,15.9,25.1,Dry,0.0,Completed,0,0.0,56.3,,,,,,,,,None,,Not_Installed_Diesel,Quarter_End,2025-08-01T15:36:00,,2025-11-15T00:00:00
2025-08-01,D-10,Diesel,Diesel,Class6_Box,DUTY_REG_03,D3_Regional,211.2,8.3,2640,0.66,8,534,07:15,15:33,15.4,25.1,Dry,0.0,Late,0,0.0,57.1,,,,,,,,,None,,Not_Installed_Diesel,Quarter_End,2025-08-01T15:59:00,,2025-11-15T00:00:00
2025-08-04,EV-01,Electric,Electric,Class6_Box,DUTY_URB_01,D1_Urban,85.3,5.8,3280,0.82,31,135,07:00,12:48,18.2,28.5,Dry,0.0,Completed,0,0.0,,155.3,10.8,166.1,188.8,100.0,17.0,CHG-01,50.0,Enhanced_Telemetry,155.6,Received_Valid,Immediate_CAN_Bus,2025-08-04T12:59:00,2025-08-04T12:53:00,2025-08-04T12:53:00
2025-08-04,EV-02,Electric,Electric,Class6_Box,DUTY_URB_02,D1_Urban,85.8,5.2,2720,0.68,28,115,07:15,12:27,18.6,28.5,Dry,0.0,Completed,0,0.0,,154.6,12.0,166.6,189.3,100.0,16.7,CHG-02,50.0,Enhanced_Telemetry,155.8,Received_Valid,Immediate_CAN_Bus,2025-08-04T12:57:00,2025-08-04T12:32:00,2025-08-04T12:32:00
2025-08-04,EV-03,Electric,Electric,Class6_Box,DUTY_URB_03,D1_Urban,85.9,6.0,2760,0.69,32,148,07:00,13:00,18.0,28.5,Dry,0.0,Completed,0,0.0,,152.9,11.2,164.1,186.5,100.0,18.0,CHG-01,50.0,Baseline_Meter,,Not_Subscribed_Baseline,Quarter_End,2025-08-04T13:30:00,,2025-11-15T00:00:00
2025-08-04,D-04,Diesel,Diesel,Class6_Box,DUTY_SUB_01,D2_Suburban,133.1,6.0,2640,0.66,13,294,07:30,13:30,17.5,28.5,Dry,0.0,Completed,0,0.0,38.0,,,,,,,,,None,,Not_Installed_Diesel,Quarter_End,2025-08-04T13:59:00,,2025-11-15T00:00:00
2025-08-04,D-05,Diesel,Diesel,Class6_Box,DUTY_SUB_02,D2_Suburban,135.9,6.6,2680,0.67,13,279,07:30,14:06,16.9,28.5,Dry,0.0,Completed,0,0.0,38.6,,,,,,,,,None,,Not_Installed_Diesel,Quarter_End,2025-08-04T14:36:00,,2025-11-15T00:00:00
2025-08-04,D-06,Diesel,Diesel,Class6_Box,DUTY_SUB_03,D2_Suburban,133.3,6.6,2680,0.67,15,296,07:30,14:06,16.9,28.5,Dry,0.0,Completed,0,0.0,37.9,,,,,,,,,None,,Not_Installed_Diesel,Quarter_End,2025-08-04T14:36:00,,2025-11-15T00:00:00
2025-08-04,D-07,Diesel,Diesel,Class6_Box,DUTY_SUB_04,D2_Suburban,137.9,6.8,3000,0.75,12,263,07:00,13:48,17.2,28.5,Dry,0.0,Completed,0,0.0,38.3,,,,,,,,,None,,Not_Installed_Diesel,Quarter_End,2025-08-04T13:59:00,,2025-11-15T00:00:00
2025-08-04,D-08,Diesel,Diesel,Class6_Box,DUTY_REG_01,D3_Regional,210.7,8.0,2720,0.68,3,529,07:00,15:00,16.0,28.5,Dry,0.0,Completed,0,0.0,56.4,,,,,,,,,None,,Not_Installed_Diesel,Quarter_End,2025-08-04T15:30:00,,2025-11-15T00:00:00
2025-08-04,D-09,Diesel,Diesel,Class6_Box,DUTY_REG_02,D3_Regional,207.0,7.6,3000,0.75,7,487,07:30,15:06,15.9,28.5,Dry,0.0,Completed,0,0.0,57.1,,,,,,,,,None,,Not_Installed_Diesel,Quarter_End,2025-08-04T15:36:00,,2025-11-15T00:00:00
2025-08-04,D-10,Diesel,Diesel,Class6_Box,DUTY_REG_03,D3_Regional,213.2,8.6,3280,0.82,4,554,07:30,16:06,14.9,28.5,Dry,0.0,Completed,0,0.0,57.3,,,,,,,,,None,,Not_Installed_Diesel,Quarter_End,2025-08-04T16:36:00,,2025-11-15T00:00:00
2025-08-05,EV-01,Electric,Electric,Class6_Box,DUTY_URB_01,D1_Urban,82.4,5.7,3040,0.76,27,125,07:00,12:42,18.3,24.2,Rain,1.0,Completed,0,0.0,,146.5,9.2,155.7,176.9,100.0,22.2,CHG-01,50.0,Enhanced_Telemetry,145.9,Received_Valid,Immediate_CAN_Bus,2025-08-05T12:59:00,2025-08-05T12:47:00,2025-08-05T12:47:00
2025-08-05,EV-02,Electric,Electric,Class6_Box,DUTY_URB_02,D1_Urban,86.6,5.7,2960,0.74,25,138,07:00,12:42,18.3,24.2,Rain,1.0,Completed,0,0.0,,158.1,10.1,168.2,191.1,100.0,15.9,CHG-02,50.0,Enhanced_Telemetry,157.2,Received_Valid,Immediate_CAN_Bus,2025-08-05T12:59:00,2025-08-05T12:47:00,2025-08-05T12:47:00
2025-08-05,EV-03,Electric,Electric,Class6_Box,DUTY_URB_03,D1_Urban,82.3,6.0,2880,0.72,33,145,07:15,13:15,17.8,24.2,Rain,1.0,Completed,0,0.0,,143.7,10.7,154.4,175.5,100.0,22.8,CHG-01,50.0,Baseline_Meter,,Not_Subscribed_Baseline,Quarter_End,2025-08-05T13:45:00,,2025-11-15T00:00:00
2025-08-05,D-04,Diesel,Diesel,Class6_Box,DUTY_SUB_01,D2_Suburban,135.1,6.2,2800,0.70,15,274,07:30,13:42,17.3,24.2,Rain,1.0,Completed,0,0.0,38.0,,,,,,,,,None,,Not_Installed_Diesel,Quarter_End,2025-08-05T13:59:00,,2025-11-15T00:00:00
2025-08-05,D-05,Diesel,Diesel,Class6_Box,DUTY_SUB_02,D2_Suburban,134.2,6.6,3280,0.82,14,287,07:15,13:51,17.1,24.2,Rain,1.0,Completed,0,0.0,37.6,,,,,,,,,None,,Not_Installed_Diesel,Quarter_End,2025-08-05T13:59:00,,2025-11-15T00:00:00
2025-08-05,D-06,Diesel,Diesel,Class6_Box,DUTY_SUB_03,D2_Suburban,132.0,6.7,3080,0.77,18,295,07:00,13:42,17.3,24.2,Rain,1.0,Completed,0,0.0,38.0,,,,,,,,,None,,Not_Installed_Diesel,Quarter_End,2025-08-05T13:59:00,,2025-11-15T00:00:00
2025-08-05,D-07,Diesel,Diesel,Class6_Box,DUTY_SUB_04,D2_Suburban,133.2,6.4,3360,0.84,12,266,07:00,13:24,17.6,24.2,Rain,1.0,Completed,0,0.0,37.3,,,,,,,,,None,,Not_Installed_Diesel,Quarter_End,2025-08-05T13:54:00,,2025-11-15T00:00:00
2025-08-05,D-08,Diesel,Diesel,Class6_Box,DUTY_REG_01,D3_Regional,210.8,7.8,3360,0.84,4,526,07:30,15:18,15.7,24.2,Rain,1.0,Completed,0,0.0,56.8,,,,,,,,,None,,Not_Installed_Diesel,Quarter_End,2025-08-05T15:48:00,,2025-11-15T00:00:00
2025-08-05,D-09,Diesel,Diesel,Class6_Box,DUTY_REG_02,D3_Regional,207.4,7.6,3320,0.83,7,486,07:30,15:06,15.9,24.2,Rain,1.0,Completed,0,0.0,57.0,,,,,,,,,None,,Not_Installed_Diesel,Quarter_End,2025-08-05T15:36:00,,2025-11-15T00:00:00
2025-08-05,D-10,Diesel,Diesel,Class6_Box,DUTY_REG_03,D3_Regional,210.3,8.5,2520,0.63,6,555,07:00,15:30,15.5,24.2,Rain,1.0,Completed,0,0.0,57.2,,,,,,,,,None,,Not_Installed_Diesel,Quarter_End,2025-08-05T15:59:00,,2025-11-15T00:00:00
2025-08-06,EV-01,Electric,Electric,Class6_Box,DUTY_URB_01,D1_Urban,83.5,6.0,3400,0.85,29,142,07:00,13:00,18.0,27.6,Dry,0.0,Completed,0,0.0,,150.4,12.1,162.5,184.7,100.0,18.8,CHG-01,50.0,Enhanced_Telemetry,150.7,Received_Valid,Immediate_CAN_Bus,2025-08-06T13:30:00,2025-08-06T13:05:00,2025-08-06T13:05:00
2025-08-06,EV-02,Electric,Electric,Class6_Box,DUTY_URB_02,D1_Urban,83.2,5.7,2760,0.69,28,155,07:30,13:12,17.8,27.6,Dry,0.0,Completed,0,0.0,,145.3,12.1,157.4,178.9,100.0,21.3,CHG-02,50.0,Enhanced_Telemetry,145.5,Received_Valid,Immediate_CAN_Bus,2025-08-06T13:42:00,2025-08-06T13:17:00,2025-08-06T13:17:00
2025-08-06,EV-03,Electric,Electric,Class6_Box,DUTY_URB_03,D1_Urban,87.5,5.9,3480,0.87,33,149,07:00,12:54,18.1,27.6,Dry,0.0,Completed,0,0.0,,158.9,13.0,171.9,195.3,100.0,14.0,CHG-01,50.0,Baseline_Meter,,Not_Subscribed_Baseline,Quarter_End,2025-08-06T12:59:00,,2025-11-15T00:00:00
2025-08-06,D-04,Diesel,Diesel,Class6_Box,DUTY_SUB_01,D2_Suburban,134.6,6.6,3200,0.80,16,299,07:15,13:51,17.1,27.6,Dry,0.0,Completed,0,0.0,37.6,,,,,,,,,None,,Not_Installed_Diesel,Quarter_End,2025-08-06T13:59:00,,2025-11-15T00:00:00
2025-08-06,D-05,Diesel,Diesel,Class6_Box,DUTY_SUB_02,D2_Suburban,138.8,6.5,3080,0.77,17,278,07:30,14:00,17.0,27.6,Dry,0.0,Completed,0,0.0,38.4,,,,,,,,,None,,Not_Installed_Diesel,Quarter_End,2025-08-06T14:30:00,,2025-11-15T00:00:00
2025-08-06,D-06,Diesel,Diesel,Class6_Box,DUTY_SUB_03,D2_Suburban,133.7,6.8,2960,0.74,16,303,07:30,14:18,16.7,27.6,Dry,0.0,Completed,0,0.0,38.6,,,,,,,,,None,,Not_Installed_Diesel,Quarter_End,2025-08-06T14:48:00,,2025-11-15T00:00:00
2025-08-06,D-07,Diesel,Diesel,Class6_Box,DUTY_SUB_04,D2_Suburban,132.0,6.7,2800,0.70,13,257,07:15,13:57,17.1,27.6,Dry,0.0,Completed,0,0.0,38.3,,,,,,,,,None,,Not_Installed_Diesel,Quarter_End,2025-08-06T13:59:00,,2025-11-15T00:00:00
2025-08-06,D-08,Diesel,Diesel,Class6_Box,DUTY_REG_01,D3_Regional,211.8,7.5,3200,0.80,8,523,07:30,15:00,16.0,27.6,Dry,0.0,Completed,0,0.0,56.7,,,,,,,,,None,,Not_Installed_Diesel,Quarter_End,2025-08-06T15:30:00,,2025-11-15T00:00:00
2025-08-06,D-09,Diesel,Diesel,Class6_Box,DUTY_REG_02,D3_Regional,210.9,7.6,3040,0.76,4,470,07:00,14:36,16.4,27.6,Dry,0.0,Completed,0,0.0,57.2,,,,,,,,,None,,Not_Installed_Diesel,Quarter_End,2025-08-06T14:59:00,,2025-11-15T00:00:00
2025-08-06,D-10,Diesel,Diesel,Class6_Box,DUTY_REG_03,D3_Regional,210.7,7.8,2480,0.62,4,534,07:30,15:18,15.7,27.6,Dry,0.0,Completed,0,0.0,57.0,,,,,,,,,None,,Not_Installed_Diesel,Quarter_End,2025-08-06T15:48:00,,2025-11-15T00:00:00
2025-08-07,EV-01,Electric,Electric,Class6_Box,DUTY_URB_01,D1_Urban,84.2,5.7,2640,0.66,31,142,07:15,12:57,18.1,30.7,Dry,0.0,Completed,0,0.0,,152.1,12.6,164.7,187.2,100.0,17.7,CHG-01,50.0,Enhanced_Telemetry,151.7,Received_Valid,Immediate_CAN_Bus,2025-08-07T12:59:00,2025-08-07T12:59:00,2025-08-07T12:59:00
2025-08-07,EV-02,Electric,Electric,Class6_Box,DUTY_URB_02,D1_Urban,84.8,5.1,2920,0.73,25,116,07:15,12:21,18.6,30.7,Dry,0.0,Completed,0,0.0,,140.8,12.0,152.8,173.6,100.0,23.6,CHG-02,50.0,Enhanced_Telemetry,141.3,Received_Valid,Immediate_CAN_Bus,2025-08-07T12:51:00,2025-08-07T12:26:00,2025-08-07T12:26:00
2025-08-07,EV-03,Electric,Electric,Class6_Box,DUTY_URB_03,D1_Urban,84.2,6.0,3160,0.79,35,140,07:30,13:30,17.5,30.7,Dry,0.0,Completed,0,0.0,,147.2,12.3,159.5,181.2,100.0,20.2,CHG-01,50.0,Baseline_Meter,,Not_Subscribed_Baseline,Quarter_End,2025-08-07T13:59:00,,2025-11-15T00:00:00
2025-08-07,D-04,Diesel,Diesel,Class6_Box,DUTY_SUB_01,D2_Suburban,132.0,5.8,2560,0.64,15,274,07:00,12:48,18.2,30.7,Dry,0.0,Completed,0,0.0,38.5,,,,,,,,,None,,Not_Installed_Diesel,Quarter_End,2025-08-07T12:59:00,,2025-11-15T00:00:00
2025-08-07,D-05,Diesel,Diesel,Class6_Box,DUTY_SUB_02,D2_Suburban,135.5,6.8,3040,0.76,18,270,07:15,14:03,16.9,30.7,Dry,0.0,Completed,0,0.0,37.7,,,,,,,,,None,,Not_Installed_Diesel,Quarter_End,2025-08-07T14:33:00,,2025-11-15T00:00:00
2025-08-07,D-06,Diesel,Diesel,Class6_Box,DUTY_SUB_03,D2_Suburban,137.9,6.3,2720,0.68,19,326,07:30,13:48,17.2,30.7,Dry,0.0,Completed,0,0.0,38.3,,,,,,,,,None,,Not_Installed_Diesel,Quarter_End,2025-08-07T13:59:00,,2025-11-15T00:00:00
2025-08-07,D-07,Diesel,Diesel,Class6_Box,DUTY_SUB_04,D2_Suburban,136.0,6.2,2920,0.73,16,281,07:00,13:12,17.8,30.7,Dry,0.0,Completed,0,0.0,38.3,,,,,,,,,None,,Not_Installed_Diesel,Quarter_End,2025-08-07T13:42:00,,2025-11-15T00:00:00
2025-08-07,D-08,Diesel,Diesel,Class6_Box,DUTY_REG_01,D3_Regional,208.9,8.1,3320,0.83,3,524,07:15,15:21,15.7,30.7,Dry,0.0,Completed,0,0.0,56.8,,,,,,,,,None,,Not_Installed_Diesel,Quarter_End,2025-08-07T15:51:00,,2025-11-15T00:00:00
2025-08-07,D-09,Diesel,Diesel,Class6_Box,DUTY_REG_02,D3_Regional,212.4,7.6,2240,0.56,4,506,07:15,14:51,16.1,30.7,Dry,0.0,Completed,0,0.0,57.2,,,,,,,,,None,,Not_Installed_Diesel,Quarter_End,2025-08-07T14:59:00,,2025-11-15T00:00:00
2025-08-07,D-10,Diesel,Diesel,Class6_Box,DUTY_REG_03,D3_Regional,214.6,7.8,3120,0.78,5,545,07:15,15:03,15.9,30.7,Dry,0.0,Completed,0,0.0,55.9,,,,,,,,,None,,Not_Installed_Diesel,Quarter_End,2025-08-07T15:33:00,,2025-11-15T00:00:00
2025-08-08,EV-01,Electric,Electric,Class6_Box,DUTY_URB_01,D1_Urban,84.3,5.8,3160,0.79,30,149,07:00,12:48,18.2,27.6,Dry,0.0,Completed,0,0.0,,144.1,13.0,157.1,178.5,100.0,21.5,CHG-01,50.0,Enhanced_Telemetry,144.1,Received_Valid,Immediate_CAN_Bus,2025-08-08T12:59:00,2025-08-08T12:53:00,2025-08-08T12:53:00
2025-08-08,EV-02,Electric,Electric,Class6_Box,DUTY_URB_02,D1_Urban,85.4,5.6,2840,0.71,28,125,07:00,12:36,18.4,27.6,Dry,0.0,Completed,0,0.0,,146.6,10.8,157.4,178.9,100.0,21.3,CHG-02,50.0,Enhanced_Telemetry,146.5,Received_Valid,Immediate_CAN_Bus,2025-08-08T12:59:00,2025-08-08T12:41:00,2025-08-08T12:41:00
2025-08-08,EV-03,Electric,Electric,Class6_Box,DUTY_URB_03,D1_Urban,87.2,6.1,2760,0.69,32,125,07:15,13:21,17.6,27.6,Dry,0.0,Completed,0,0.0,,148.4,12.3,160.7,182.6,100.0,19.7,CHG-01,50.0,Baseline_Meter,,Not_Subscribed_Baseline,Quarter_End,2025-08-08T13:51:00,,2025-11-15T00:00:00
2025-08-08,D-04,Diesel,Diesel,Class6_Box,DUTY_SUB_01,D2_Suburban,133.6,6.3,2400,0.60,17,289,07:30,13:48,17.2,27.6,Dry,0.0,Completed,0,0.0,37.4,,,,,,,,,None,,Not_Installed_Diesel,Quarter_End,2025-08-08T13:59:00,,2025-11-15T00:00:00
2025-08-08,D-05,Diesel,Diesel,Class6_Box,DUTY_SUB_02,D2_Suburban,135.0,6.1,2440,0.61,13,300,07:30,13:36,17.4,27.6,Dry,0.0,Completed,0,0.0,37.6,,,,,,,,,None,,Not_Installed_Diesel,Quarter_End,2025-08-08T13:59:00,,2025-11-15T00:00:00
2025-08-08,D-06,Diesel,Diesel,Class6_Box,DUTY_SUB_03,D2_Suburban,135.3,6.4,2880,0.72,18,307,07:15,13:39,17.4,27.6,Dry,0.0,Completed,0,0.0,37.9,,,,,,,,,None,,Not_Installed_Diesel,Quarter_End,2025-08-08T13:59:00,,2025-11-15T00:00:00
2025-08-08,D-07,Diesel,Diesel,Class6_Box,DUTY_SUB_04,D2_Suburban,135.5,6.4,2560,0.64,11,266,07:30,13:54,17.1,27.6,Dry,0.0,Completed,0,0.0,38.6,,,,,,,,,None,,Not_Installed_Diesel,Quarter_End,2025-08-08T13:59:00,,2025-11-15T00:00:00
2025-08-08,D-08,Diesel,Diesel,Class6_Box,DUTY_REG_01,D3_Regional,213.3,8.0,3000,0.75,5,513,07:30,15:30,15.5,27.6,Dry,0.0,Completed,0,0.0,56.8,,,,,,,,,None,,Not_Installed_Diesel,Quarter_End,2025-08-08T15:59:00,,2025-11-15T00:00:00
2025-08-08,D-09,Diesel,Diesel,Class6_Box,DUTY_REG_02,D3_Regional,206.9,8.0,2680,0.67,3,470,07:30,15:30,15.5,27.6,Dry,0.0,Completed,0,0.0,58.0,,,,,,,,,None,,Not_Installed_Diesel,Quarter_End,2025-08-08T15:59:00,,2025-11-15T00:00:00
2025-08-08,D-10,Diesel,Diesel,Class6_Box,DUTY_REG_03,D3_Regional,213.3,7.9,3000,0.75,9,558,07:15,15:09,15.8,27.6,Dry,0.0,Completed,0,0.0,56.6,,,,,,,,,None,,Not_Installed_Diesel,Quarter_End,2025-08-08T15:39:00,,2025-11-15T00:00:00
2025-08-11,EV-01,Electric,Electric,Class6_Box,DUTY_URB_01,D1_Urban,87.4,5.5,2440,0.61,31,125,07:15,12:45,18.2,26.5,Dry,0.0,Completed,0,0.0,,156.5,11.5,168.0,190.9,100.0,16.0,CHG-01,50.0,Enhanced_Telemetry,156.8,Received_Valid,Immediate_CAN_Bus,2025-08-11T12:59:00,2025-08-11T12:50:00,2025-08-11T12:50:00
2025-08-11,EV-02,Electric,Electric,Class6_Box,DUTY_URB_02,D1_Urban,83.0,5.8,3320,0.83,28,144,07:15,13:03,17.9,26.5,Dry,0.0,Completed,0,0.0,,141.5,12.3,153.8,174.8,100.0,23.1,CHG-02,50.0,Enhanced_Telemetry,141.2,Received_Valid,Immediate_CAN_Bus,2025-08-11T13:33:00,2025-08-11T13:08:00,2025-08-11T13:08:00
2025-08-11,EV-03,Electric,Electric,Class6_Box,DUTY_URB_03,D1_Urban,82.3,5.3,2680,0.67,29,151,07:30,12:48,18.2,26.5,Dry,0.0,Completed,0,0.0,,138.2,12.3,150.5,171.0,100.0,24.8,CHG-01,50.0,Baseline_Meter,,Not_Subscribed_Baseline,Quarter_End,2025-08-11T12:59:00,,2025-11-15T00:00:00
2025-08-11,D-04,Diesel,Diesel,Class6_Box,DUTY_SUB_01,D2_Suburban,135.1,6.6,2840,0.71,19,261,07:15,13:51,17.1,26.5,Dry,0.0,Completed,0,0.0,37.7,,,,,,,,,None,,Not_Installed_Diesel,Quarter_End,2025-08-11T13:59:00,,2025-11-15T00:00:00
2025-08-11,D-05,Diesel,Diesel,Class6_Box,DUTY_SUB_02,D2_Suburban,135.4,6.6,3120,0.78,18,282,07:00,13:36,17.4,26.5,Dry,0.0,Completed,0,0.0,37.2,,,,,,,,,None,,Not_Installed_Diesel,Quarter_End,2025-08-11T13:59:00,,2025-11-15T00:00:00
2025-08-11,D-06,Diesel,Diesel,Class6_Box,DUTY_SUB_03,D2_Suburban,138.5,6.8,2720,0.68,20,292,07:15,14:03,16.9,26.5,Dry,0.0,Completed,0,0.0,38.4,,,,,,,,,None,,Not_Installed_Diesel,Quarter_End,2025-08-11T14:33:00,,2025-11-15T00:00:00
2025-08-11,D-07,Diesel,Diesel,Class6_Box,DUTY_SUB_04,D2_Suburban,137.7,6.6,2840,0.71,17,271,07:15,13:51,17.1,26.5,Dry,0.0,Completed,0,0.0,37.9,,,,,,,,,None,,Not_Installed_Diesel,Quarter_End,2025-08-11T13:59:00,,2025-11-15T00:00:00
2025-08-11,D-08,Diesel,Diesel,Class6_Box,DUTY_REG_01,D3_Regional,207.2,7.7,3040,0.76,7,524,07:00,14:42,16.3,26.5,Dry,0.0,Completed,0,0.0,57.1,,,,,,,,,None,,Not_Installed_Diesel,Quarter_End,2025-08-11T14:59:00,,2025-11-15T00:00:00
2025-08-11,D-09,Diesel,Diesel,Class6_Box,DUTY_REG_02,D3_Regional,208.2,7.8,2600,0.65,3,496,07:30,15:18,15.7,26.5,Dry,0.0,Completed,0,0.0,56.8,,,,,,,,,None,,Not_Installed_Diesel,Quarter_End,2025-08-11T15:48:00,,2025-11-15T00:00:00
2025-08-11,D-10,Diesel,Diesel,Class6_Box,DUTY_REG_03,D3_Regional,213.0,8.1,2600,0.65,4,564,07:30,15:36,15.4,26.5,Dry,0.0,Completed,0,0.0,56.6,,,,,,,,,None,,Not_Installed_Diesel,Quarter_End,2025-08-11T15:59:00,,2025-11-15T00:00:00
2025-08-12,EV-01,Electric,Electric,Class6_Box,DUTY_URB_01,D1_Urban,85.8,5.9,2720,0.68,29,125,07:15,13:09,17.9,21.5,Dry,0.0,Completed,0,0.0,,146.3,9.7,156.0,177.3,100.0,22.0,CHG-01,50.0,Enhanced_Telemetry,146.6,Received_Valid,Immediate_CAN_Bus,2025-08-12T13:39:00,2025-08-12T13:14:00,2025-08-12T13:14:00
2025-08-12,EV-02,Electric,Electric,Class6_Box,DUTY_URB_02,D1_Urban,85.5,6.3,2840,0.71,26,138,07:30,13:48,17.2,21.5,Dry,0.0,Completed,0,0.0,,153.7,10.2,163.9,186.2,100.0,18.0,CHG-02,50.0,Enhanced_Telemetry,153.8,Received_Valid,Immediate_CAN_Bus,2025-08-12T13:59:00,2025-08-12T13:53:00,2025-08-12T13:53:00
2025-08-12,EV-03,Electric,Electric,Class6_Box,DUTY_URB_03,D1_Urban,86.0,5.7,3040,0.76,29,148,07:15,12:57,18.1,21.5,Dry,0.0,Completed,0,0.0,,147.0,12.3,159.3,181.0,100.0,20.3,CHG-01,50.0,Baseline_Meter,,Not_Subscribed_Baseline,Quarter_End,2025-08-12T12:59:00,,2025-11-15T00:00:00
2025-08-12,D-04,Diesel,Diesel,Class6_Box,DUTY_SUB_01,D2_Suburban,131.6,6.3,2560,0.64,16,281,07:15,13:33,17.4,21.5,Dry,0.0,Completed,0,0.0,36.3,,,,,,,,,None,,Not_Installed_Diesel,Quarter_End,2025-08-12T13:59:00,,2025-11-15T00:00:00
2025-08-12,D-05,Diesel,Diesel,Class6_Box,DUTY_SUB_02,D2_Suburban,136.4,6.4,3120,0.78,13,293,07:30,13:54,17.1,21.5,Dry,0.0,Completed,0,0.0,38.4,,,,,,,,,None,,Not_Installed_Diesel,Quarter_End,2025-08-12T13:59:00,,2025-11-15T00:00:00
2025-08-12,D-06,Diesel,Diesel,Class6_Box,DUTY_SUB_03,D2_Suburban,135.0,6.7,2840,0.71,15,307,07:00,13:42,17.3,21.5,Dry,0.0,Completed,0,0.0,38.3,,,,,,,,,None,,Not_Installed_Diesel,Quarter_End,2025-08-12T13:59:00,,2025-11-15T00:00:00
2025-08-12,D-07,Diesel,Diesel,Class6_Box,DUTY_SUB_04,D2_Suburban,139.3,6.2,3080,0.77,13,287,07:15,13:27,17.6,21.5,Dry,0.0,Completed,0,0.0,37.4,,,,,,,,,None,,Not_Installed_Diesel,Quarter_End,2025-08-12T13:57:00,,2025-11-15T00:00:00
2025-08-12,D-08,Diesel,Diesel,Class6_Box,DUTY_REG_01,D3_Regional,209.2,8.0,3320,0.83,4,500,07:15,15:15,15.8,21.5,Dry,0.0,Completed,0,0.0,57.7,,,,,,,,,None,,Not_Installed_Diesel,Quarter_End,2025-08-12T15:45:00,,2025-11-15T00:00:00
2025-08-12,D-09,Diesel,Diesel,Class6_Box,DUTY_REG_02,D3_Regional,208.9,7.8,3200,0.80,8,488,07:15,15:03,15.9,21.5,Dry,0.0,Completed,0,0.0,57.8,,,,,,,,,None,,Not_Installed_Diesel,Quarter_End,2025-08-12T15:33:00,,2025-11-15T00:00:00
2025-08-12,D-10,Diesel,Diesel,Class6_Box,DUTY_REG_03,D3_Regional,209.4,7.8,3080,0.77,6,543,07:30,15:18,15.7,21.5,Dry,0.0,Completed,0,0.0,57.2,,,,,,,,,None,,Not_Installed_Diesel,Quarter_End,2025-08-12T15:48:00,,2025-11-15T00:00:00
2025-08-13,EV-01,Electric,Electric,Class6_Box,DUTY_URB_01,D1_Urban,88.3,5.5,2640,0.66,27,154,07:15,12:45,18.2,30.8,Dry,0.0,Completed,0,0.0,,150.0,14.8,164.8,187.3,100.0,17.6,CHG-01,50.0,Enhanced_Telemetry,149.7,Received_Valid,Immediate_CAN_Bus,2025-08-13T12:59:00,2025-08-13T12:50:00,2025-08-13T12:50:00
2025-08-13,EV-02,Electric,Electric,Class6_Box,DUTY_URB_02,D1_Urban,85.2,5.6,2840,0.71,29,132,07:15,12:51,18.1,30.8,Dry,0.0,Completed,0,0.0,,150.9,13.8,164.7,187.2,100.0,17.7,CHG-02,50.0,Enhanced_Telemetry,151.3,Received_Valid,Immediate_CAN_Bus,2025-08-13T12:59:00,2025-08-13T12:56:00,2025-08-13T12:56:00
2025-08-13,EV-03,Electric,Electric,Class6_Box,DUTY_URB_03,D1_Urban,88.2,5.7,3080,0.77,31,142,07:30,13:12,17.8,30.8,Dry,0.0,Completed,0,0.0,,150.1,12.5,162.6,184.8,100.0,18.7,CHG-01,50.0,Baseline_Meter,,Not_Subscribed_Baseline,Quarter_End,2025-08-13T13:42:00,,2025-11-15T00:00:00
2025-08-13,D-04,Diesel,Diesel,Class6_Box,DUTY_SUB_01,D2_Suburban,133.2,6.2,2560,0.64,16,281,07:30,13:42,17.3,30.8,Dry,0.0,Completed,0,0.0,38.0,,,,,,,,,None,,Not_Installed_Diesel,Quarter_End,2025-08-13T13:59:00,,2025-11-15T00:00:00
2025-08-13,D-05,Diesel,Diesel,Class6_Box,DUTY_SUB_02,D2_Suburban,134.5,6.6,3280,0.82,15,270,07:30,14:06,16.9,30.8,Dry,0.0,Completed,0,0.0,37.6,,,,,,,,,None,,Not_Installed_Diesel,Quarter_End,2025-08-13T14:36:00,,2025-11-15T00:00:00
2025-08-13,D-06,Diesel,Diesel,Class6_Box,DUTY_SUB_03,D2_Suburban,136.8,6.5,2880,0.72,16,310,07:30,14:00,17.0,30.8,Dry,0.0,Completed,0,0.0,38.1,,,,,,,,,None,,Not_Installed_Diesel,Quarter_End,2025-08-13T14:30:00,,2025-11-15T00:00:00
2025-08-13,D-07,Diesel,Diesel,Class6_Box,DUTY_SUB_04,D2_Suburban,135.4,6.4,2440,0.61,12,275,07:00,13:24,17.6,30.8,Dry,0.0,Completed,0,0.0,38.6,,,,,,,,,None,,Not_Installed_Diesel,Quarter_End,2025-08-13T13:54:00,,2025-11-15T00:00:00
2025-08-13,D-08,Diesel,Diesel,Class6_Box,DUTY_REG_01,D3_Regional,209.4,8.2,2680,0.67,7,540,07:30,15:41,15.3,30.8,Dry,0.0,Completed,0,0.0,56.7,,,,,,,,,None,,Not_Installed_Diesel,Quarter_End,2025-08-13T15:59:00,,2025-11-15T00:00:00
2025-08-13,D-09,Diesel,Diesel,Class6_Box,DUTY_REG_02,D3_Regional,207.9,7.8,3040,0.76,8,495,07:30,15:18,15.7,30.8,Dry,0.0,Completed,0,0.0,56.5,,,,,,,,,None,,Not_Installed_Diesel,Quarter_End,2025-08-13T15:48:00,,2025-11-15T00:00:00
2025-08-13,D-10,Diesel,Diesel,Class6_Box,DUTY_REG_03,D3_Regional,212.1,7.7,3120,0.78,10,543,07:00,14:42,16.3,30.8,Dry,0.0,Completed,0,0.0,56.0,,,,,,,,,None,,Not_Installed_Diesel,Quarter_End,2025-08-13T14:59:00,,2025-11-15T00:00:00
2025-08-14,EV-01,Electric,Electric,Class6_Box,DUTY_URB_01,D1_Urban,86.9,5.6,2760,0.69,28,120,07:30,13:06,17.9,27.1,Dry,0.0,Completed,0,0.0,,158.7,11.0,169.7,192.8,100.0,15.2,CHG-01,50.0,Enhanced_Telemetry,157.7,Received_Valid,Immediate_CAN_Bus,2025-08-14T13:36:00,2025-08-14T13:11:00,2025-08-14T13:11:00
2025-08-14,EV-02,Electric,Electric,Class6_Box,DUTY_URB_02,D1_Urban,83.2,5.4,3000,0.75,25,145,07:15,12:39,18.4,27.1,Dry,0.0,Completed,0,0.0,,146.5,11.9,158.4,180.0,100.0,20.8,CHG-02,50.0,Enhanced_Telemetry,146.7,Received_Valid,Immediate_CAN_Bus,2025-08-14T12:59:00,2025-08-14T12:44:00,2025-08-14T12:44:00
2025-08-14,EV-03,Electric,Electric,Class6_Box,DUTY_URB_03,D1_Urban,85.7,5.8,2960,0.74,33,135,07:00,12:48,18.2,27.1,Dry,0.0,Completed,0,0.0,,147.9,12.7,160.6,182.5,100.0,19.7,CHG-01,50.0,Baseline_Meter,,Not_Subscribed_Baseline,Quarter_End,2025-08-14T12:59:00,,2025-11-15T00:00:00
2025-08-14,D-04,Diesel,Diesel,Class6_Box,DUTY_SUB_01,D2_Suburban,135.5,6.6,2840,0.71,17,295,07:30,14:06,16.9,27.1,Dry,0.0,Completed,0,0.0,37.7,,,,,,,,,None,,Not_Installed_Diesel,Quarter_End,2025-08-14T14:36:00,,2025-11-15T00:00:00
2025-08-14,D-05,Diesel,Diesel,Class6_Box,DUTY_SUB_02,D2_Suburban,137.7,6.3,2920,0.73,16,286,07:15,13:33,17.4,27.1,Dry,0.0,Completed,0,0.0,39.1,,,,,,,,,None,,Not_Installed_Diesel,Quarter_End,2025-08-14T13:59:00,,2025-11-15T00:00:00
2025-08-14,D-06,Diesel,Diesel,Class6_Box,DUTY_SUB_03,D2_Suburban,135.4,6.7,2880,0.72,15,322,07:00,13:42,17.3,27.1,Dry,0.0,Completed,0,0.0,39.5,,,,,,,,,None,,Not_Installed_Diesel,Quarter_End,2025-08-14T13:59:00,,2025-11-15T00:00:00
2025-08-14,D-07,Diesel,Diesel,Class6_Box,DUTY_SUB_04,D2_Suburban,137.0,6.8,2960,0.74,16,295,07:15,14:03,16.9,27.1,Dry,0.0,Late,0,0.0,36.7,,,,,,,,,None,,Not_Installed_Diesel,Quarter_End,2025-08-14T14:33:00,,2025-11-15T00:00:00
2025-08-14,D-08,Diesel,Diesel,Class6_Box,DUTY_REG_01,D3_Regional,206.2,7.5,2440,0.61,4,540,07:30,15:00,16.0,27.1,Dry,0.0,Completed,0,0.0,57.1,,,,,,,,,None,,Not_Installed_Diesel,Quarter_End,2025-08-14T15:30:00,,2025-11-15T00:00:00
2025-08-14,D-09,Diesel,Diesel,Class6_Box,DUTY_REG_02,D3_Regional,207.7,7.4,3240,0.81,2,485,07:00,14:24,16.6,27.1,Dry,0.0,Completed,0,0.0,56.6,,,,,,,,,None,,Not_Installed_Diesel,Quarter_End,2025-08-14T14:54:00,,2025-11-15T00:00:00
2025-08-14,D-10,Diesel,Diesel,Class6_Box,DUTY_REG_03,D3_Regional,210.7,7.8,2720,0.68,7,541,07:15,15:03,15.9,27.1,Dry,0.0,Completed,0,0.0,57.3,,,,,,,,,None,,Not_Installed_Diesel,Quarter_End,2025-08-14T15:33:00,,2025-11-15T00:00:00
2025-08-15,EV-01,Electric,Electric,Class6_Box,DUTY_URB_01,D1_Urban,84.0,5.6,2880,0.72,29,137,07:15,12:51,18.1,27.5,Dry,0.0,Completed,0,0.0,,146.0,11.9,157.9,179.4,100.0,21.0,CHG-01,50.0,Enhanced_Telemetry,146.2,Received_Valid,Immediate_CAN_Bus,2025-08-15T12:59:00,2025-08-15T12:56:00,2025-08-15T12:56:00
2025-08-15,EV-02,Electric,Electric,Class6_Box,DUTY_URB_02,D1_Urban,84.0,5.9,2840,0.71,25,151,07:30,13:24,17.6,27.5,Dry,0.0,Completed,0,0.0,,145.0,12.8,157.8,179.3,100.0,21.1,CHG-02,50.0,Enhanced_Telemetry,146.2,Received_Valid,Immediate_CAN_Bus,2025-08-15T13:54:00,2025-08-15T13:29:00,2025-08-15T13:29:00
2025-08-15,EV-03,Electric,Electric,Class6_Box,DUTY_URB_03,D1_Urban,84.5,5.8,2680,0.67,31,153,07:00,12:48,18.2,27.5,Dry,0.0,Completed,0,0.0,,146.9,13.6,160.5,182.4,100.0,19.8,CHG-01,50.0,Baseline_Meter,,Not_Subscribed_Baseline,Quarter_End,2025-08-15T12:59:00,,2025-11-15T00:00:00
2025-08-15,D-04,Diesel,Diesel,Class6_Box,DUTY_SUB_01,D2_Suburban,134.1,6.4,2800,0.70,19,291,07:00,13:24,17.6,27.5,Dry,0.0,Completed,0,0.0,38.0,,,,,,,,,None,,Not_Installed_Diesel,Quarter_End,2025-08-15T13:54:00,,2025-11-15T00:00:00
2025-08-15,D-05,Diesel,Diesel,Class6_Box,DUTY_SUB_02,D2_Suburban,134.2,6.0,2560,0.64,16,295,07:15,13:15,17.8,27.5,Dry,0.0,Completed,0,0.0,37.9,,,,,,,,,None,,Not_Installed_Diesel,Quarter_End,2025-08-15T13:45:00,,2025-11-15T00:00:00
2025-08-15,D-06,Diesel,Diesel,Class6_Box,DUTY_SUB_03,D2_Suburban,137.1,6.5,2880,0.72,18,301,07:00,13:30,17.5,27.5,Dry,0.0,Completed,0,0.0,37.3,,,,,,,,,None,,Not_Installed_Diesel,Quarter_End,2025-08-15T13:59:00,,2025-11-15T00:00:00
2025-08-15,D-07,Diesel,Diesel,Class6_Box,DUTY_SUB_04,D2_Suburban,133.0,6.4,2720,0.68,16,289,07:30,13:54,17.1,27.5,Dry,0.0,Completed,0,0.0,38.4,,,,,,,,,None,,Not_Installed_Diesel,Quarter_End,2025-08-15T13:59:00,,2025-11-15T00:00:00
2025-08-15,D-08,Diesel,Diesel,Class6_Box,DUTY_REG_01,D3_Regional,208.4,7.9,2960,0.74,9,524,07:15,15:09,15.8,27.5,Dry,0.0,Completed,0,0.0,56.8,,,,,,,,,None,,Not_Installed_Diesel,Quarter_End,2025-08-15T15:39:00,,2025-11-15T00:00:00
2025-08-15,D-09,Diesel,Diesel,Class6_Box,DUTY_REG_02,D3_Regional,208.6,7.8,2680,0.67,3,477,07:00,14:48,16.2,27.5,Dry,0.0,Completed,0,0.0,57.5,,,,,,,,,None,,Not_Installed_Diesel,Quarter_End,2025-08-15T14:59:00,,2025-11-15T00:00:00
2025-08-15,D-10,Diesel,Diesel,Class6_Box,DUTY_REG_03,D3_Regional,211.9,8.2,2760,0.69,9,533,07:00,15:11,15.8,27.5,Dry,0.0,Completed,0,0.0,56.9,,,,,,,,,None,,Not_Installed_Diesel,Quarter_End,2025-08-15T15:41:00,,2025-11-15T00:00:00
2025-08-18,EV-01,Electric,Electric,Class6_Box,DUTY_URB_01,D1_Urban,83.5,5.8,2680,0.67,30,157,07:00,12:48,18.2,22.3,Dry,0.0,Completed,0,0.0,,147.1,9.5,156.6,178.0,100.0,21.7,CHG-01,50.0,Enhanced_Telemetry,147.3,Received_Valid,Immediate_CAN_Bus,2025-08-18T12:59:00,2025-08-18T12:53:00,2025-08-18T12:53:00
2025-08-18,EV-02,Electric,Electric,Class6_Box,DUTY_URB_02,D1_Urban,86.9,5.7,2920,0.73,26,137,07:15,12:57,18.1,22.3,Dry,0.0,Completed,0,0.0,,150.8,9.0,159.8,181.6,100.0,20.1,CHG-02,50.0,Enhanced_Telemetry,151.6,Received_Valid,Immediate_CAN_Bus,2025-08-18T12:59:00,2025-08-18T12:59:00,2025-08-18T12:59:00
2025-08-18,EV-03,Electric,Electric,Class6_Box,DUTY_URB_03,D1_Urban,82.1,5.5,3160,0.79,32,130,07:30,13:00,18.0,22.3,Dry,0.0,Completed,0,0.0,,146.8,9.2,156.0,177.3,100.0,22.0,CHG-01,50.0,Baseline_Meter,,Not_Subscribed_Baseline,Quarter_End,2025-08-18T13:30:00,,2025-11-15T00:00:00
2025-08-18,D-04,Diesel,Diesel,Class6_Box,DUTY_SUB_01,D2_Suburban,134.5,6.4,2880,0.72,15,282,07:00,13:24,17.6,22.3,Dry,0.0,Completed,0,0.0,38.0,,,,,,,,,None,,Not_Installed_Diesel,Quarter_End,2025-08-18T13:54:00,,2025-11-15T00:00:00
2025-08-18,D-05,Diesel,Diesel,Class6_Box,DUTY_SUB_02,D2_Suburban,136.5,6.2,3160,0.79,16,309,07:15,13:27,17.6,22.3,Dry,0.0,Completed,0,0.0,37.6,,,,,,,,,None,,Not_Installed_Diesel,Quarter_End,2025-08-18T13:57:00,,2025-11-15T00:00:00
2025-08-18,D-06,Diesel,Diesel,Class6_Box,DUTY_SUB_03,D2_Suburban,134.9,6.6,2400,0.60,16,304,07:15,13:51,17.1,22.3,Dry,0.0,Completed,0,0.0,37.4,,,,,,,,,None,,Not_Installed_Diesel,Quarter_End,2025-08-18T13:59:00,,2025-11-15T00:00:00
2025-08-18,D-07,Diesel,Diesel,Class6_Box,DUTY_SUB_04,D2_Suburban,134.4,6.4,3160,0.79,15,270,07:15,13:39,17.4,22.3,Dry,0.0,Completed,0,0.0,38.6,,,,,,,,,None,,Not_Installed_Diesel,Quarter_End,2025-08-18T13:59:00,,2025-11-15T00:00:00
2025-08-18,D-08,Diesel,Diesel,Class6_Box,DUTY_REG_01,D3_Regional,207.5,7.4,2840,0.71,8,535,07:00,14:24,16.6,22.3,Dry,0.0,Completed,0,0.0,57.3,,,,,,,,,None,,Not_Installed_Diesel,Quarter_End,2025-08-18T14:54:00,,2025-11-15T00:00:00
2025-08-18,D-09,Diesel,Diesel,Class6_Box,DUTY_REG_02,D3_Regional,213.4,7.4,2560,0.64,7,504,07:30,14:54,16.1,22.3,Dry,0.0,Completed,0,0.0,56.9,,,,,,,,,None,,Not_Installed_Diesel,Quarter_End,2025-08-18T14:59:00,,2025-11-15T00:00:00
2025-08-18,D-10,Diesel,Diesel,Class6_Box,DUTY_REG_03,D3_Regional,212.1,7.8,2840,0.71,9,541,07:00,14:48,16.2,22.3,Dry,0.0,Completed,0,0.0,56.9,,,,,,,,,None,,Not_Installed_Diesel,Quarter_End,2025-08-18T14:59:00,,2025-11-15T00:00:00
2025-08-19,EV-01,Electric,Electric,Class6_Box,DUTY_URB_01,D1_Urban,84.3,6.2,2640,0.66,30,143,07:00,13:12,17.8,29.5,Dry,0.0,Completed,0,0.0,,152.9,12.9,165.8,188.4,100.0,17.1,CHG-01,50.0,Enhanced_Telemetry,152.7,Received_Valid,Immediate_CAN_Bus,2025-08-19T13:42:00,2025-08-19T13:17:00,2025-08-19T13:17:00
2025-08-19,EV-02,Electric,Electric,Class6_Box,DUTY_URB_02,D1_Urban,84.9,5.5,3400,0.85,26,154,07:00,12:30,18.5,29.5,Dry,0.0,Completed,0,0.0,,142.6,11.8,154.4,175.5,100.0,22.8,CHG-02,50.0,Enhanced_Telemetry,143.1,Received_Valid,Immediate_CAN_Bus,2025-08-19T12:59:00,2025-08-19T12:35:00,2025-08-19T12:35:00
2025-08-19,EV-03,Electric,Electric,Class6_Box,DUTY_URB_03,D1_Urban,87.7,6.2,3200,0.80,32,146,07:30,13:42,17.3,29.5,Dry,0.0,Completed,0,0.0,,148.0,12.3,160.3,182.2,100.0,19.8,CHG-01,50.0,Baseline_Meter,,Not_Subscribed_Baseline,Quarter_End,2025-08-19T13:59:00,,2025-11-15T00:00:00
2025-08-19,D-04,Diesel,Diesel,Class6_Box,DUTY_SUB_01,D2_Suburban,136.3,7.0,2880,0.72,19,265,07:30,14:30,16.5,29.5,Dry,0.0,Completed,0,0.0,38.3,,,,,,,,,None,,Not_Installed_Diesel,Quarter_End,2025-08-19T14:59:00,,2025-11-15T00:00:00
2025-08-19,D-05,Diesel,Diesel,Class6_Box,DUTY_SUB_02,D2_Suburban,134.2,6.7,2920,0.73,12,274,07:15,13:57,17.1,29.5,Dry,0.0,Completed,0,0.0,38.0,,,,,,,,,None,,Not_Installed_Diesel,Quarter_End,2025-08-19T13:59:00,,2025-11-15T00:00:00
2025-08-19,D-06,Diesel,Diesel,Class6_Box,DUTY_SUB_03,D2_Suburban,137.7,6.6,2800,0.70,15,302,07:15,13:51,17.1,29.5,Dry,0.0,Completed,0,0.0,38.2,,,,,,,,,None,,Not_Installed_Diesel,Quarter_End,2025-08-19T13:59:00,,2025-11-15T00:00:00
2025-08-19,D-07,Diesel,Diesel,Class6_Box,DUTY_SUB_04,D2_Suburban,133.2,6.6,2920,0.73,15,280,07:00,13:36,17.4,29.5,Dry,0.0,Completed,0,0.0,37.4,,,,,,,,,None,,Not_Installed_Diesel,Quarter_End,2025-08-19T13:59:00,,2025-11-15T00:00:00
2025-08-19,D-08,Diesel,Diesel,Class6_Box,DUTY_REG_01,D3_Regional,207.7,7.6,2800,0.70,9,537,07:00,14:36,16.4,29.5,Dry,0.0,Completed,0,0.0,57.2,,,,,,,,,None,,Not_Installed_Diesel,Quarter_End,2025-08-19T14:59:00,,2025-11-15T00:00:00
2025-08-19,D-09,Diesel,Diesel,Class6_Box,DUTY_REG_02,D3_Regional,209.8,7.8,2920,0.73,2,489,07:00,14:48,16.2,29.5,Dry,0.0,Completed,0,0.0,57.1,,,,,,,,,None,,Not_Installed_Diesel,Quarter_End,2025-08-19T14:59:00,,2025-11-15T00:00:00
2025-08-19,D-10,Diesel,Diesel,Class6_Box,DUTY_REG_03,D3_Regional,211.7,7.7,2760,0.69,7,551,07:00,14:42,16.3,29.5,Dry,0.0,Completed,0,0.0,56.0,,,,,,,,,None,,Not_Installed_Diesel,Quarter_End,2025-08-19T14:59:00,,2025-11-15T00:00:00
2025-08-20,EV-01,Electric,Electric,Class6_Box,DUTY_URB_01,D1_Urban,84.0,5.8,2920,0.73,33,134,07:15,13:03,17.9,26.0,Dry,0.0,Completed,0,0.0,,147.0,8.8,155.8,177.0,100.0,22.1,CHG-01,50.0,Enhanced_Telemetry,147.9,Received_Valid,Immediate_CAN_Bus,2025-08-20T13:33:00,2025-08-20T13:08:00,2025-08-20T13:08:00
2025-08-20,EV-02,Electric,Electric,Class6_Box,DUTY_URB_02,D1_Urban,83.6,5.7,3160,0.79,25,122,07:30,13:12,17.8,26.0,Dry,0.0,Completed,0,0.0,,151.3,10.3,161.6,183.6,100.0,19.2,CHG-02,50.0,Enhanced_Telemetry,150.7,Received_Valid,Immediate_CAN_Bus,2025-08-20T13:42:00,2025-08-20T13:17:00,2025-08-20T13:17:00
2025-08-20,EV-03,Electric,Electric,Class6_Box,DUTY_URB_03,D1_Urban,85.9,5.6,2880,0.72,31,145,07:00,12:36,18.4,26.0,Dry,0.0,Completed,0,0.0,,156.1,11.2,167.3,190.1,100.0,16.3,CHG-01,50.0,Baseline_Meter,,Not_Subscribed_Baseline,Quarter_End,2025-08-20T12:59:00,,2025-11-15T00:00:00
2025-08-20,D-04,Diesel,Diesel,Class6_Box,DUTY_SUB_01,D2_Suburban,133.6,6.0,2680,0.67,19,291,07:00,13:00,18.0,26.0,Dry,0.0,Completed,0,0.0,36.6,,,,,,,,,None,,Not_Installed_Diesel,Quarter_End,2025-08-20T13:30:00,,2025-11-15T00:00:00
2025-08-20,D-05,Diesel,Diesel,Class6_Box,DUTY_SUB_02,D2_Suburban,134.8,6.6,3040,0.76,18,307,07:00,13:36,17.4,26.0,Dry,0.0,Completed,0,0.0,37.7,,,,,,,,,None,,Not_Installed_Diesel,Quarter_End,2025-08-20T13:59:00,,2025-11-15T00:00:00
2025-08-20,D-06,Diesel,Diesel,Class6_Box,DUTY_SUB_03,D2_Suburban,135.2,6.4,3080,0.77,19,316,07:15,13:39,17.4,26.0,Dry,0.0,Completed,0,0.0,36.6,,,,,,,,,None,,Not_Installed_Diesel,Quarter_End,2025-08-20T13:59:00,,2025-11-15T00:00:00
2025-08-20,D-07,Diesel,Diesel,Class6_Box,DUTY_SUB_04,D2_Suburban,134.1,6.3,2600,0.65,17,271,07:30,13:48,17.2,26.0,Dry,0.0,Completed,0,0.0,37.3,,,,,,,,,None,,Not_Installed_Diesel,Quarter_End,2025-08-20T13:59:00,,2025-11-15T00:00:00
2025-08-20,D-08,Diesel,Diesel,Class6_Box,DUTY_REG_01,D3_Regional,211.7,8.0,2680,0.67,9,530,07:30,15:30,15.5,26.0,Dry,0.0,Completed,0,0.0,56.7,,,,,,,,,None,,Not_Installed_Diesel,Quarter_End,2025-08-20T15:59:00,,2025-11-15T00:00:00
2025-08-20,D-09,Diesel,Diesel,Class6_Box,DUTY_REG_02,D3_Regional,211.5,7.6,2640,0.66,4,494,07:30,15:06,15.9,26.0,Dry,0.0,Completed,0,0.0,57.4,,,,,,,,,None,,Not_Installed_Diesel,Quarter_End,2025-08-20T15:36:00,,2025-11-15T00:00:00
2025-08-20,D-10,Diesel,Diesel,Class6_Box,DUTY_REG_03,D3_Regional,211.3,7.5,3000,0.75,4,541,07:00,14:30,16.5,26.0,Dry,0.0,Completed,0,0.0,57.0,,,,,,,,,None,,Not_Installed_Diesel,Quarter_End,2025-08-20T14:59:00,,2025-11-15T00:00:00
2025-08-21,EV-01,Electric,Electric,Class6_Box,DUTY_URB_01,D1_Urban,83.3,5.1,3000,0.75,31,146,07:00,12:06,18.9,26.9,Dry,0.0,Completed,0,0.0,,140.4,10.6,151.0,171.6,100.0,24.5,CHG-01,50.0,Enhanced_Telemetry,139.5,Received_Valid,Immediate_CAN_Bus,2025-08-21T12:36:00,2025-08-21T12:11:00,2025-08-21T12:11:00
2025-08-21,EV-02,Electric,Electric,Class6_Box,DUTY_URB_02,D1_Urban,84.7,5.7,2960,0.74,30,129,07:30,13:12,17.8,26.9,Dry,0.0,Completed,0,0.0,,149.2,12.0,161.2,183.2,100.0,19.4,CHG-02,50.0,Enhanced_Telemetry,149.9,Received_Valid,Immediate_CAN_Bus,2025-08-21T13:42:00,2025-08-21T13:17:00,2025-08-21T13:17:00
2025-08-21,EV-03,Electric,Electric,Class6_Box,DUTY_URB_03,D1_Urban,83.9,6.4,2720,0.68,35,132,07:00,13:24,17.6,26.9,Dry,0.0,Completed,0,0.0,,146.9,13.7,160.6,182.5,100.0,19.7,CHG-01,50.0,Baseline_Meter,,Not_Subscribed_Baseline,Quarter_End,2025-08-21T13:54:00,,2025-11-15T00:00:00
2025-08-21,D-04,Diesel,Diesel,Class6_Box,DUTY_SUB_01,D2_Suburban,136.3,6.9,2960,0.74,14,269,07:00,13:54,17.1,26.9,Dry,0.0,Completed,0,0.0,38.6,,,,,,,,,None,,Not_Installed_Diesel,Quarter_End,2025-08-21T13:59:00,,2025-11-15T00:00:00
2025-08-21,D-05,Diesel,Diesel,Class6_Box,DUTY_SUB_02,D2_Suburban,135.7,6.4,2720,0.68,13,270,07:00,13:24,17.6,26.9,Dry,0.0,Completed,0,0.0,37.9,,,,,,,,,None,,Not_Installed_Diesel,Quarter_End,2025-08-21T13:54:00,,2025-11-15T00:00:00
2025-08-21,D-06,Diesel,Diesel,Class6_Box,DUTY_SUB_03,D2_Suburban,135.8,6.3,2840,0.71,18,311,07:00,13:18,17.7,26.9,Dry,0.0,Completed,0,0.0,38.7,,,,,,,,,None,,Not_Installed_Diesel,Quarter_End,2025-08-21T13:48:00,,2025-11-15T00:00:00
2025-08-21,D-07,Diesel,Diesel,Class6_Box,DUTY_SUB_04,D2_Suburban,133.8,6.5,3000,0.75,15,275,07:15,13:45,17.2,26.9,Dry,0.0,Completed,0,0.0,37.2,,,,,,,,,None,,Not_Installed_Diesel,Quarter_End,2025-08-21T13:59:00,,2025-11-15T00:00:00
2025-08-21,D-08,Diesel,Diesel,Class6_Box,DUTY_REG_01,D3_Regional,211.2,8.1,2600,0.65,6,514,07:15,15:21,15.7,26.9,Dry,0.0,Completed,0,0.0,57.0,,,,,,,,,None,,Not_Installed_Diesel,Quarter_End,2025-08-21T15:51:00,,2025-11-15T00:00:00
2025-08-21,D-09,Diesel,Diesel,Class6_Box,DUTY_REG_02,D3_Regional,209.6,7.9,2760,0.69,5,492,07:30,15:24,15.6,26.9,Dry,0.0,Completed,0,0.0,57.1,,,,,,,,,None,,Not_Installed_Diesel,Quarter_End,2025-08-21T15:54:00,,2025-11-15T00:00:00
2025-08-21,D-10,Diesel,Diesel,Class6_Box,DUTY_REG_03,D3_Regional,211.5,8.4,3120,0.78,10,556,07:00,15:24,15.6,26.9,Dry,0.0,Completed,0,0.0,57.5,,,,,,,,,None,,Not_Installed_Diesel,Quarter_End,2025-08-21T15:54:00,,2025-11-15T00:00:00
2025-08-22,EV-01,Electric,Electric,Class6_Box,DUTY_URB_01,D1_Urban,85.1,6.2,2800,0.70,33,129,07:30,13:42,17.3,24.9,Windy,0.0,Completed,0,0.0,,147.2,10.7,157.9,179.4,100.0,21.0,CHG-01,50.0,Enhanced_Telemetry,146.5,Received_Valid,Immediate_CAN_Bus,2025-08-22T13:59:00,2025-08-22T13:47:00,2025-08-22T13:47:00
2025-08-22,EV-02,Electric,Electric,Class6_Box,DUTY_URB_02,D1_Urban,85.0,5.7,3160,0.79,30,150,07:15,12:57,18.1,24.9,Windy,0.0,Completed,0,0.0,,150.7,11.4,162.1,184.2,100.0,19.0,CHG-02,50.0,Enhanced_Telemetry,151.3,Received_Valid,Immediate_CAN_Bus,2025-08-22T12:59:00,2025-08-22T12:59:00,2025-08-22T12:59:00
2025-08-22,EV-03,Electric,Electric,Class6_Box,DUTY_URB_03,D1_Urban,85.2,6.2,2840,0.71,35,139,07:30,13:42,17.3,24.9,Windy,0.0,Completed,0,0.0,,147.1,12.7,159.8,181.6,100.0,20.1,CHG-01,50.0,Baseline_Meter,,Not_Subscribed_Baseline,Quarter_End,2025-08-22T13:59:00,,2025-11-15T00:00:00
2025-08-22,D-04,Diesel,Diesel,Class6_Box,DUTY_SUB_01,D2_Suburban,131.2,6.3,3200,0.80,13,283,07:30,13:48,17.2,24.9,Windy,0.0,Completed,0,0.0,38.1,,,,,,,,,None,,Not_Installed_Diesel,Quarter_End,2025-08-22T13:59:00,,2025-11-15T00:00:00
2025-08-22,D-05,Diesel,Diesel,Class6_Box,DUTY_SUB_02,D2_Suburban,136.9,6.7,2840,0.71,16,290,07:15,13:57,17.1,24.9,Windy,0.0,Completed,0,0.0,37.8,,,,,,,,,None,,Not_Installed_Diesel,Quarter_End,2025-08-22T13:59:00,,2025-11-15T00:00:00
2025-08-22,D-06,Diesel,Diesel,Class6_Box,DUTY_SUB_03,D2_Suburban,135.9,6.9,3360,0.84,17,318,07:30,14:24,16.6,24.9,Windy,0.0,Completed,0,0.0,38.2,,,,,,,,,None,,Not_Installed_Diesel,Quarter_End,2025-08-22T14:54:00,,2025-11-15T00:00:00
2025-08-22,D-07,Diesel,Diesel,Class6_Box,DUTY_SUB_04,D2_Suburban,132.0,6.8,2880,0.72,14,274,07:15,14:03,16.9,24.9,Windy,0.0,Completed,0,0.0,38.0,,,,,,,,,None,,Not_Installed_Diesel,Quarter_End,2025-08-22T14:33:00,,2025-11-15T00:00:00
2025-08-22,D-08,Diesel,Diesel,Class6_Box,DUTY_REG_01,D3_Regional,210.6,7.9,2720,0.68,4,511,07:00,14:54,16.1,24.9,Windy,0.0,Completed,0,0.0,57.5,,,,,,,,,None,,Not_Installed_Diesel,Quarter_End,2025-08-22T14:59:00,,2025-11-15T00:00:00
2025-08-22,D-09,Diesel,Diesel,Class6_Box,DUTY_REG_02,D3_Regional,210.7,8.0,2920,0.73,6,506,07:00,15:00,16.0,24.9,Windy,0.0,Completed,0,0.0,57.1,,,,,,,,,None,,Not_Installed_Diesel,Quarter_End,2025-08-22T15:30:00,,2025-11-15T00:00:00
2025-08-22,D-10,Diesel,Diesel,Class6_Box,DUTY_REG_03,D3_Regional,210.4,8.1,2840,0.71,9,563,07:00,15:06,15.9,24.9,Windy,0.0,Completed,0,0.0,57.6,,,,,,,,,None,,Not_Installed_Diesel,Quarter_End,2025-08-22T15:36:00,,2025-11-15T00:00:00
2025-08-25,EV-01,Electric,Electric,Class6_Box,DUTY_URB_01,D1_Urban,83.3,5.9,2840,0.71,32,130,07:15,13:09,17.9,26.5,Dry,0.0,Completed,0,0.0,,144.6,13.1,157.7,179.2,100.0,21.2,CHG-01,50.0,Enhanced_Telemetry,144.3,Received_Valid,Immediate_CAN_Bus,2025-08-25T13:39:00,2025-08-25T13:14:00,2025-08-25T13:14:00
2025-08-25,EV-02,Electric,Electric,Class6_Box,DUTY_URB_02,D1_Urban,86.2,6.1,2880,0.72,27,126,07:15,13:21,17.6,26.5,Dry,0.0,Completed,0,0.0,,151.0,12.8,163.8,186.1,100.0,18.1,CHG-02,50.0,Enhanced_Telemetry,151.1,Received_Valid,Immediate_CAN_Bus,2025-08-25T13:51:00,2025-08-25T13:26:00,2025-08-25T13:26:00
2025-08-25,EV-03,Electric,Electric,Class6_Box,DUTY_URB_03,D1_Urban,86.5,6.1,3080,0.77,35,164,07:30,13:36,17.4,26.5,Dry,0.0,Completed,0,0.0,,156.7,12.5,169.2,192.3,100.0,15.4,CHG-01,50.0,Baseline_Meter,,Not_Subscribed_Baseline,Quarter_End,2025-08-25T13:59:00,,2025-11-15T00:00:00
2025-08-25,D-04,Diesel,Diesel,Class6_Box,DUTY_SUB_01,D2_Suburban,135.4,6.9,2680,0.67,14,295,07:00,13:54,17.1,26.5,Dry,0.0,Completed,0,0.0,37.4,,,,,,,,,None,,Not_Installed_Diesel,Quarter_End,2025-08-25T13:59:00,,2025-11-15T00:00:00
2025-08-25,D-05,Diesel,Diesel,Class6_Box,DUTY_SUB_02,D2_Suburban,135.7,6.3,2520,0.63,17,275,07:30,13:48,17.2,26.5,Dry,0.0,Completed,0,0.0,37.9,,,,,,,,,None,,Not_Installed_Diesel,Quarter_End,2025-08-25T13:59:00,,2025-11-15T00:00:00
2025-08-25,D-06,Diesel,Diesel,Class6_Box,DUTY_SUB_03,D2_Suburban,134.9,6.6,3200,0.80,20,296,07:00,13:36,17.4,26.5,Dry,0.0,Completed,0,0.0,37.1,,,,,,,,,None,,Not_Installed_Diesel,Quarter_End,2025-08-25T13:59:00,,2025-11-15T00:00:00
2025-08-25,D-07,Diesel,Diesel,Class6_Box,DUTY_SUB_04,D2_Suburban,134.9,6.4,2840,0.71,15,287,07:00,13:24,17.6,26.5,Dry,0.0,Completed,0,0.0,37.4,,,,,,,,,None,,Not_Installed_Diesel,Quarter_End,2025-08-25T13:54:00,,2025-11-15T00:00:00
2025-08-25,D-08,Diesel,Diesel,Class6_Box,DUTY_REG_01,D3_Regional,209.7,7.8,2520,0.63,6,530,07:15,15:03,15.9,26.5,Dry,0.0,Completed,0,0.0,57.2,,,,,,,,,None,,Not_Installed_Diesel,Quarter_End,2025-08-25T15:33:00,,2025-11-15T00:00:00
2025-08-25,D-09,Diesel,Diesel,Class6_Box,DUTY_REG_02,D3_Regional,212.4,7.7,3160,0.79,6,503,07:15,14:57,16.1,26.5,Dry,0.0,Completed,0,0.0,55.9,,,,,,,,,None,,Not_Installed_Diesel,Quarter_End,2025-08-25T14:59:00,,2025-11-15T00:00:00
2025-08-25,D-10,Diesel,Diesel,Class6_Box,DUTY_REG_03,D3_Regional,209.2,8.2,2680,0.67,6,567,07:15,15:26,15.6,26.5,Dry,0.0,Completed,0,0.0,57.6,,,,,,,,,None,,Not_Installed_Diesel,Quarter_End,2025-08-25T15:56:00,,2025-11-15T00:00:00
2025-08-26,EV-01,Electric,Electric,Class6_Box,DUTY_URB_01,D1_Urban,85.0,5.8,2800,0.70,32,129,07:30,13:18,17.7,30.5,Rain,1.8,Completed,0,0.0,,145.5,13.9,159.4,181.1,100.0,20.3,CHG-01,50.0,Enhanced_Telemetry,145.4,Received_Valid,Immediate_CAN_Bus,2025-08-26T13:48:00,2025-08-26T13:23:00,2025-08-26T13:23:00
2025-08-26,EV-02,Electric,Electric,Class6_Box,DUTY_URB_02,D1_Urban,87.7,5.9,3000,0.75,26,134,07:30,13:24,17.6,30.5,Rain,1.8,Completed,0,0.0,,149.0,12.9,161.9,184.0,100.0,19.0,CHG-02,50.0,Enhanced_Telemetry,149.4,Received_Valid,Immediate_CAN_Bus,2025-08-26T13:54:00,2025-08-26T13:29:00,2025-08-26T13:29:00
2025-08-26,EV-03,Electric,Electric,Class6_Box,DUTY_URB_03,D1_Urban,83.1,6.0,2840,0.71,35,153,07:30,13:30,17.5,30.5,Rain,1.8,Completed,0,0.0,,138.1,13.1,151.2,171.8,100.0,24.4,CHG-01,50.0,Baseline_Meter,,Not_Subscribed_Baseline,Quarter_End,2025-08-26T13:59:00,,2025-11-15T00:00:00
2025-08-26,D-04,Diesel,Diesel,Class6_Box,DUTY_SUB_01,D2_Suburban,134.5,5.7,2440,0.61,13,288,07:30,13:12,17.8,30.5,Rain,1.8,Completed,0,0.0,37.6,,,,,,,,,None,,Not_Installed_Diesel,Quarter_End,2025-08-26T13:42:00,,2025-11-15T00:00:00
2025-08-26,D-05,Diesel,Diesel,Class6_Box,DUTY_SUB_02,D2_Suburban,134.4,6.3,3000,0.75,14,309,07:15,13:33,17.4,30.5,Rain,1.8,Completed,0,0.0,38.1,,,,,,,,,None,,Not_Installed_Diesel,Quarter_End,2025-08-26T13:59:00,,2025-11-15T00:00:00
2025-08-26,D-06,Diesel,Diesel,Class6_Box,DUTY_SUB_03,D2_Suburban,132.7,6.4,2920,0.73,17,323,07:30,13:54,17.1,30.5,Rain,1.8,Completed,0,0.0,37.4,,,,,,,,,None,,Not_Installed_Diesel,Quarter_End,2025-08-26T13:59:00,,2025-11-15T00:00:00
2025-08-26,D-07,Diesel,Diesel,Class6_Box,DUTY_SUB_04,D2_Suburban,135.9,6.2,2720,0.68,13,273,07:00,13:12,17.8,30.5,Rain,1.8,Completed,0,0.0,39.1,,,,,,,,,None,,Not_Installed_Diesel,Quarter_End,2025-08-26T13:42:00,,2025-11-15T00:00:00
2025-08-26,D-08,Diesel,Diesel,Class6_Box,DUTY_REG_01,D3_Regional,210.3,7.8,2840,0.71,6,508,07:15,15:03,15.9,30.5,Rain,1.8,Completed,0,0.0,56.5,,,,,,,,,None,,Not_Installed_Diesel,Quarter_End,2025-08-26T15:33:00,,2025-11-15T00:00:00
2025-08-26,D-09,Diesel,Diesel,Class6_Box,DUTY_REG_02,D3_Regional,208.1,8.2,3000,0.75,4,503,07:30,15:41,15.3,30.5,Rain,1.8,Completed,0,0.0,56.8,,,,,,,,,None,,Not_Installed_Diesel,Quarter_End,2025-08-26T15:59:00,,2025-11-15T00:00:00
2025-08-26,D-10,Diesel,Diesel,Class6_Box,DUTY_REG_03,D3_Regional,211.5,7.7,2640,0.66,5,569,07:30,15:12,15.8,30.5,Rain,1.8,Completed,0,0.0,55.6,,,,,,,,,None,,Not_Installed_Diesel,Quarter_End,2025-08-26T15:42:00,,2025-11-15T00:00:00
2025-08-27,EV-01,Electric,Electric,Class6_Box,DUTY_URB_01,D1_Urban,85.2,5.8,2960,0.74,30,143,07:00,12:48,18.2,26.6,Rain,1.4,Completed,0,0.0,,148.5,12.4,160.9,182.8,100.0,19.5,CHG-01,50.0,Enhanced_Telemetry,148.6,Received_Valid,Immediate_CAN_Bus,2025-08-27T12:59:00,2025-08-27T12:53:00,2025-08-27T12:53:00
2025-08-27,EV-02,Electric,Electric,Class6_Box,DUTY_URB_02,D1_Urban,83.7,5.7,2640,0.66,26,116,07:15,12:57,18.1,26.6,Rain,1.4,Completed,0,0.0,,145.3,11.9,157.2,178.6,100.0,21.4,CHG-02,50.0,Enhanced_Telemetry,145.3,Received_Valid,Immediate_CAN_Bus,2025-08-27T12:59:00,2025-08-27T12:59:00,2025-08-27T12:59:00
2025-08-27,EV-03,Electric,Electric,Class6_Box,DUTY_URB_03,D1_Urban,83.5,5.4,2800,0.70,31,152,07:15,12:39,18.4,26.6,Rain,1.4,Completed,0,0.0,,146.5,13.5,160.0,181.8,100.0,20.0,CHG-01,50.0,Baseline_Meter,,Not_Subscribed_Baseline,Quarter_End,2025-08-27T12:59:00,,2025-11-15T00:00:00
2025-08-27,D-04,Diesel,Diesel,Class6_Box,DUTY_SUB_01,D2_Suburban,133.8,6.4,2840,0.71,18,273,07:15,13:39,17.4,26.6,Rain,1.4,Completed,0,0.0,37.9,,,,,,,,,None,,Not_Installed_Diesel,Quarter_End,2025-08-27T13:59:00,,2025-11-15T00:00:00
2025-08-27,D-05,Diesel,Diesel,Class6_Box,DUTY_SUB_02,D2_Suburban,135.0,6.8,2520,0.63,12,295,07:15,14:03,16.9,26.6,Rain,1.4,Completed,0,0.0,37.5,,,,,,,,,None,,Not_Installed_Diesel,Quarter_End,2025-08-27T14:33:00,,2025-11-15T00:00:00
2025-08-27,D-06,Diesel,Diesel,Class6_Box,DUTY_SUB_03,D2_Suburban,137.1,6.9,3200,0.80,14,310,07:15,14:09,16.9,26.6,Rain,1.4,Completed,0,0.0,37.9,,,,,,,,,None,,Not_Installed_Diesel,Quarter_End,2025-08-27T14:39:00,,2025-11-15T00:00:00
2025-08-27,D-07,Diesel,Diesel,Class6_Box,DUTY_SUB_04,D2_Suburban,136.6,6.4,2800,0.70,15,255,07:30,13:54,17.1,26.6,Rain,1.4,Completed,0,0.0,37.8,,,,,,,,,None,,Not_Installed_Diesel,Quarter_End,2025-08-27T13:59:00,,2025-11-15T00:00:00
2025-08-27,D-08,Diesel,Diesel,Class6_Box,DUTY_REG_01,D3_Regional,211.5,7.7,3080,0.77,9,520,07:15,14:57,16.1,26.6,Rain,1.4,Completed,0,0.0,57.0,,,,,,,,,None,,Not_Installed_Diesel,Quarter_End,2025-08-27T14:59:00,,2025-11-15T00:00:00
2025-08-27,D-09,Diesel,Diesel,Class6_Box,DUTY_REG_02,D3_Regional,208.5,7.7,3080,0.77,8,475,07:30,15:12,15.8,26.6,Rain,1.4,Completed,0,0.0,57.3,,,,,,,,,None,,Not_Installed_Diesel,Quarter_End,2025-08-27T15:42:00,,2025-11-15T00:00:00
2025-08-27,D-10,Diesel,Diesel,Class6_Box,DUTY_REG_03,D3_Regional,210.2,7.9,3000,0.75,5,535,07:00,14:54,16.1,26.6,Rain,1.4,Completed,0,0.0,57.7,,,,,,,,,None,,Not_Installed_Diesel,Quarter_End,2025-08-27T14:59:00,,2025-11-15T00:00:00
2025-08-28,EV-01,Electric,Electric,Class6_Box,DUTY_URB_01,D1_Urban,83.1,5.8,2640,0.66,29,154,07:30,13:18,17.7,26.4,Dry,0.0,Completed,0,0.0,,141.0,11.0,152.0,172.7,100.0,24.0,CHG-01,50.0,Enhanced_Telemetry,141.4,Received_Valid,Immediate_CAN_Bus,2025-08-28T13:48:00,2025-08-28T13:23:00,2025-08-28T13:23:00
2025-08-28,EV-02,Electric,Electric,Class6_Box,DUTY_URB_02,D1_Urban,84.1,5.6,3240,0.81,27,123,07:30,13:06,17.9,26.4,Dry,0.0,Completed,0,0.0,,148.2,11.1,159.3,181.0,100.0,20.3,CHG-02,50.0,Enhanced_Telemetry,148.6,Received_Valid,Immediate_CAN_Bus,2025-08-28T13:36:00,2025-08-28T13:11:00,2025-08-28T13:11:00
2025-08-28,EV-03,Electric,Electric,Class6_Box,DUTY_URB_03,D1_Urban,84.9,5.9,2920,0.73,29,158,07:15,13:09,17.9,26.4,Dry,0.0,Completed,0,0.0,,147.7,10.9,158.6,180.2,100.0,20.7,CHG-01,50.0,Baseline_Meter,,Not_Subscribed_Baseline,Quarter_End,2025-08-28T13:39:00,,2025-11-15T00:00:00
2025-08-28,D-04,Diesel,Diesel,Class6_Box,DUTY_SUB_01,D2_Suburban,135.3,6.5,3280,0.82,15,288,07:30,14:00,17.0,26.4,Dry,0.0,Completed,0,0.0,38.7,,,,,,,,,None,,Not_Installed_Diesel,Quarter_End,2025-08-28T14:30:00,,2025-11-15T00:00:00
2025-08-28,D-05,Diesel,Diesel,Class6_Box,DUTY_SUB_02,D2_Suburban,132.5,6.3,2960,0.74,16,299,07:30,13:48,17.2,26.4,Dry,0.0,Completed,0,0.0,37.5,,,,,,,,,None,,Not_Installed_Diesel,Quarter_End,2025-08-28T13:59:00,,2025-11-15T00:00:00
2025-08-28,D-06,Diesel,Diesel,Class6_Box,DUTY_SUB_03,D2_Suburban,135.7,6.6,2960,0.74,20,294,07:30,14:06,16.9,26.4,Dry,0.0,Completed,0,0.0,37.7,,,,,,,,,None,,Not_Installed_Diesel,Quarter_End,2025-08-28T14:36:00,,2025-11-15T00:00:00
2025-08-28,D-07,Diesel,Diesel,Class6_Box,DUTY_SUB_04,D2_Suburban,133.4,6.5,3280,0.82,12,290,07:15,13:45,17.2,26.4,Dry,0.0,Completed,0,0.0,37.5,,,,,,,,,None,,Not_Installed_Diesel,Quarter_End,2025-08-28T13:59:00,,2025-11-15T00:00:00
2025-08-28,D-08,Diesel,Diesel,Class6_Box,DUTY_REG_01,D3_Regional,209.6,7.8,3000,0.75,8,519,07:15,15:03,15.9,26.4,Dry,0.0,Completed,0,0.0,56.5,,,,,,,,,None,,Not_Installed_Diesel,Quarter_End,2025-08-28T15:33:00,,2025-11-15T00:00:00
2025-08-28,D-09,Diesel,Diesel,Class6_Box,DUTY_REG_02,D3_Regional,207.7,7.7,2640,0.66,6,476,07:00,14:42,16.3,26.4,Dry,0.0,Completed,0,0.0,56.8,,,,,,,,,None,,Not_Installed_Diesel,Quarter_End,2025-08-28T14:59:00,,2025-11-15T00:00:00
2025-08-28,D-10,Diesel,Diesel,Class6_Box,DUTY_REG_03,D3_Regional,210.1,8.1,3240,0.81,8,534,07:15,15:21,15.7,26.4,Dry,0.0,Completed,0,0.0,57.4,,,,,,,,,None,,Not_Installed_Diesel,Quarter_End,2025-08-28T15:51:00,,2025-11-15T00:00:00
2025-08-29,EV-01,Electric,Electric,Class6_Box,DUTY_URB_01,D1_Urban,85.4,5.6,2640,0.66,29,123,07:00,12:36,18.4,28.3,Dry,0.0,Completed,0,0.0,,146.5,12.0,158.5,180.1,100.0,20.8,CHG-01,50.0,Enhanced_Telemetry,146.3,Received_Valid,Immediate_CAN_Bus,2025-08-29T12:59:00,2025-08-29T12:41:00,2025-08-29T12:41:00
2025-08-29,EV-02,Electric,Electric,Class6_Box,DUTY_URB_02,D1_Urban,83.8,5.5,2840,0.71,30,136,07:00,12:30,18.5,28.3,Dry,0.0,Completed,0,0.0,,147.9,12.4,160.3,182.2,100.0,19.8,CHG-02,50.0,Enhanced_Telemetry,147.3,Received_Valid,Immediate_CAN_Bus,2025-08-29T12:59:00,2025-08-29T12:35:00,2025-08-29T12:35:00
2025-08-29,EV-03,Electric,Electric,Class6_Box,DUTY_URB_03,D1_Urban,84.5,5.7,2920,0.73,34,157,07:30,13:12,17.8,28.3,Dry,0.0,Completed,0,0.0,,145.0,11.3,156.3,177.6,100.0,21.8,CHG-01,50.0,Baseline_Meter,,Not_Subscribed_Baseline,Quarter_End,2025-08-29T13:42:00,,2025-11-15T00:00:00
2025-08-29,D-04,Diesel,Diesel,Class6_Box,DUTY_SUB_01,D2_Suburban,137.5,6.4,2600,0.65,18,296,07:15,13:39,17.4,28.3,Dry,0.0,Completed,0,0.0,37.8,,,,,,,,,None,,Not_Installed_Diesel,Quarter_End,2025-08-29T13:59:00,,2025-11-15T00:00:00
2025-08-29,D-05,Diesel,Diesel,Class6_Box,DUTY_SUB_02,D2_Suburban,137.7,6.7,2480,0.62,15,304,07:30,14:12,16.8,28.3,Dry,0.0,Completed,0,0.0,37.1,,,,,,,,,None,,Not_Installed_Diesel,Quarter_End,2025-08-29T14:42:00,,2025-11-15T00:00:00
2025-08-29,D-06,Diesel,Diesel,Class6_Box,DUTY_SUB_03,D2_Suburban,135.4,6.5,2920,0.73,14,311,07:30,14:00,17.0,28.3,Dry,0.0,Completed,0,0.0,38.3,,,,,,,,,None,,Not_Installed_Diesel,Quarter_End,2025-08-29T14:30:00,,2025-11-15T00:00:00
2025-08-29,D-07,Diesel,Diesel,Class6_Box,DUTY_SUB_04,D2_Suburban,137.2,6.4,2640,0.66,17,265,07:30,13:54,17.1,28.3,Dry,0.0,Completed,0,0.0,38.4,,,,,,,,,None,,Not_Installed_Diesel,Quarter_End,2025-08-29T13:59:00,,2025-11-15T00:00:00
2025-08-29,D-08,Diesel,Diesel,Class6_Box,DUTY_REG_01,D3_Regional,210.4,7.5,3000,0.75,9,505,07:30,15:00,16.0,28.3,Dry,0.0,Completed,0,0.0,56.9,,,,,,,,,None,,Not_Installed_Diesel,Quarter_End,2025-08-29T15:30:00,,2025-11-15T00:00:00
2025-08-29,D-09,Diesel,Diesel,Class6_Box,DUTY_REG_02,D3_Regional,205.2,7.5,2600,0.65,2,509,07:30,15:00,16.0,28.3,Dry,0.0,Completed,0,0.0,56.2,,,,,,,,,None,,Not_Installed_Diesel,Quarter_End,2025-08-29T15:30:00,,2025-11-15T00:00:00
2025-08-29,D-10,Diesel,Diesel,Class6_Box,DUTY_REG_03,D3_Regional,212.8,8.2,3280,0.82,7,567,07:00,15:11,15.8,28.3,Dry,0.0,Completed,0,0.0,57.4,,,,,,,,,None,,Not_Installed_Diesel,Quarter_End,2025-08-29T15:41:00,,2025-11-15T00:00:00
2025-09-01,EV-01,Electric,Electric,Class6_Box,DUTY_URB_01,D1_Urban,85.0,5.4,2920,0.73,30,120,07:00,12:24,18.6,25.1,Rain,2.2,Completed,0,0.0,,143.6,11.7,155.3,176.5,100.0,22.3,CHG-01,50.0,Enhanced_Telemetry,144.0,Received_Valid,Immediate_CAN_Bus,2025-09-01T12:54:00,2025-09-01T12:29:00,2025-09-01T12:29:00
2025-09-01,EV-02,Electric,Electric,Class6_Box,DUTY_URB_02,D1_Urban,86.1,5.9,2960,0.74,31,149,07:00,12:54,18.1,25.1,Rain,2.2,Completed,0,0.0,,156.8,8.7,165.5,188.1,100.0,17.2,CHG-02,50.0,Enhanced_Telemetry,156.5,Received_Valid,Immediate_CAN_Bus,2025-09-01T12:59:00,2025-09-01T12:59:00,2025-09-01T12:59:00
2025-09-01,EV-03,Electric,Electric,Class6_Box,DUTY_URB_03,D1_Urban,85.4,5.8,2760,0.69,29,158,07:00,12:48,18.2,25.1,Rain,2.2,Completed,0,0.0,,153.3,12.0,165.3,187.8,100.0,17.3,CHG-01,50.0,Baseline_Meter,,Not_Subscribed_Baseline,Quarter_End,2025-09-01T12:59:00,,2025-11-15T00:00:00
2025-09-01,D-04,Diesel,Diesel,Class6_Box,DUTY_SUB_01,D2_Suburban,137.3,6.4,2720,0.68,13,281,07:30,13:54,17.1,25.1,Rain,2.2,Completed,0,0.0,38.6,,,,,,,,,None,,Not_Installed_Diesel,Quarter_End,2025-09-01T13:59:00,,2025-11-15T00:00:00
2025-09-01,D-05,Diesel,Diesel,Class6_Box,DUTY_SUB_02,D2_Suburban,135.3,6.7,2720,0.68,17,308,07:15,13:57,17.1,25.1,Rain,2.2,Completed,0,0.0,37.4,,,,,,,,,None,,Not_Installed_Diesel,Quarter_End,2025-09-01T13:59:00,,2025-11-15T00:00:00
2025-09-01,D-06,Diesel,Diesel,Class6_Box,DUTY_SUB_03,D2_Suburban,134.4,7.1,2800,0.70,17,295,07:15,14:21,16.6,25.1,Rain,2.2,Completed,0,0.0,37.6,,,,,,,,,None,,Not_Installed_Diesel,Quarter_End,2025-09-01T14:51:00,,2025-11-15T00:00:00
2025-09-01,D-07,Diesel,Diesel,Class6_Box,DUTY_SUB_04,D2_Suburban,133.8,6.7,2600,0.65,15,266,07:00,13:42,17.3,25.1,Rain,2.2,Completed,0,0.0,37.8,,,,,,,,,None,,Not_Installed_Diesel,Quarter_End,2025-09-01T13:59:00,,2025-11-15T00:00:00
2025-09-01,D-08,Diesel,Diesel,Class6_Box,DUTY_REG_01,D3_Regional,209.5,7.6,2880,0.72,6,511,07:15,14:51,16.1,25.1,Rain,2.2,Completed,0,0.0,55.9,,,,,,,,,None,,Not_Installed_Diesel,Quarter_End,2025-09-01T14:59:00,,2025-11-15T00:00:00
2025-09-01,D-09,Diesel,Diesel,Class6_Box,DUTY_REG_02,D3_Regional,207.7,7.9,3240,0.81,3,503,07:15,15:09,15.8,25.1,Rain,2.2,Completed,0,0.0,57.1,,,,,,,,,None,,Not_Installed_Diesel,Quarter_End,2025-09-01T15:39:00,,2025-11-15T00:00:00
2025-09-01,D-10,Diesel,Diesel,Class6_Box,DUTY_REG_03,D3_Regional,212.2,7.3,3000,0.75,9,543,07:15,14:33,16.4,25.1,Rain,2.2,Outsourced,1,420.0,,,,,,,,,,None,,Not_Applicable_Outsourced,Quarter_End,2025-09-01T14:59:00,,2025-09-01T14:59:00
2025-09-02,EV-01,Electric,Electric,Class6_Box,DUTY_URB_01,D1_Urban,85.5,5.8,2760,0.69,32,155,07:00,12:48,18.2,26.3,Dry,0.0,Completed,0,0.0,,149.1,12.0,161.1,183.1,100.0,19.5,CHG-01,50.0,Enhanced_Telemetry,149.1,Received_Valid,Immediate_CAN_Bus,2025-09-02T12:59:00,2025-09-02T12:53:00,2025-09-02T12:53:00
2025-09-02,EV-02,Electric,Electric,Class6_Box,DUTY_URB_02,D1_Urban,86.5,6.0,3080,0.77,30,132,07:15,13:15,17.8,26.3,Dry,0.0,Completed,0,0.0,,155.8,12.6,168.4,191.4,100.0,15.8,CHG-02,50.0,Enhanced_Telemetry,155.9,Received_Valid,Immediate_CAN_Bus,2025-09-02T13:45:00,2025-09-02T13:20:00,2025-09-02T13:20:00
2025-09-02,EV-03,Electric,Electric,Class6_Box,DUTY_URB_03,D1_Urban,82.8,6.1,2560,0.64,32,156,07:30,13:36,17.4,26.3,Dry,0.0,Completed,0,0.0,,148.0,12.4,160.4,182.3,100.0,19.8,CHG-01,50.0,Baseline_Meter,,Not_Subscribed_Baseline,Quarter_End,2025-09-02T13:59:00,,2025-11-15T00:00:00
2025-09-02,D-04,Diesel,Diesel,Class6_Box,DUTY_SUB_01,D2_Suburban,134.0,6.4,2680,0.67,17,292,07:15,13:39,17.4,26.3,Dry,0.0,Completed,0,0.0,37.4,,,,,,,,,None,,Not_Installed_Diesel,Quarter_End,2025-09-02T13:59:00,,2025-11-15T00:00:00
2025-09-02,D-05,Diesel,Diesel,Class6_Box,DUTY_SUB_02,D2_Suburban,135.8,6.3,3080,0.77,17,299,07:15,13:33,17.4,26.3,Dry,0.0,Completed,0,0.0,37.3,,,,,,,,,None,,Not_Installed_Diesel,Quarter_End,2025-09-02T13:59:00,,2025-11-15T00:00:00
2025-09-02,D-06,Diesel,Diesel,Class6_Box,DUTY_SUB_03,D2_Suburban,137.0,6.7,2960,0.74,17,307,07:30,14:12,16.8,26.3,Dry,0.0,Completed,0,0.0,38.1,,,,,,,,,None,,Not_Installed_Diesel,Quarter_End,2025-09-02T14:42:00,,2025-11-15T00:00:00
2025-09-02,D-07,Diesel,Diesel,Class6_Box,DUTY_SUB_04,D2_Suburban,137.4,6.6,2520,0.63,15,285,07:30,14:06,16.9,26.3,Dry,0.0,Completed,0,0.0,37.9,,,,,,,,,None,,Not_Installed_Diesel,Quarter_End,2025-09-02T14:36:00,,2025-11-15T00:00:00
2025-09-02,D-08,Diesel,Diesel,Class6_Box,DUTY_REG_01,D3_Regional,208.0,8.1,3080,0.77,7,500,07:30,15:36,15.4,26.3,Dry,0.0,Completed,0,0.0,57.3,,,,,,,,,None,,Not_Installed_Diesel,Quarter_End,2025-09-02T15:59:00,,2025-11-15T00:00:00
2025-09-02,D-09,Diesel,Diesel,Class6_Box,DUTY_REG_02,D3_Regional,210.7,7.7,2640,0.66,5,478,07:00,14:42,16.3,26.3,Dry,0.0,Completed,0,0.0,57.1,,,,,,,,,None,,Not_Installed_Diesel,Quarter_End,2025-09-02T14:59:00,,2025-11-15T00:00:00
2025-09-02,D-10,Diesel,Diesel,Class6_Box,DUTY_REG_03,D3_Regional,211.0,8.3,2960,0.74,7,559,07:00,15:18,15.7,26.3,Dry,0.0,Completed,0,0.0,56.9,,,,,,,,,None,,Not_Installed_Diesel,Quarter_End,2025-09-02T15:48:00,,2025-11-15T00:00:00
2025-09-03,EV-01,Electric,Electric,Class6_Box,DUTY_URB_01,D1_Urban,85.8,5.6,3000,0.75,31,133,07:00,12:36,18.4,21.5,Dry,0.0,Completed,0,0.0,,153.0,10.5,163.5,185.8,100.0,18.2,CHG-01,50.0,Enhanced_Telemetry,152.4,Received_Valid,Immediate_CAN_Bus,2025-09-03T12:59:00,2025-09-03T12:41:00,2025-09-03T12:41:00
2025-09-03,EV-02,Electric,Electric,Class6_Box,DUTY_URB_02,D1_Urban,84.8,5.6,2760,0.69,31,132,07:30,13:06,17.9,21.5,Dry,0.0,Completed,0,0.0,,149.2,9.7,158.9,180.6,100.0,20.5,CHG-02,50.0,Enhanced_Telemetry,149.1,Received_Valid,Immediate_CAN_Bus,2025-09-03T13:36:00,2025-09-03T13:11:00,2025-09-03T13:11:00
2025-09-03,EV-03,Electric,Electric,Class6_Box,DUTY_URB_03,D1_Urban,85.3,6.5,2960,0.74,32,138,07:15,13:45,17.2,21.5,Dry,0.0,Completed,0,0.0,,152.4,10.7,163.1,185.3,100.0,18.5,CHG-01,50.0,Baseline_Meter,,Not_Subscribed_Baseline,Quarter_End,2025-09-03T13:59:00,,2025-11-15T00:00:00
2025-09-03,D-04,Diesel,Diesel,Class6_Box,DUTY_SUB_01,D2_Suburban,134.3,6.3,2760,0.69,13,266,07:30,13:48,17.2,21.5,Dry,0.0,Completed,0,0.0,38.3,,,,,,,,,None,,Not_Installed_Diesel,Quarter_End,2025-09-03T13:59:00,,2025-11-15T00:00:00
2025-09-03,D-05,Diesel,Diesel,Class6_Box,DUTY_SUB_02,D2_Suburban,135.4,6.8,2600,0.65,13,304,07:00,13:48,17.2,21.5,Dry,0.0,Completed,0,0.0,38.3,,,,,,,,,None,,Not_Installed_Diesel,Quarter_End,2025-09-03T13:59:00,,2025-11-15T00:00:00
2025-09-03,D-06,Diesel,Diesel,Class6_Box,DUTY_SUB_03,D2_Suburban,136.3,6.3,3160,0.79,19,298,07:00,13:18,17.7,21.5,Dry,0.0,Completed,0,0.0,37.6,,,,,,,,,None,,Not_Installed_Diesel,Quarter_End,2025-09-03T13:48:00,,2025-11-15T00:00:00
2025-09-03,D-07,Diesel,Diesel,Class6_Box,DUTY_SUB_04,D2_Suburban,135.1,6.5,2880,0.72,11,286,07:30,14:00,17.0,21.5,Dry,0.0,Completed,0,0.0,37.7,,,,,,,,,None,,Not_Installed_Diesel,Quarter_End,2025-09-03T14:30:00,,2025-11-15T00:00:00
2025-09-03,D-08,Diesel,Diesel,Class6_Box,DUTY_REG_01,D3_Regional,209.5,8.1,2920,0.73,4,505,07:00,15:06,15.9,21.5,Dry,0.0,Completed,0,0.0,56.5,,,,,,,,,None,,Not_Installed_Diesel,Quarter_End,2025-09-03T15:36:00,,2025-11-15T00:00:00
2025-09-03,D-09,Diesel,Diesel,Class6_Box,DUTY_REG_02,D3_Regional,207.7,7.8,2960,0.74,2,471,07:30,15:18,15.7,21.5,Dry,0.0,Completed,0,0.0,57.1,,,,,,,,,None,,Not_Installed_Diesel,Quarter_End,2025-09-03T15:48:00,,2025-11-15T00:00:00
2025-09-03,D-10,Diesel,Diesel,Class6_Box,DUTY_REG_03,D3_Regional,212.0,8.1,2320,0.58,7,530,07:15,15:21,15.7,21.5,Dry,0.0,Completed,0,0.0,57.3,,,,,,,,,None,,Not_Installed_Diesel,Quarter_End,2025-09-03T15:51:00,,2025-11-15T00:00:00
2025-09-04,EV-01,Electric,Electric,Class6_Box,DUTY_URB_01,D1_Urban,84.2,6.2,2800,0.70,28,131,07:15,13:27,17.6,20.1,Dry,0.0,Completed,0,0.0,,148.5,10.2,158.7,180.3,100.0,20.7,CHG-01,50.0,Enhanced_Telemetry,148.5,Received_Valid,Immediate_CAN_Bus,2025-09-04T13:57:00,2025-09-04T13:32:00,2025-09-04T13:32:00
2025-09-04,EV-02,Electric,Electric,Class6_Box,DUTY_URB_02,D1_Urban,82.9,5.6,2320,0.58,30,116,07:30,13:06,17.9,20.1,Dry,0.0,Completed,0,0.0,,144.3,10.9,155.2,176.4,100.0,22.4,CHG-02,50.0,Enhanced_Telemetry,143.4,Received_Valid,Immediate_CAN_Bus,2025-09-04T13:36:00,2025-09-04T13:11:00,2025-09-04T13:11:00
2025-09-04,EV-03,Electric,Electric,Class6_Box,DUTY_URB_03,D1_Urban,88.2,6.0,2800,0.70,32,165,07:00,13:00,18.0,20.1,Dry,0.0,Completed,0,0.0,,155.6,8.9,164.5,186.9,100.0,17.8,CHG-01,50.0,Baseline_Meter,,Not_Subscribed_Baseline,Quarter_End,2025-09-04T13:30:00,,2025-11-15T00:00:00
2025-09-04,D-04,Diesel,Diesel,Class6_Box,DUTY_SUB_01,D2_Suburban,131.4,6.5,2840,0.71,15,282,07:30,14:00,17.0,20.1,Dry,0.0,Completed,0,0.0,37.9,,,,,,,,,None,,Not_Installed_Diesel,Quarter_End,2025-09-04T14:30:00,,2025-11-15T00:00:00
2025-09-04,D-05,Diesel,Diesel,Class6_Box,DUTY_SUB_02,D2_Suburban,137.1,6.4,3000,0.75,18,275,07:15,13:39,17.4,20.1,Dry,0.0,Completed,0,0.0,38.2,,,,,,,,,None,,Not_Installed_Diesel,Quarter_End,2025-09-04T13:59:00,,2025-11-15T00:00:00
2025-09-04,D-06,Diesel,Diesel,Class6_Box,DUTY_SUB_03,D2_Suburban,132.5,6.2,2720,0.68,18,316,07:00,13:12,17.8,20.1,Dry,0.0,Completed,0,0.0,37.8,,,,,,,,,None,,Not_Installed_Diesel,Quarter_End,2025-09-04T13:42:00,,2025-11-15T00:00:00
2025-09-04,D-07,Diesel,Diesel,Class6_Box,DUTY_SUB_04,D2_Suburban,135.4,6.8,3000,0.75,12,283,07:00,13:48,17.2,20.1,Dry,0.0,Completed,0,0.0,37.6,,,,,,,,,None,,Not_Installed_Diesel,Quarter_End,2025-09-04T13:59:00,,2025-11-15T00:00:00
2025-09-04,D-08,Diesel,Diesel,Class6_Box,DUTY_REG_01,D3_Regional,213.4,7.7,2920,0.73,6,536,07:30,15:12,15.8,20.1,Dry,0.0,Completed,0,0.0,55.9,,,,,,,,,None,,Not_Installed_Diesel,Quarter_End,2025-09-04T15:42:00,,2025-11-15T00:00:00
2025-09-04,D-09,Diesel,Diesel,Class6_Box,DUTY_REG_02,D3_Regional,211.0,7.6,3040,0.76,8,482,07:15,14:51,16.1,20.1,Dry,0.0,Completed,0,0.0,57.0,,,,,,,,,None,,Not_Installed_Diesel,Quarter_End,2025-09-04T14:59:00,,2025-11-15T00:00:00
2025-09-04,D-10,Diesel,Diesel,Class6_Box,DUTY_REG_03,D3_Regional,211.8,8.0,3480,0.87,7,550,07:15,15:15,15.8,20.1,Dry,0.0,Completed,0,0.0,56.6,,,,,,,,,None,,Not_Installed_Diesel,Quarter_End,2025-09-04T15:45:00,,2025-11-15T00:00:00
2025-09-05,EV-01,Electric,Electric,Class6_Box,DUTY_URB_01,D1_Urban,84.6,5.4,3040,0.76,32,129,07:15,12:39,18.4,26.3,Rain,3.2,Completed,0,0.0,,145.6,12.1,157.7,179.2,100.0,21.2,CHG-01,50.0,Enhanced_Telemetry,145.6,Received_Valid,Immediate_CAN_Bus,2025-09-05T12:59:00,2025-09-05T12:44:00,2025-09-05T12:44:00
2025-09-05,EV-02,Electric,Electric,Class6_Box,DUTY_URB_02,D1_Urban,84.6,5.7,3080,0.77,30,140,07:15,12:57,18.1,26.3,Rain,3.2,Completed,0,0.0,,148.2,11.9,160.1,181.9,100.0,20.0,CHG-02,50.0,Enhanced_Telemetry,148.8,Received_Valid,Immediate_CAN_Bus,2025-09-05T12:59:00,2025-09-05T12:59:00,2025-09-05T12:59:00
2025-09-05,EV-03,Electric,Electric,Class6_Box,DUTY_URB_03,D1_Urban,86.4,5.9,2880,0.72,29,150,07:00,12:54,18.1,26.3,Rain,3.2,Completed,0,0.0,,150.5,10.2,160.7,182.6,100.0,19.7,CHG-01,50.0,Baseline_Meter,,Not_Subscribed_Baseline,Quarter_End,2025-09-05T12:59:00,,2025-11-15T00:00:00
2025-09-05,D-04,Diesel,Diesel,Class6_Box,DUTY_SUB_01,D2_Suburban,133.1,6.8,2720,0.68,17,294,07:30,14:18,16.7,26.3,Rain,3.2,Completed,0,0.0,37.5,,,,,,,,,None,,Not_Installed_Diesel,Quarter_End,2025-09-05T14:48:00,,2025-11-15T00:00:00
2025-09-05,D-05,Diesel,Diesel,Class6_Box,DUTY_SUB_02,D2_Suburban,133.3,7.2,2200,0.55,12,305,07:15,14:27,16.6,26.3,Rain,3.2,Completed,0,0.0,38.4,,,,,,,,,None,,Not_Installed_Diesel,Quarter_End,2025-09-05T14:57:00,,2025-11-15T00:00:00
2025-09-05,D-06,Diesel,Diesel,Class6_Box,DUTY_SUB_03,D2_Suburban,131.6,6.5,2720,0.68,14,296,07:30,14:00,17.0,26.3,Rain,3.2,Completed,0,0.0,37.9,,,,,,,,,None,,Not_Installed_Diesel,Quarter_End,2025-09-05T14:30:00,,2025-11-15T00:00:00
2025-09-05,D-07,Diesel,Diesel,Class6_Box,DUTY_SUB_04,D2_Suburban,134.3,6.2,2800,0.70,13,271,07:30,13:42,17.3,26.3,Rain,3.2,Completed,0,0.0,38.0,,,,,,,,,None,,Not_Installed_Diesel,Quarter_End,2025-09-05T13:59:00,,2025-11-15T00:00:00
2025-09-05,D-08,Diesel,Diesel,Class6_Box,DUTY_REG_01,D3_Regional,211.3,8.0,2880,0.72,5,515,07:15,15:15,15.8,26.3,Rain,3.2,Completed,0,0.0,57.9,,,,,,,,,None,,Not_Installed_Diesel,Quarter_End,2025-09-05T15:45:00,,2025-11-15T00:00:00
2025-09-05,D-09,Diesel,Diesel,Class6_Box,DUTY_REG_02,D3_Regional,206.1,7.5,2760,0.69,8,495,07:00,14:30,16.5,26.3,Rain,3.2,Completed,0,0.0,56.8,,,,,,,,,None,,Not_Installed_Diesel,Quarter_End,2025-09-05T14:59:00,,2025-11-15T00:00:00
2025-09-05,D-10,Diesel,Diesel,Class6_Box,DUTY_REG_03,D3_Regional,211.7,8.0,2360,0.59,9,562,07:00,15:00,16.0,26.3,Rain,3.2,Completed,0,0.0,56.8,,,,,,,,,None,,Not_Installed_Diesel,Quarter_End,2025-09-05T15:30:00,,2025-11-15T00:00:00
2025-09-08,EV-01,Electric,Electric,Class6_Box,DUTY_URB_01,D1_Urban,87.2,6.2,2600,0.65,28,122,07:00,13:12,17.8,24.2,Dry,0.0,Completed,0,0.0,,151.8,9.2,161.0,183.0,100.0,19.5,CHG-01,50.0,Enhanced_Telemetry,151.8,Received_Valid,Immediate_CAN_Bus,2025-09-08T13:42:00,2025-09-08T13:17:00,2025-09-08T13:17:00
2025-09-08,EV-02,Electric,Electric,Class6_Box,DUTY_URB_02,D1_Urban,85.1,6.0,2840,0.71,26,129,07:15,13:15,17.8,24.2,Dry,0.0,Completed,0,0.0,,149.6,10.7,160.3,182.2,100.0,19.8,CHG-02,50.0,Enhanced_Telemetry,149.5,Received_Valid,Immediate_CAN_Bus,2025-09-08T13:45:00,2025-09-08T13:20:00,2025-09-08T13:20:00
2025-09-08,EV-03,Electric,Electric,Class6_Box,DUTY_URB_03,D1_Urban,87.7,5.8,2520,0.63,31,131,07:00,12:48,18.2,24.2,Dry,0.0,Completed,0,0.0,,151.9,9.5,161.4,183.4,100.0,19.3,CHG-01,50.0,Baseline_Meter,,Not_Subscribed_Baseline,Quarter_End,2025-09-08T12:59:00,,2025-11-15T00:00:00
2025-09-08,D-04,Diesel,Diesel,Class6_Box,DUTY_SUB_01,D2_Suburban,134.3,6.5,2800,0.70,13,263,07:15,13:45,17.2,24.2,Dry,0.0,Completed,0,0.0,38.3,,,,,,,,,None,,Not_Installed_Diesel,Quarter_End,2025-09-08T13:59:00,,2025-11-15T00:00:00
2025-09-08,D-05,Diesel,Diesel,Class6_Box,DUTY_SUB_02,D2_Suburban,135.0,6.6,3280,0.82,12,271,07:00,13:36,17.4,24.2,Dry,0.0,Completed,0,0.0,38.5,,,,,,,,,None,,Not_Installed_Diesel,Quarter_End,2025-09-08T13:59:00,,2025-11-15T00:00:00
2025-09-08,D-06,Diesel,Diesel,Class6_Box,DUTY_SUB_03,D2_Suburban,135.8,6.7,2920,0.73,16,324,07:30,14:12,16.8,24.2,Dry,0.0,Completed,0,0.0,38.2,,,,,,,,,None,,Not_Installed_Diesel,Quarter_End,2025-09-08T14:42:00,,2025-11-15T00:00:00
2025-09-08,D-07,Diesel,Diesel,Class6_Box,DUTY_SUB_04,D2_Suburban,138.6,6.2,2720,0.68,17,271,07:15,13:27,17.6,24.2,Dry,0.0,Completed,0,0.0,37.5,,,,,,,,,None,,Not_Installed_Diesel,Quarter_End,2025-09-08T13:57:00,,2025-11-15T00:00:00
2025-09-08,D-08,Diesel,Diesel,Class6_Box,DUTY_REG_01,D3_Regional,210.6,7.3,3280,0.82,3,539,07:00,14:18,16.7,24.2,Dry,0.0,Completed,0,0.0,56.9,,,,,,,,,None,,Not_Installed_Diesel,Quarter_End,2025-09-08T14:48:00,,2025-11-15T00:00:00
2025-09-08,D-09,Diesel,Diesel,Class6_Box,DUTY_REG_02,D3_Regional,208.3,7.4,2920,0.73,3,486,07:15,14:39,16.4,24.2,Dry,0.0,Completed,0,0.0,57.1,,,,,,,,,None,,Not_Installed_Diesel,Quarter_End,2025-09-08T14:59:00,,2025-11-15T00:00:00
2025-09-08,D-10,Diesel,Diesel,Class6_Box,DUTY_REG_03,D3_Regional,213.3,7.7,2480,0.62,9,541,07:15,14:57,16.1,24.2,Dry,0.0,Completed,0,0.0,57.2,,,,,,,,,None,,Not_Installed_Diesel,Quarter_End,2025-09-08T14:59:00,,2025-11-15T00:00:00
2025-09-09,EV-01,Electric,Electric,Class6_Box,DUTY_URB_01,D1_Urban,87.9,5.6,2880,0.72,28,128,07:30,13:06,17.9,22.0,Rain,2.7,Completed,0,0.0,,155.2,11.5,166.7,189.4,100.0,16.7,CHG-01,50.0,Enhanced_Telemetry,154.5,Received_Valid,Immediate_CAN_Bus,2025-09-09T13:36:00,2025-09-09T13:11:00,2025-09-09T13:11:00
2025-09-09,EV-02,Electric,Electric,Class6_Box,DUTY_URB_02,D1_Urban,83.9,5.8,2680,0.67,28,120,07:30,13:18,17.7,22.0,Rain,2.7,Completed,0,0.0,,147.5,10.2,157.7,179.2,100.0,21.2,CHG-02,50.0,Enhanced_Telemetry,147.5,Received_Valid,Immediate_CAN_Bus,2025-09-09T13:48:00,2025-09-09T13:23:00,2025-09-09T13:23:00
2025-09-09,EV-03,Electric,Electric,Class6_Box,DUTY_URB_03,D1_Urban,86.0,5.7,3520,0.88,33,155,07:00,12:42,18.3,22.0,Rain,2.7,Completed,0,0.0,,150.1,10.1,160.2,182.0,100.0,19.9,CHG-01,50.0,Baseline_Meter,,Not_Subscribed_Baseline,Quarter_End,2025-09-09T12:59:00,,2025-11-15T00:00:00
2025-09-09,D-04,Diesel,Diesel,Class6_Box,DUTY_SUB_01,D2_Suburban,135.4,6.4,2640,0.66,14,267,07:00,13:24,17.6,22.0,Rain,2.7,Completed,0,0.0,38.0,,,,,,,,,None,,Not_Installed_Diesel,Quarter_End,2025-09-09T13:54:00,,2025-11-15T00:00:00
2025-09-09,D-05,Diesel,Diesel,Class6_Box,DUTY_SUB_02,D2_Suburban,133.5,6.8,3240,0.81,13,271,07:15,14:03,16.9,22.0,Rain,2.7,Completed,0,0.0,38.4,,,,,,,,,None,,Not_Installed_Diesel,Quarter_End,2025-09-09T14:33:00,,2025-11-15T00:00:00
2025-09-09,D-06,Diesel,Diesel,Class6_Box,DUTY_SUB_03,D2_Suburban,137.9,6.6,2600,0.65,14,323,07:00,13:36,17.4,22.0,Rain,2.7,Completed,0,0.0,37.5,,,,,,,,,None,,Not_Installed_Diesel,Quarter_End,2025-09-09T13:59:00,,2025-11-15T00:00:00
2025-09-09,D-07,Diesel,Diesel,Class6_Box,DUTY_SUB_04,D2_Suburban,136.0,6.2,3000,0.75,17,287,07:30,13:42,17.3,22.0,Rain,2.7,Completed,0,0.0,38.3,,,,,,,,,None,,Not_Installed_Diesel,Quarter_End,2025-09-09T13:59:00,,2025-11-15T00:00:00
2025-09-09,D-08,Diesel,Diesel,Class6_Box,DUTY_REG_01,D3_Regional,210.3,7.8,2680,0.67,3,506,07:00,14:48,16.2,22.0,Rain,2.7,Completed,0,0.0,56.6,,,,,,,,,None,,Not_Installed_Diesel,Quarter_End,2025-09-09T14:59:00,,2025-11-15T00:00:00
2025-09-09,D-09,Diesel,Diesel,Class6_Box,DUTY_REG_02,D3_Regional,208.9,7.5,3040,0.76,8,471,07:15,14:45,16.2,22.0,Rain,2.7,Completed,0,0.0,57.0,,,,,,,,,None,,Not_Installed_Diesel,Quarter_End,2025-09-09T14:59:00,,2025-11-15T00:00:00
2025-09-09,D-10,Diesel,Diesel,Class6_Box,DUTY_REG_03,D3_Regional,210.8,7.8,2560,0.64,8,554,07:00,14:48,16.2,22.0,Rain,2.7,Completed,0,0.0,57.1,,,,,,,,,None,,Not_Installed_Diesel,Quarter_End,2025-09-09T14:59:00,,2025-11-15T00:00:00
2025-09-10,EV-01,Electric,Electric,Class6_Box,DUTY_URB_01,D1_Urban,86.2,5.5,3040,0.76,27,125,07:00,12:30,18.5,18.4,Windy,0.0,Completed,0,0.0,,152.3,9.2,161.5,183.5,100.0,19.2,CHG-01,50.0,Enhanced_Telemetry,153.4,Received_Valid,Immediate_CAN_Bus,2025-09-10T12:59:00,2025-09-10T12:35:00,2025-09-10T12:35:00
2025-09-10,EV-02,Electric,Electric,Class6_Box,DUTY_URB_02,D1_Urban,85.1,5.7,2560,0.64,28,150,07:15,12:57,18.1,18.4,Windy,0.0,Completed,0,0.0,,154.5,9.2,163.7,186.0,100.0,18.2,CHG-02,50.0,Enhanced_Telemetry,155.1,Received_Valid,Immediate_CAN_Bus,2025-09-10T12:59:00,2025-09-10T12:59:00,2025-09-10T12:59:00
2025-09-10,EV-03,Electric,Electric,Class6_Box,DUTY_URB_03,D1_Urban,87.2,5.9,3600,0.90,34,164,07:30,13:24,17.6,18.4,Windy,0.0,Completed,0,0.0,,151.1,8.2,159.3,181.0,100.0,20.3,CHG-01,50.0,Baseline_Meter,,Not_Subscribed_Baseline,Quarter_End,2025-09-10T13:54:00,,2025-11-15T00:00:00
2025-09-10,D-04,Diesel,Diesel,Class6_Box,DUTY_SUB_01,D2_Suburban,131.9,6.3,3080,0.77,13,300,07:00,13:18,17.7,18.4,Windy,0.0,Completed,0,0.0,38.2,,,,,,,,,None,,Not_Installed_Diesel,Quarter_End,2025-09-10T13:48:00,,2025-11-15T00:00:00
2025-09-10,D-05,Diesel,Diesel,Class6_Box,DUTY_SUB_02,D2_Suburban,133.9,6.5,2880,0.72,16,298,07:00,13:30,17.5,18.4,Windy,0.0,Completed,0,0.0,37.9,,,,,,,,,None,,Not_Installed_Diesel,Quarter_End,2025-09-10T13:59:00,,2025-11-15T00:00:00
2025-09-10,D-06,Diesel,Diesel,Class6_Box,DUTY_SUB_03,D2_Suburban,136.9,6.3,3000,0.75,18,297,07:30,13:48,17.2,18.4,Windy,0.0,Completed,0,0.0,38.1,,,,,,,,,None,,Not_Installed_Diesel,Quarter_End,2025-09-10T13:59:00,,2025-11-15T00:00:00
2025-09-10,D-07,Diesel,Diesel,Class6_Box,DUTY_SUB_04,D2_Suburban,134.3,6.3,2920,0.73,14,286,07:15,13:33,17.4,18.4,Windy,0.0,Completed,0,0.0,36.9,,,,,,,,,None,,Not_Installed_Diesel,Quarter_End,2025-09-10T13:59:00,,2025-11-15T00:00:00
2025-09-10,D-08,Diesel,Diesel,Class6_Box,DUTY_REG_01,D3_Regional,211.7,8.2,2880,0.72,7,500,07:30,15:41,15.3,18.4,Windy,0.0,Completed,0,0.0,56.3,,,,,,,,,None,,Not_Installed_Diesel,Quarter_End,2025-09-10T15:59:00,,2025-11-15T00:00:00
2025-09-10,D-09,Diesel,Diesel,Class6_Box,DUTY_REG_02,D3_Regional,209.2,7.9,3040,0.76,8,488,07:00,14:54,16.1,18.4,Windy,0.0,Completed,0,0.0,57.1,,,,,,,,,None,,Not_Installed_Diesel,Quarter_End,2025-09-10T14:59:00,,2025-11-15T00:00:00
2025-09-10,D-10,Diesel,Diesel,Class6_Box,DUTY_REG_03,D3_Regional,210.4,8.2,2880,0.72,10,554,07:30,15:41,15.3,18.4,Windy,0.0,Completed,0,0.0,57.2,,,,,,,,,None,,Not_Installed_Diesel,Quarter_End,2025-09-10T15:59:00,,2025-11-15T00:00:00
2025-09-11,EV-01,Electric,Electric,Class6_Box,DUTY_URB_01,D1_Urban,84.7,5.7,2880,0.72,31,127,07:15,12:57,18.1,26.9,Rain,0.1,Completed,0,0.0,,155.0,10.9,165.9,188.5,100.0,17.0,CHG-01,50.0,Enhanced_Telemetry,153.9,Received_Valid,Immediate_CAN_Bus,2025-09-11T12:59:00,2025-09-11T12:59:00,2025-09-11T12:59:00
2025-09-11,EV-02,Electric,Electric,Class6_Box,DUTY_URB_02,D1_Urban,84.8,5.5,3000,0.75,26,139,07:00,12:30,18.5,26.9,Rain,0.1,Completed,0,0.0,,156.4,11.7,168.1,191.0,100.0,16.0,CHG-02,50.0,Enhanced_Telemetry,156.5,Received_Valid,Immediate_CAN_Bus,2025-09-11T12:59:00,2025-09-11T12:35:00,2025-09-11T12:35:00
2025-09-11,EV-03,Electric,Electric,Class6_Box,DUTY_URB_03,D1_Urban,83.7,5.6,2840,0.71,35,135,07:30,13:06,17.9,26.9,Rain,0.1,Completed,0,0.0,,148.8,11.2,160.0,181.8,100.0,20.0,CHG-01,50.0,Baseline_Meter,,Not_Subscribed_Baseline,Quarter_End,2025-09-11T13:36:00,,2025-11-15T00:00:00
2025-09-11,D-04,Diesel,Diesel,Class6_Box,DUTY_SUB_01,D2_Suburban,133.3,6.2,2880,0.72,13,279,07:00,13:12,17.8,26.9,Rain,0.1,Completed,0,0.0,37.0,,,,,,,,,None,,Not_Installed_Diesel,Quarter_End,2025-09-11T13:42:00,,2025-11-15T00:00:00
2025-09-11,D-05,Diesel,Diesel,Class6_Box,DUTY_SUB_02,D2_Suburban,136.0,6.7,2640,0.66,12,294,07:30,14:12,16.8,26.9,Rain,0.1,Completed,0,0.0,37.7,,,,,,,,,None,,Not_Installed_Diesel,Quarter_End,2025-09-11T14:42:00,,2025-11-15T00:00:00
2025-09-11,D-06,Diesel,Diesel,Class6_Box,DUTY_SUB_03,D2_Suburban,134.7,7.1,2680,0.67,15,309,07:30,14:36,16.4,26.9,Rain,0.1,Completed,0,0.0,37.8,,,,,,,,,None,,Not_Installed_Diesel,Quarter_End,2025-09-11T14:59:00,,2025-11-15T00:00:00
2025-09-11,D-07,Diesel,Diesel,Class6_Box,DUTY_SUB_04,D2_Suburban,132.8,6.7,2440,0.61,12,286,07:15,13:57,17.1,26.9,Rain,0.1,Completed,0,0.0,37.4,,,,,,,,,None,,Not_Installed_Diesel,Quarter_End,2025-09-11T13:59:00,,2025-11-15T00:00:00
2025-09-11,D-08,Diesel,Diesel,Class6_Box,DUTY_REG_01,D3_Regional,209.5,7.9,2800,0.70,9,504,07:15,15:09,15.8,26.9,Rain,0.1,Completed,0,0.0,57.1,,,,,,,,,None,,Not_Installed_Diesel,Quarter_End,2025-09-11T15:39:00,,2025-11-15T00:00:00
2025-09-11,D-09,Diesel,Diesel,Class6_Box,DUTY_REG_02,D3_Regional,206.9,7.7,2480,0.62,4,479,07:00,14:42,16.3,26.9,Rain,0.1,Completed,0,0.0,56.9,,,,,,,,,None,,Not_Installed_Diesel,Quarter_End,2025-09-11T14:59:00,,2025-11-15T00:00:00
2025-09-11,D-10,Diesel,Diesel,Class6_Box,DUTY_REG_03,D3_Regional,213.8,8.0,2640,0.66,9,553,07:15,15:15,15.8,26.9,Rain,0.1,Completed,0,0.0,57.2,,,,,,,,,None,,Not_Installed_Diesel,Quarter_End,2025-09-11T15:45:00,,2025-11-15T00:00:00
2025-09-12,EV-01,Electric,Electric,Class6_Box,DUTY_URB_01,D1_Urban,86.0,6.2,2600,0.65,30,127,07:30,13:42,17.3,15.7,Dry,0.0,Completed,0,0.0,,155.3,5.2,160.5,182.4,100.0,19.8,CHG-01,50.0,Enhanced_Telemetry,155.5,Received_Valid,Immediate_CAN_Bus,2025-09-12T13:59:00,2025-09-12T13:47:00,2025-09-12T13:47:00
2025-09-12,EV-02,Electric,Electric,Class6_Box,DUTY_URB_02,D1_Urban,84.8,5.5,2880,0.72,26,148,07:00,12:30,18.5,15.7,Dry,0.0,Completed,0,0.0,,149.6,5.7,155.3,176.5,100.0,22.3,CHG-02,50.0,Enhanced_Telemetry,149.5,Received_Valid,Immediate_CAN_Bus,2025-09-12T12:59:00,2025-09-12T12:35:00,2025-09-12T12:35:00
2025-09-12,EV-03,Electric,Electric,Class6_Box,DUTY_URB_03,D1_Urban,84.8,5.5,2960,0.74,32,128,07:15,12:45,18.2,15.7,Dry,0.0,Completed,0,0.0,,150.2,7.9,158.1,179.7,100.0,21.0,CHG-01,50.0,Baseline_Meter,,Not_Subscribed_Baseline,Quarter_End,2025-09-12T12:59:00,,2025-11-15T00:00:00
2025-09-12,D-04,Diesel,Diesel,Class6_Box,DUTY_SUB_01,D2_Suburban,133.6,6.2,2840,0.71,13,288,07:15,13:27,17.6,15.7,Dry,0.0,Completed,0,0.0,38.2,,,,,,,,,None,,Not_Installed_Diesel,Quarter_End,2025-09-12T13:57:00,,2025-11-15T00:00:00
2025-09-12,D-05,Diesel,Diesel,Class6_Box,DUTY_SUB_02,D2_Suburban,138.4,6.3,3040,0.76,17,283,07:30,13:48,17.2,15.7,Dry,0.0,Completed,0,0.0,38.3,,,,,,,,,None,,Not_Installed_Diesel,Quarter_End,2025-09-12T13:59:00,,2025-11-15T00:00:00
2025-09-12,D-06,Diesel,Diesel,Class6_Box,DUTY_SUB_03,D2_Suburban,137.9,6.2,2800,0.70,20,320,07:30,13:42,17.3,15.7,Dry,0.0,Completed,0,0.0,37.0,,,,,,,,,None,,Not_Installed_Diesel,Quarter_End,2025-09-12T13:59:00,,2025-11-15T00:00:00
2025-09-12,D-07,Diesel,Diesel,Class6_Box,DUTY_SUB_04,D2_Suburban,137.9,6.5,3080,0.77,12,266,07:15,13:45,17.2,15.7,Dry,0.0,Completed,0,0.0,38.4,,,,,,,,,None,,Not_Installed_Diesel,Quarter_End,2025-09-12T13:59:00,,2025-11-15T00:00:00
2025-09-12,D-08,Diesel,Diesel,Class6_Box,DUTY_REG_01,D3_Regional,210.3,7.8,2600,0.65,7,526,07:30,15:18,15.7,15.7,Dry,0.0,Completed,0,0.0,56.5,,,,,,,,,None,,Not_Installed_Diesel,Quarter_End,2025-09-12T15:48:00,,2025-11-15T00:00:00
2025-09-12,D-09,Diesel,Diesel,Class6_Box,DUTY_REG_02,D3_Regional,207.4,8.0,2800,0.70,7,490,07:15,15:15,15.8,15.7,Dry,0.0,Completed,0,0.0,56.6,,,,,,,,,None,,Not_Installed_Diesel,Quarter_End,2025-09-12T15:45:00,,2025-11-15T00:00:00
2025-09-12,D-10,Diesel,Diesel,Class6_Box,DUTY_REG_03,D3_Regional,213.2,8.2,3040,0.76,4,545,07:30,15:41,15.3,15.7,Dry,0.0,Completed,0,0.0,57.0,,,,,,,,,None,,Not_Installed_Diesel,Quarter_End,2025-09-12T15:59:00,,2025-11-15T00:00:00
2025-09-15,EV-01,Electric,Electric,Class6_Box,DUTY_URB_01,D1_Urban,84.8,5.6,3040,0.76,32,131,07:15,12:51,18.1,25.7,Windy,0.0,Completed,0,0.0,,152.9,12.6,165.5,188.1,100.0,17.2,CHG-01,50.0,Enhanced_Telemetry,153.4,Received_Valid,Immediate_CAN_Bus,2025-09-15T12:59:00,2025-09-15T12:56:00,2025-09-15T12:56:00
2025-09-15,EV-02,Electric,Electric,Class6_Box,DUTY_URB_02,D1_Urban,82.2,5.2,2480,0.62,25,142,07:00,12:12,18.8,25.7,Windy,0.0,Completed,0,0.0,,146.6,11.5,158.1,179.7,100.0,21.0,CHG-02,50.0,Enhanced_Telemetry,146.1,Received_Valid,Immediate_CAN_Bus,2025-09-15T12:42:00,2025-09-15T12:17:00,2025-09-15T12:17:00
2025-09-15,EV-03,Electric,Electric,Class6_Box,DUTY_URB_03,D1_Urban,83.3,5.8,2480,0.62,30,127,07:15,13:03,17.9,25.7,Windy,0.0,Completed,0,0.0,,151.7,11.4,163.1,185.3,100.0,18.5,CHG-01,50.0,Baseline_Meter,,Not_Subscribed_Baseline,Quarter_End,2025-09-15T13:33:00,,2025-11-15T00:00:00
2025-09-15,D-04,Diesel,Diesel,Class6_Box,DUTY_SUB_01,D2_Suburban,132.9,6.4,2200,0.55,17,295,07:00,13:24,17.6,25.7,Windy,0.0,Completed,0,0.0,38.6,,,,,,,,,None,,Not_Installed_Diesel,Quarter_End,2025-09-15T13:54:00,,2025-11-15T00:00:00
2025-09-15,D-05,Diesel,Diesel,Class6_Box,DUTY_SUB_02,D2_Suburban,137.1,6.6,2400,0.60,18,274,07:00,13:36,17.4,25.7,Windy,0.0,Completed,0,0.0,38.3,,,,,,,,,None,,Not_Installed_Diesel,Quarter_End,2025-09-15T13:59:00,,2025-11-15T00:00:00
2025-09-15,D-06,Diesel,Diesel,Class6_Box,DUTY_SUB_03,D2_Suburban,135.1,6.9,2640,0.66,14,308,07:30,14:24,16.6,25.7,Windy,0.0,Completed,0,0.0,37.5,,,,,,,,,None,,Not_Installed_Diesel,Quarter_End,2025-09-15T14:54:00,,2025-11-15T00:00:00
2025-09-15,D-07,Diesel,Diesel,Class6_Box,DUTY_SUB_04,D2_Suburban,135.6,6.6,3000,0.75,17,283,07:15,13:51,17.1,25.7,Windy,0.0,Completed,0,0.0,36.6,,,,,,,,,None,,Not_Installed_Diesel,Quarter_End,2025-09-15T13:59:00,,2025-11-15T00:00:00
2025-09-15,D-08,Diesel,Diesel,Class6_Box,DUTY_REG_01,D3_Regional,208.9,7.3,3200,0.80,5,503,07:00,14:18,16.7,25.7,Windy,0.0,Completed,0,0.0,55.9,,,,,,,,,None,,Not_Installed_Diesel,Quarter_End,2025-09-15T14:48:00,,2025-11-15T00:00:00
2025-09-15,D-09,Diesel,Diesel,Class6_Box,DUTY_REG_02,D3_Regional,209.0,8.0,2640,0.66,3,499,07:15,15:15,15.8,25.7,Windy,0.0,Completed,0,0.0,56.0,,,,,,,,,None,,Not_Installed_Diesel,Quarter_End,2025-09-15T15:45:00,,2025-11-15T00:00:00
2025-09-15,D-10,Diesel,Diesel,Class6_Box,DUTY_REG_03,D3_Regional,210.5,7.8,2720,0.68,10,566,07:15,15:03,15.9,25.7,Windy,0.0,Completed,0,0.0,56.3,,,,,,,,,None,,Not_Installed_Diesel,Quarter_End,2025-09-15T15:33:00,,2025-11-15T00:00:00
2025-09-16,EV-01,Electric,Electric,Class6_Box,DUTY_URB_01,D1_Urban,84.0,5.8,2760,0.69,32,139,07:15,13:03,17.9,21.6,Dry,0.0,Completed,0,0.0,,148.9,9.7,158.6,180.2,100.0,20.7,CHG-01,50.0,Enhanced_Telemetry,149.7,Received_Valid,Immediate_CAN_Bus,2025-09-16T13:33:00,2025-09-16T13:08:00,2025-09-16T13:08:00
2025-09-16,EV-02,Electric,Electric,Class6_Box,DUTY_URB_02,D1_Urban,84.9,5.5,2840,0.71,25,141,07:30,13:00,18.0,21.6,Dry,0.0,Completed,0,0.0,,145.3,9.8,155.1,176.2,100.0,22.5,CHG-02,50.0,Enhanced_Telemetry,144.4,Received_Valid,Immediate_CAN_Bus,2025-09-16T13:30:00,2025-09-16T13:05:00,2025-09-16T13:05:00
2025-09-16,EV-03,Electric,Electric,Class6_Box,DUTY_URB_03,D1_Urban,83.4,5.4,2760,0.69,33,135,07:00,12:24,18.6,21.6,Dry,0.0,Completed,0,0.0,,144.8,11.2,156.0,177.3,100.0,22.0,CHG-01,50.0,Baseline_Meter,,Not_Subscribed_Baseline,Quarter_End,2025-09-16T12:54:00,,2025-11-15T00:00:00
2025-09-16,D-04,Diesel,Diesel,Class6_Box,DUTY_SUB_01,D2_Suburban,133.1,6.4,3200,0.80,13,297,07:00,13:24,17.6,21.6,Dry,0.0,Completed,0,0.0,37.7,,,,,,,,,None,,Not_Installed_Diesel,Quarter_End,2025-09-16T13:54:00,,2025-11-15T00:00:00
2025-09-16,D-05,Diesel,Diesel,Class6_Box,DUTY_SUB_02,D2_Suburban,135.0,6.6,3240,0.81,13,293,07:15,13:51,17.1,21.6,Dry,0.0,Completed,0,0.0,37.6,,,,,,,,,None,,Not_Installed_Diesel,Quarter_End,2025-09-16T13:59:00,,2025-11-15T00:00:00
2025-09-16,D-06,Diesel,Diesel,Class6_Box,DUTY_SUB_03,D2_Suburban,130.6,6.7,2520,0.63,14,304,07:15,13:57,17.1,21.6,Dry,0.0,Completed,0,0.0,37.4,,,,,,,,,None,,Not_Installed_Diesel,Quarter_End,2025-09-16T13:59:00,,2025-11-15T00:00:00
2025-09-16,D-07,Diesel,Diesel,Class6_Box,DUTY_SUB_04,D2_Suburban,135.5,6.3,3040,0.76,12,273,07:00,13:18,17.7,21.6,Dry,0.0,Completed,0,0.0,38.5,,,,,,,,,None,,Not_Installed_Diesel,Quarter_End,2025-09-16T13:48:00,,2025-11-15T00:00:00
2025-09-16,D-08,Diesel,Diesel,Class6_Box,DUTY_REG_01,D3_Regional,210.4,8.0,2880,0.72,4,517,07:15,15:15,15.8,21.6,Dry,0.0,Completed,0,0.0,57.2,,,,,,,,,None,,Not_Installed_Diesel,Quarter_End,2025-09-16T15:45:00,,2025-11-15T00:00:00
2025-09-16,D-09,Diesel,Diesel,Class6_Box,DUTY_REG_02,D3_Regional,210.6,7.5,3000,0.75,6,478,07:00,14:30,16.5,21.6,Dry,0.0,Completed,0,0.0,56.2,,,,,,,,,None,,Not_Installed_Diesel,Quarter_End,2025-09-16T14:59:00,,2025-11-15T00:00:00
2025-09-16,D-10,Diesel,Diesel,Class6_Box,DUTY_REG_03,D3_Regional,212.6,7.9,2880,0.72,5,568,07:15,15:09,15.8,21.6,Dry,0.0,Completed,0,0.0,56.6,,,,,,,,,None,,Not_Installed_Diesel,Quarter_End,2025-09-16T15:39:00,,2025-11-15T00:00:00
2025-09-17,EV-01,Electric,Electric,Class6_Box,DUTY_URB_01,D1_Urban,86.2,6.0,3080,0.77,27,134,07:30,13:30,17.5,26.6,Dry,0.0,Completed,0,0.0,,152.8,9.6,162.4,184.5,100.0,18.8,CHG-01,50.0,Enhanced_Telemetry,153.5,Received_Valid,Immediate_CAN_Bus,2025-09-17T13:59:00,2025-09-17T13:35:00,2025-09-17T13:35:00
2025-09-17,EV-02,Electric,Electric,Class6_Box,DUTY_URB_02,D1_Urban,86.1,5.1,2840,0.71,27,139,07:00,12:06,18.9,26.6,Dry,0.0,Completed,0,0.0,,152.2,11.2,163.4,185.7,100.0,18.3,CHG-02,50.0,Enhanced_Telemetry,152.9,Received_Valid,Immediate_CAN_Bus,2025-09-17T12:36:00,2025-09-17T12:11:00,2025-09-17T12:11:00
2025-09-17,EV-03,Electric,Electric,Class6_Box,DUTY_URB_03,D1_Urban,85.5,5.9,2600,0.65,33,135,07:15,13:09,17.9,26.6,Dry,0.0,Completed,0,0.0,,143.6,11.3,154.9,176.0,100.0,22.5,CHG-01,50.0,Baseline_Meter,,Not_Subscribed_Baseline,Quarter_End,2025-09-17T13:39:00,,2025-11-15T00:00:00
2025-09-17,D-04,Diesel,Diesel,Class6_Box,DUTY_SUB_01,D2_Suburban,134.7,6.4,3080,0.77,13,280,07:00,13:24,17.6,26.6,Dry,0.0,Completed,0,0.0,38.3,,,,,,,,,None,,Not_Installed_Diesel,Quarter_End,2025-09-17T13:54:00,,2025-11-15T00:00:00
2025-09-17,D-05,Diesel,Diesel,Class6_Box,DUTY_SUB_02,D2_Suburban,136.2,6.2,3120,0.78,15,301,07:00,13:12,17.8,26.6,Dry,0.0,Completed,0,0.0,37.7,,,,,,,,,None,,Not_Installed_Diesel,Quarter_End,2025-09-17T13:42:00,,2025-11-15T00:00:00
2025-09-17,D-06,Diesel,Diesel,Class6_Box,DUTY_SUB_03,D2_Suburban,134.7,6.9,2840,0.71,15,306,07:30,14:24,16.6,26.6,Dry,0.0,Completed,0,0.0,37.5,,,,,,,,,None,,Not_Installed_Diesel,Quarter_End,2025-09-17T14:54:00,,2025-11-15T00:00:00
2025-09-17,D-07,Diesel,Diesel,Class6_Box,DUTY_SUB_04,D2_Suburban,137.0,6.5,2640,0.66,15,285,07:30,14:00,17.0,26.6,Dry,0.0,Completed,0,0.0,38.4,,,,,,,,,None,,Not_Installed_Diesel,Quarter_End,2025-09-17T14:30:00,,2025-11-15T00:00:00
2025-09-17,D-08,Diesel,Diesel,Class6_Box,DUTY_REG_01,D3_Regional,207.9,8.1,2840,0.71,3,522,07:30,15:36,15.4,26.6,Dry,0.0,Completed,0,0.0,57.0,,,,,,,,,None,,Not_Installed_Diesel,Quarter_End,2025-09-17T15:59:00,,2025-11-15T00:00:00
2025-09-17,D-09,Diesel,Diesel,Class6_Box,DUTY_REG_02,D3_Regional,210.5,7.8,2920,0.73,7,502,07:30,15:18,15.7,26.6,Dry,0.0,Completed,0,0.0,57.3,,,,,,,,,None,,Not_Installed_Diesel,Quarter_End,2025-09-17T15:48:00,,2025-11-15T00:00:00
2025-09-17,D-10,Diesel,Diesel,Class6_Box,DUTY_REG_03,D3_Regional,211.7,7.9,2760,0.69,10,541,07:00,14:54,16.1,26.6,Dry,0.0,Completed,0,0.0,56.9,,,,,,,,,None,,Not_Installed_Diesel,Quarter_End,2025-09-17T14:59:00,,2025-11-15T00:00:00
2025-09-18,EV-01,Electric,Electric,Class6_Box,DUTY_URB_01,D1_Urban,88.2,5.6,2880,0.72,32,140,07:30,13:06,17.9,25.3,Heavy_Rain,11.8,Completed,0,0.0,,152.9,12.1,165.0,187.5,100.0,17.5,CHG-01,50.0,Enhanced_Telemetry,153.3,Received_Valid,Immediate_CAN_Bus,2025-09-18T13:36:00,2025-09-18T13:11:00,2025-09-18T13:11:00
2025-09-18,EV-02,Electric,Electric,Class6_Box,DUTY_URB_02,D1_Urban,84.3,5.9,3240,0.81,30,155,07:15,13:09,17.9,25.3,Heavy_Rain,11.8,Completed,0,0.0,,151.1,14.9,166.0,188.6,100.0,17.0,CHG-02,50.0,Enhanced_Telemetry,151.0,Received_Valid,Immediate_CAN_Bus,2025-09-18T13:39:00,2025-09-18T13:14:00,2025-09-18T13:14:00
2025-09-18,EV-03,Electric,Electric,Class6_Box,DUTY_URB_03,D1_Urban,85.5,6.1,2960,0.74,29,130,07:00,13:06,17.9,25.3,Heavy_Rain,11.8,Completed,0,0.0,,147.9,13.1,161.0,183.0,100.0,19.5,CHG-01,50.0,Baseline_Meter,,Not_Subscribed_Baseline,Quarter_End,2025-09-18T13:36:00,,2025-11-15T00:00:00
2025-09-18,D-04,Diesel,Diesel,Class6_Box,DUTY_SUB_01,D2_Suburban,132.9,6.1,2680,0.67,16,270,07:30,13:36,17.4,25.3,Heavy_Rain,11.8,Completed,0,0.0,39.3,,,,,,,,,None,,Not_Installed_Diesel,Quarter_End,2025-09-18T13:59:00,,2025-11-15T00:00:00
2025-09-18,D-05,Diesel,Diesel,Class6_Box,DUTY_SUB_02,D2_Suburban,137.5,6.0,2920,0.73,14,297,07:15,13:15,17.8,25.3,Heavy_Rain,11.8,Completed,0,0.0,39.7,,,,,,,,,None,,Not_Installed_Diesel,Quarter_End,2025-09-18T13:45:00,,2025-11-15T00:00:00
2025-09-18,D-06,Diesel,Diesel,Class6_Box,DUTY_SUB_03,D2_Suburban,137.3,6.6,3120,0.78,15,324,07:30,14:06,16.9,25.3,Heavy_Rain,11.8,Completed,0,0.0,38.8,,,,,,,,,None,,Not_Installed_Diesel,Quarter_End,2025-09-18T14:36:00,,2025-11-15T00:00:00
2025-09-18,D-07,Diesel,Diesel,Class6_Box,DUTY_SUB_04,D2_Suburban,137.2,6.2,3000,0.75,14,256,07:15,13:27,17.6,25.3,Heavy_Rain,11.8,Completed,0,0.0,39.6,,,,,,,,,None,,Not_Installed_Diesel,Quarter_End,2025-09-18T13:57:00,,2025-11-15T00:00:00
2025-09-18,D-08,Diesel,Diesel,Class6_Box,DUTY_REG_01,D3_Regional,211.8,8.0,2640,0.66,6,508,07:15,15:15,15.8,25.3,Heavy_Rain,11.8,Completed,0,0.0,57.6,,,,,,,,,None,,Not_Installed_Diesel,Quarter_End,2025-09-18T15:45:00,,2025-11-15T00:00:00
2025-09-18,D-09,Diesel,Diesel,Class6_Box,DUTY_REG_02,D3_Regional,207.3,7.7,2640,0.66,5,475,07:00,14:42,16.3,25.3,Heavy_Rain,11.8,Completed,0,0.0,58.3,,,,,,,,,None,,Not_Installed_Diesel,Quarter_End,2025-09-18T14:59:00,,2025-11-15T00:00:00
2025-09-18,D-10,Diesel,Diesel,Class6_Box,DUTY_REG_03,D3_Regional,211.1,8.5,2920,0.73,8,546,07:15,15:45,15.2,25.3,Heavy_Rain,11.8,Completed,0,0.0,59.2,,,,,,,,,None,,Not_Installed_Diesel,Quarter_End,2025-09-18T15:59:00,,2025-11-15T00:00:00
2025-09-19,EV-01,Electric,Electric,Class6_Box,DUTY_URB_01,D1_Urban,84.5,6.3,2640,0.66,27,132,07:30,13:48,17.2,22.4,Dry,0.0,Completed,0,0.0,,148.9,11.1,160.0,181.8,100.0,20.0,CHG-01,50.0,Enhanced_Telemetry,148.5,Received_Valid,Immediate_CAN_Bus,2025-09-19T13:59:00,2025-09-19T13:53:00,2025-09-19T13:53:00
2025-09-19,EV-02,Electric,Electric,Class6_Box,DUTY_URB_02,D1_Urban,86.4,5.8,2760,0.69,27,153,07:15,13:03,17.9,22.4,Dry,0.0,Completed,0,0.0,,155.2,12.5,167.7,190.6,100.0,16.2,CHG-02,50.0,Enhanced_Telemetry,155.6,Received_Valid,Immediate_CAN_Bus,2025-09-19T13:33:00,2025-09-19T13:08:00,2025-09-19T13:08:00
2025-09-19,EV-03,Electric,Electric,Class6_Box,DUTY_URB_03,D1_Urban,86.0,5.8,3000,0.75,33,153,07:15,13:03,17.9,22.4,Dry,0.0,Completed,0,0.0,,150.7,9.1,159.8,181.6,100.0,20.1,CHG-01,50.0,Baseline_Meter,,Not_Subscribed_Baseline,Quarter_End,2025-09-19T13:33:00,,2025-11-15T00:00:00
2025-09-19,D-04,Diesel,Diesel,Class6_Box,DUTY_SUB_01,D2_Suburban,133.5,6.1,2800,0.70,15,277,07:00,13:06,17.9,22.4,Dry,0.0,Completed,0,0.0,38.3,,,,,,,,,None,,Not_Installed_Diesel,Quarter_End,2025-09-19T13:36:00,,2025-11-15T00:00:00
2025-09-19,D-05,Diesel,Diesel,Class6_Box,DUTY_SUB_02,D2_Suburban,136.1,6.2,2880,0.72,15,306,07:15,13:27,17.6,22.4,Dry,0.0,Completed,0,0.0,38.0,,,,,,,,,None,,Not_Installed_Diesel,Quarter_End,2025-09-19T13:57:00,,2025-11-15T00:00:00
2025-09-19,D-06,Diesel,Diesel,Class6_Box,DUTY_SUB_03,D2_Suburban,139.4,6.5,2840,0.71,19,319,07:00,13:30,17.5,22.4,Dry,0.0,Completed,0,0.0,37.6,,,,,,,,,None,,Not_Installed_Diesel,Quarter_End,2025-09-19T13:59:00,,2025-11-15T00:00:00
2025-09-19,D-07,Diesel,Diesel,Class6_Box,DUTY_SUB_04,D2_Suburban,134.4,6.4,2720,0.68,17,276,07:30,13:54,17.1,22.4,Dry,0.0,Completed,0,0.0,37.7,,,,,,,,,None,,Not_Installed_Diesel,Quarter_End,2025-09-19T13:59:00,,2025-11-15T00:00:00
2025-09-19,D-08,Diesel,Diesel,Class6_Box,DUTY_REG_01,D3_Regional,211.6,8.2,2920,0.73,7,514,07:15,15:26,15.6,22.4,Dry,0.0,Completed,0,0.0,57.0,,,,,,,,,None,,Not_Installed_Diesel,Quarter_End,2025-09-19T15:56:00,,2025-11-15T00:00:00
2025-09-19,D-09,Diesel,Diesel,Class6_Box,DUTY_REG_02,D3_Regional,208.4,7.5,3160,0.79,5,502,07:15,14:45,16.2,22.4,Dry,0.0,Completed,0,0.0,57.6,,,,,,,,,None,,Not_Installed_Diesel,Quarter_End,2025-09-19T14:59:00,,2025-11-15T00:00:00
2025-09-19,D-10,Diesel,Diesel,Class6_Box,DUTY_REG_03,D3_Regional,213.5,8.1,2840,0.71,7,546,07:15,15:21,15.7,22.4,Dry,0.0,Completed,0,0.0,56.3,,,,,,,,,None,,Not_Installed_Diesel,Quarter_End,2025-09-19T15:51:00,,2025-11-15T00:00:00
2025-09-22,EV-01,Electric,Electric,Class6_Box,DUTY_URB_01,D1_Urban,87.6,5.5,2960,0.74,29,139,07:15,12:45,18.2,18.3,Dry,0.0,Completed,0,0.0,,152.3,9.3,161.6,183.6,100.0,19.2,CHG-01,50.0,Enhanced_Telemetry,151.5,Received_Valid,Immediate_CAN_Bus,2025-09-22T12:59:00,2025-09-22T12:50:00,2025-09-22T12:50:00
2025-09-22,EV-02,Electric,Electric,Class6_Box,DUTY_URB_02,D1_Urban,84.1,5.6,2600,0.65,25,115,07:30,13:06,17.9,18.3,Dry,0.0,Completed,0,0.0,,146.8,8.9,155.7,176.9,100.0,22.2,CHG-02,50.0,Enhanced_Telemetry,145.9,Received_Valid,Immediate_CAN_Bus,2025-09-22T13:36:00,2025-09-22T13:11:00,2025-09-22T13:11:00
2025-09-22,EV-03,Electric,Electric,Class6_Box,DUTY_URB_03,D1_Urban,87.2,5.9,3400,0.85,35,152,07:00,12:54,18.1,18.3,Dry,0.0,Completed,0,0.0,,154.2,8.4,162.6,184.8,100.0,18.7,CHG-01,50.0,Baseline_Meter,,Not_Subscribed_Baseline,Quarter_End,2025-09-22T12:59:00,,2025-11-15T00:00:00
2025-09-22,D-04,Diesel,Diesel,Class6_Box,DUTY_SUB_01,D2_Suburban,133.3,6.1,2920,0.73,14,261,07:15,13:21,17.6,18.3,Dry,0.0,Completed,0,0.0,37.5,,,,,,,,,None,,Not_Installed_Diesel,Quarter_End,2025-09-22T13:51:00,,2025-11-15T00:00:00
2025-09-22,D-05,Diesel,Diesel,Class6_Box,DUTY_SUB_02,D2_Suburban,131.7,6.8,2640,0.66,15,306,07:30,14:18,16.7,18.3,Dry,0.0,Completed,0,0.0,37.4,,,,,,,,,None,,Not_Installed_Diesel,Quarter_End,2025-09-22T14:48:00,,2025-11-15T00:00:00
2025-09-22,D-06,Diesel,Diesel,Class6_Box,DUTY_SUB_03,D2_Suburban,135.9,6.4,3160,0.79,20,292,07:15,13:39,17.4,18.3,Dry,0.0,Completed,0,0.0,38.0,,,,,,,,,None,,Not_Installed_Diesel,Quarter_End,2025-09-22T13:59:00,,2025-11-15T00:00:00
2025-09-22,D-07,Diesel,Diesel,Class6_Box,DUTY_SUB_04,D2_Suburban,134.2,6.0,2920,0.73,15,285,07:15,13:15,17.8,18.3,Dry,0.0,Completed,0,0.0,38.2,,,,,,,,,None,,Not_Installed_Diesel,Quarter_End,2025-09-22T13:45:00,,2025-11-15T00:00:00
2025-09-22,D-08,Diesel,Diesel,Class6_Box,DUTY_REG_01,D3_Regional,207.9,7.9,2960,0.74,6,503,07:15,15:09,15.8,18.3,Dry,0.0,Completed,0,0.0,56.0,,,,,,,,,None,,Not_Installed_Diesel,Quarter_End,2025-09-22T15:39:00,,2025-11-15T00:00:00
2025-09-22,D-09,Diesel,Diesel,Class6_Box,DUTY_REG_02,D3_Regional,208.4,7.6,2920,0.73,5,483,07:00,14:36,16.4,18.3,Dry,0.0,Completed,0,0.0,56.4,,,,,,,,,None,,Not_Installed_Diesel,Quarter_End,2025-09-22T14:59:00,,2025-11-15T00:00:00
2025-09-22,D-10,Diesel,Diesel,Class6_Box,DUTY_REG_03,D3_Regional,208.7,8.2,2760,0.69,5,562,07:30,15:41,15.3,18.3,Dry,0.0,Completed,0,0.0,55.8,,,,,,,,,None,,Not_Installed_Diesel,Quarter_End,2025-09-22T15:59:00,,2025-11-15T00:00:00
2025-09-23,EV-01,Electric,Electric,Class6_Box,DUTY_URB_01,D1_Urban,83.6,5.9,2920,0.73,33,133,07:00,12:54,18.1,24.5,Heavy_Rain,9.3,Completed,0,0.0,,143.8,10.7,154.5,175.6,100.0,22.8,CHG-01,50.0,Enhanced_Telemetry,,Dropped_Cellular_Deadzone,Immediate_CAN_Bus,2025-09-23T12:59:00,2025-09-23T12:59:00,2025-09-23T12:59:00
2025-09-23,EV-02,Electric,Electric,Class6_Box,DUTY_URB_02,D1_Urban,86.1,5.9,3160,0.79,26,116,07:00,12:54,18.1,24.5,Heavy_Rain,9.3,Completed,0,0.0,,149.7,11.5,161.2,183.2,100.0,19.4,CHG-02,50.0,Enhanced_Telemetry,149.4,Received_Valid,Immediate_CAN_Bus,2025-09-23T12:59:00,2025-09-23T12:59:00,2025-09-23T12:59:00
2025-09-23,EV-03,Electric,Electric,Class6_Box,DUTY_URB_03,D1_Urban,86.1,5.3,2840,0.71,31,165,07:15,12:33,18.4,24.5,Heavy_Rain,9.3,Completed,0,0.0,,150.3,12.0,162.3,184.4,100.0,18.8,CHG-01,50.0,Baseline_Meter,,Not_Subscribed_Baseline,Quarter_End,2025-09-23T12:59:00,,2025-11-15T00:00:00
2025-09-23,D-04,Diesel,Diesel,Class6_Box,DUTY_SUB_01,D2_Suburban,135.8,6.6,2960,0.74,17,288,07:00,13:36,17.4,24.5,Heavy_Rain,9.3,Completed,0,0.0,38.8,,,,,,,,,None,,Not_Installed_Diesel,Quarter_End,2025-09-23T13:59:00,,2025-11-15T00:00:00
2025-09-23,D-05,Diesel,Diesel,Class6_Box,DUTY_SUB_02,D2_Suburban,137.5,6.3,3040,0.76,14,285,07:30,13:48,17.2,24.5,Heavy_Rain,9.3,Completed,0,0.0,38.5,,,,,,,,,None,,Not_Installed_Diesel,Quarter_End,2025-09-23T13:59:00,,2025-11-15T00:00:00
2025-09-23,D-06,Diesel,Diesel,Class6_Box,DUTY_SUB_03,D2_Suburban,135.6,6.8,2760,0.69,17,307,07:30,14:18,16.7,24.5,Heavy_Rain,9.3,Completed,0,0.0,38.6,,,,,,,,,None,,Not_Installed_Diesel,Quarter_End,2025-09-23T14:48:00,,2025-11-15T00:00:00
2025-09-23,D-07,Diesel,Diesel,Class6_Box,DUTY_SUB_04,D2_Suburban,136.2,6.4,3120,0.78,16,271,07:30,13:54,17.1,24.5,Heavy_Rain,9.3,Completed,0,0.0,39.0,,,,,,,,,None,,Not_Installed_Diesel,Quarter_End,2025-09-23T13:59:00,,2025-11-15T00:00:00
2025-09-23,D-08,Diesel,Diesel,Class6_Box,DUTY_REG_01,D3_Regional,210.1,7.8,2760,0.69,3,538,07:00,14:48,16.2,24.5,Heavy_Rain,9.3,Completed,0,0.0,58.1,,,,,,,,,None,,Not_Installed_Diesel,Quarter_End,2025-09-23T14:59:00,,2025-11-15T00:00:00
2025-09-23,D-09,Diesel,Diesel,Class6_Box,DUTY_REG_02,D3_Regional,211.0,7.8,2640,0.66,8,474,07:30,15:18,15.7,24.5,Heavy_Rain,9.3,Completed,0,0.0,57.6,,,,,,,,,None,,Not_Installed_Diesel,Quarter_End,2025-09-23T15:48:00,,2025-11-15T00:00:00
2025-09-23,D-10,Diesel,Diesel,Class6_Box,DUTY_REG_03,D3_Regional,209.5,8.0,2720,0.68,4,531,07:15,15:15,15.8,24.5,Heavy_Rain,9.3,Completed,0,0.0,57.8,,,,,,,,,None,,Not_Installed_Diesel,Quarter_End,2025-09-23T15:45:00,,2025-11-15T00:00:00
2025-09-24,EV-01,Electric,Electric,Class6_Box,DUTY_URB_01,D1_Urban,83.6,5.8,2640,0.66,27,146,07:30,13:18,17.7,15.9,Dry,0.0,Completed,0,0.0,,145.4,7.2,152.6,173.4,100.0,23.7,CHG-01,50.0,Enhanced_Telemetry,144.7,Received_Valid,Immediate_CAN_Bus,2025-09-24T13:48:00,2025-09-24T13:23:00,2025-09-24T13:23:00
2025-09-24,EV-02,Electric,Electric,Class6_Box,DUTY_URB_02,D1_Urban,85.1,5.6,2960,0.74,29,117,07:30,13:06,17.9,15.9,Dry,0.0,Completed,0,0.0,,149.4,8.0,157.4,178.9,100.0,21.3,CHG-02,50.0,Enhanced_Telemetry,149.0,Received_Valid,Immediate_CAN_Bus,2025-09-24T13:36:00,2025-09-24T13:11:00,2025-09-24T13:11:00
2025-09-24,EV-03,Electric,Electric,Class6_Box,DUTY_URB_03,D1_Urban,87.4,5.9,2840,0.71,34,141,07:30,13:24,17.6,15.9,Dry,0.0,Completed,0,0.0,,155.4,6.7,162.1,184.2,100.0,19.0,CHG-01,50.0,Baseline_Meter,,Not_Subscribed_Baseline,Quarter_End,2025-09-24T13:54:00,,2025-11-15T00:00:00
2025-09-24,D-04,Diesel,Diesel,Class6_Box,DUTY_SUB_01,D2_Suburban,135.9,6.4,2880,0.72,14,260,07:30,13:54,17.1,15.9,Dry,0.0,Completed,0,0.0,37.7,,,,,,,,,None,,Not_Installed_Diesel,Quarter_End,2025-09-24T13:59:00,,2025-11-15T00:00:00
2025-09-24,D-05,Diesel,Diesel,Class6_Box,DUTY_SUB_02,D2_Suburban,135.5,6.8,3000,0.75,16,275,07:00,13:48,17.2,15.9,Dry,0.0,Completed,0,0.0,38.4,,,,,,,,,None,,Not_Installed_Diesel,Quarter_End,2025-09-24T13:59:00,,2025-11-15T00:00:00
2025-09-24,D-06,Diesel,Diesel,Class6_Box,DUTY_SUB_03,D2_Suburban,134.7,6.8,2520,0.63,15,329,07:15,14:03,16.9,15.9,Dry,0.0,Completed,0,0.0,38.4,,,,,,,,,None,,Not_Installed_Diesel,Quarter_End,2025-09-24T14:33:00,,2025-11-15T00:00:00
2025-09-24,D-07,Diesel,Diesel,Class6_Box,DUTY_SUB_04,D2_Suburban,137.6,6.1,2760,0.69,13,257,07:15,13:21,17.6,15.9,Dry,0.0,Completed,0,0.0,38.2,,,,,,,,,None,,Not_Installed_Diesel,Quarter_End,2025-09-24T13:51:00,,2025-11-15T00:00:00
2025-09-24,D-08,Diesel,Diesel,Class6_Box,DUTY_REG_01,D3_Regional,207.1,7.8,2920,0.73,4,525,07:30,15:18,15.7,15.9,Dry,0.0,Completed,0,0.0,56.8,,,,,,,,,None,,Not_Installed_Diesel,Quarter_End,2025-09-24T15:48:00,,2025-11-15T00:00:00
2025-09-24,D-09,Diesel,Diesel,Class6_Box,DUTY_REG_02,D3_Regional,206.5,7.8,2800,0.70,6,493,07:15,15:03,15.9,15.9,Dry,0.0,Completed,0,0.0,56.4,,,,,,,,,None,,Not_Installed_Diesel,Quarter_End,2025-09-24T15:33:00,,2025-11-15T00:00:00
2025-09-24,D-10,Diesel,Diesel,Class6_Box,DUTY_REG_03,D3_Regional,212.8,7.6,2680,0.67,8,556,07:15,14:51,16.1,15.9,Dry,0.0,Completed,0,0.0,56.5,,,,,,,,,None,,Not_Installed_Diesel,Quarter_End,2025-09-24T14:59:00,,2025-11-15T00:00:00
2025-09-25,EV-01,Electric,Electric,Class6_Box,DUTY_URB_01,D1_Urban,88.0,5.4,3040,0.76,28,123,07:30,12:54,18.1,19.6,Dry,0.0,Completed,0,0.0,,153.3,8.7,162.0,184.1,100.0,19.0,CHG-01,50.0,Enhanced_Telemetry,153.5,Received_Valid,Immediate_CAN_Bus,2025-09-25T12:59:00,2025-09-25T12:59:00,2025-09-25T12:59:00
2025-09-25,EV-02,Electric,Electric,Class6_Box,DUTY_URB_02,D1_Urban,84.3,5.9,3000,0.75,29,152,07:15,13:09,17.9,19.6,Dry,0.0,Completed,0,0.0,,150.8,11.0,161.8,183.9,100.0,19.1,CHG-02,50.0,Enhanced_Telemetry,149.8,Received_Valid,Immediate_CAN_Bus,2025-09-25T13:39:00,2025-09-25T13:14:00,2025-09-25T13:14:00
2025-09-25,EV-03,Electric,Electric,Class6_Box,DUTY_URB_03,D1_Urban,84.9,5.8,2960,0.74,34,163,07:00,12:48,18.2,19.6,Dry,0.0,Completed,0,0.0,,143.1,9.5,152.6,173.4,100.0,23.7,CHG-01,50.0,Baseline_Meter,,Not_Subscribed_Baseline,Quarter_End,2025-09-25T12:59:00,,2025-11-15T00:00:00
2025-09-25,D-04,Diesel,Diesel,Class6_Box,DUTY_SUB_01,D2_Suburban,132.6,6.3,2640,0.66,14,283,07:15,13:33,17.4,19.6,Dry,0.0,Completed,0,0.0,38.1,,,,,,,,,None,,Not_Installed_Diesel,Quarter_End,2025-09-25T13:59:00,,2025-11-15T00:00:00
2025-09-25,D-05,Diesel,Diesel,Class6_Box,DUTY_SUB_02,D2_Suburban,135.0,6.8,2720,0.68,13,276,07:30,14:18,16.7,19.6,Dry,0.0,Completed,0,0.0,38.3,,,,,,,,,None,,Not_Installed_Diesel,Quarter_End,2025-09-25T14:48:00,,2025-11-15T00:00:00
2025-09-25,D-06,Diesel,Diesel,Class6_Box,DUTY_SUB_03,D2_Suburban,135.9,6.8,2760,0.69,14,319,07:15,14:03,16.9,19.6,Dry,0.0,Completed,0,0.0,37.6,,,,,,,,,None,,Not_Installed_Diesel,Quarter_End,2025-09-25T14:33:00,,2025-11-15T00:00:00
2025-09-25,D-07,Diesel,Diesel,Class6_Box,DUTY_SUB_04,D2_Suburban,133.6,6.1,2840,0.71,17,273,07:00,13:06,17.9,19.6,Dry,0.0,Completed,0,0.0,37.4,,,,,,,,,None,,Not_Installed_Diesel,Quarter_End,2025-09-25T13:36:00,,2025-11-15T00:00:00
2025-09-25,D-08,Diesel,Diesel,Class6_Box,DUTY_REG_01,D3_Regional,209.3,8.0,2640,0.66,3,537,07:30,15:30,15.5,19.6,Dry,0.0,Completed,0,0.0,56.4,,,,,,,,,None,,Not_Installed_Diesel,Quarter_End,2025-09-25T15:59:00,,2025-11-15T00:00:00
2025-09-25,D-09,Diesel,Diesel,Class6_Box,DUTY_REG_02,D3_Regional,209.4,7.7,2600,0.65,2,491,07:00,14:42,16.3,19.6,Dry,0.0,Completed,0,0.0,56.9,,,,,,,,,None,,Not_Installed_Diesel,Quarter_End,2025-09-25T14:59:00,,2025-11-15T00:00:00
2025-09-25,D-10,Diesel,Diesel,Class6_Box,DUTY_REG_03,D3_Regional,214.3,7.6,3040,0.76,10,536,07:30,15:06,15.9,19.6,Dry,0.0,Completed,0,0.0,56.7,,,,,,,,,None,,Not_Installed_Diesel,Quarter_End,2025-09-25T15:36:00,,2025-11-15T00:00:00
2025-09-26,EV-01,Electric,Electric,Class6_Box,DUTY_URB_01,D1_Urban,86.1,5.5,2600,0.65,33,122,07:15,12:45,18.2,17.0,Rain,4.7,Completed,0,0.0,,145.1,6.2,151.3,171.9,100.0,24.3,CHG-01,50.0,Enhanced_Telemetry,144.9,Received_Valid,Immediate_CAN_Bus,2025-09-26T12:59:00,2025-09-26T12:50:00,2025-09-26T12:50:00
2025-09-26,EV-02,Electric,Electric,Class6_Box,DUTY_URB_02,D1_Urban,83.4,5.5,2960,0.74,25,148,07:15,12:45,18.2,17.0,Rain,4.7,Completed,0,0.0,,137.2,7.0,144.2,163.9,100.0,27.9,CHG-02,50.0,Enhanced_Telemetry,137.7,Received_Valid,Immediate_CAN_Bus,2025-09-26T12:59:00,2025-09-26T12:50:00,2025-09-26T12:50:00
2025-09-26,EV-03,Electric,Electric,Class6_Box,DUTY_URB_03,D1_Urban,86.0,5.4,2880,0.72,29,144,07:15,12:39,18.4,17.0,Rain,4.7,Completed,0,0.0,,158.8,8.1,166.9,189.7,100.0,16.5,CHG-01,50.0,Baseline_Meter,,Not_Subscribed_Baseline,Quarter_End,2025-09-26T12:59:00,,2025-11-15T00:00:00
2025-09-26,D-04,Diesel,Diesel,Class6_Box,DUTY_SUB_01,D2_Suburban,133.4,6.0,2560,0.64,13,260,07:00,13:00,18.0,17.0,Rain,4.7,Completed,0,0.0,37.7,,,,,,,,,None,,Not_Installed_Diesel,Quarter_End,2025-09-26T13:30:00,,2025-11-15T00:00:00
2025-09-26,D-05,Diesel,Diesel,Class6_Box,DUTY_SUB_02,D2_Suburban,135.1,6.6,3000,0.75,16,281,07:15,13:51,17.1,17.0,Rain,4.7,Completed,0,0.0,37.7,,,,,,,,,None,,Not_Installed_Diesel,Quarter_End,2025-09-26T13:59:00,,2025-11-15T00:00:00
2025-09-26,D-06,Diesel,Diesel,Class6_Box,DUTY_SUB_03,D2_Suburban,133.6,6.7,3120,0.78,15,309,07:30,14:12,16.8,17.0,Rain,4.7,Completed,0,0.0,37.8,,,,,,,,,None,,Not_Installed_Diesel,Quarter_End,2025-09-26T14:42:00,,2025-11-15T00:00:00
2025-09-26,D-07,Diesel,Diesel,Class6_Box,DUTY_SUB_04,D2_Suburban,136.9,6.5,2320,0.58,14,256,07:15,13:45,17.2,17.0,Rain,4.7,Completed,0,0.0,39.0,,,,,,,,,None,,Not_Installed_Diesel,Quarter_End,2025-09-26T13:59:00,,2025-11-15T00:00:00
2025-09-26,D-08,Diesel,Diesel,Class6_Box,DUTY_REG_01,D3_Regional,211.9,7.9,2680,0.67,3,538,07:00,14:54,16.1,17.0,Rain,4.7,Completed,0,0.0,56.7,,,,,,,,,None,,Not_Installed_Diesel,Quarter_End,2025-09-26T14:59:00,,2025-11-15T00:00:00
2025-09-26,D-09,Diesel,Diesel,Class6_Box,DUTY_REG_02,D3_Regional,210.8,7.9,3080,0.77,7,480,07:00,14:54,16.1,17.0,Rain,4.7,Completed,0,0.0,57.7,,,,,,,,,None,,Not_Installed_Diesel,Quarter_End,2025-09-26T14:59:00,,2025-11-15T00:00:00
2025-09-26,D-10,Diesel,Diesel,Class6_Box,DUTY_REG_03,D3_Regional,212.8,7.9,2880,0.72,6,564,07:30,15:24,15.6,17.0,Rain,4.7,Completed,0,0.0,57.4,,,,,,,,,None,,Not_Installed_Diesel,Quarter_End,2025-09-26T15:54:00,,2025-11-15T00:00:00
2025-09-29,EV-01,Electric,Electric,Class6_Box,DUTY_URB_01,D1_Urban,85.6,5.6,2800,0.70,29,135,07:15,12:51,18.1,16.1,Dry,0.0,Completed,0,0.0,,148.8,9.0,157.8,179.3,100.0,21.1,CHG-01,50.0,Enhanced_Telemetry,149.0,Received_Valid,Immediate_CAN_Bus,2025-09-29T12:59:00,2025-09-29T12:56:00,2025-09-29T12:56:00
2025-09-29,EV-02,Electric,Electric,Class6_Box,DUTY_URB_02,D1_Urban,84.6,5.7,2840,0.71,27,135,07:15,12:57,18.1,16.1,Dry,0.0,Completed,0,0.0,,150.1,8.4,158.5,180.1,100.0,20.8,CHG-02,50.0,Enhanced_Telemetry,150.9,Received_Valid,Immediate_CAN_Bus,2025-09-29T12:59:00,2025-09-29T12:59:00,2025-09-29T12:59:00
2025-09-29,EV-03,Electric,Electric,Class6_Box,DUTY_URB_03,D1_Urban,84.4,5.9,3040,0.76,35,159,07:15,13:09,17.9,16.1,Dry,0.0,Completed,0,0.0,,148.1,7.4,155.5,176.7,100.0,22.2,CHG-01,50.0,Baseline_Meter,,Not_Subscribed_Baseline,Quarter_End,2025-09-29T13:39:00,,2025-11-15T00:00:00
2025-09-29,D-04,Diesel,Diesel,Class6_Box,DUTY_SUB_01,D2_Suburban,132.7,6.5,2600,0.65,18,277,07:30,14:00,17.0,16.1,Dry,0.0,Completed,0,0.0,37.3,,,,,,,,,None,,Not_Installed_Diesel,Quarter_End,2025-09-29T14:30:00,,2025-11-15T00:00:00
2025-09-29,D-05,Diesel,Diesel,Class6_Box,DUTY_SUB_02,D2_Suburban,136.5,6.8,2840,0.71,12,294,07:30,14:18,16.7,16.1,Dry,0.0,Completed,0,0.0,37.8,,,,,,,,,None,,Not_Installed_Diesel,Quarter_End,2025-09-29T14:48:00,,2025-11-15T00:00:00
2025-09-29,D-06,Diesel,Diesel,Class6_Box,DUTY_SUB_03,D2_Suburban,135.1,6.9,3520,0.88,16,306,07:00,13:54,17.1,16.1,Dry,0.0,Completed,0,0.0,38.1,,,,,,,,,None,,Not_Installed_Diesel,Quarter_End,2025-09-29T13:59:00,,2025-11-15T00:00:00
2025-09-29,D-07,Diesel,Diesel,Class6_Box,DUTY_SUB_04,D2_Suburban,135.0,6.2,2840,0.71,14,257,07:30,13:42,17.3,16.1,Dry,0.0,Completed,0,0.0,37.0,,,,,,,,,None,,Not_Installed_Diesel,Quarter_End,2025-09-29T13:59:00,,2025-11-15T00:00:00
2025-09-29,D-08,Diesel,Diesel,Class6_Box,DUTY_REG_01,D3_Regional,209.3,8.0,2760,0.69,4,505,07:00,15:00,16.0,16.1,Dry,0.0,Completed,0,0.0,57.2,,,,,,,,,None,,Not_Installed_Diesel,Quarter_End,2025-09-29T15:30:00,,2025-11-15T00:00:00
2025-09-29,D-09,Diesel,Diesel,Class6_Box,DUTY_REG_02,D3_Regional,208.2,7.9,3000,0.75,2,491,07:00,14:54,16.1,16.1,Dry,0.0,Completed,0,0.0,58.4,,,,,,,,,None,,Not_Installed_Diesel,Quarter_End,2025-09-29T14:59:00,,2025-11-15T00:00:00
2025-09-29,D-10,Diesel,Diesel,Class6_Box,DUTY_REG_03,D3_Regional,213.2,7.8,2760,0.69,4,550,07:00,14:48,16.2,16.1,Dry,0.0,Completed,0,0.0,56.9,,,,,,,,,None,,Not_Installed_Diesel,Quarter_End,2025-09-29T14:59:00,,2025-11-15T00:00:00
2025-09-30,EV-01,Electric,Electric,Class6_Box,DUTY_URB_01,D1_Urban,84.2,6.2,3120,0.78,33,123,07:30,13:42,17.3,18.6,Rain,5.5,Completed,0,0.0,,143.4,9.1,152.5,173.3,100.0,23.8,CHG-01,50.0,Enhanced_Telemetry,142.3,Received_Valid,Immediate_CAN_Bus,2025-09-30T13:59:00,2025-09-30T13:47:00,2025-09-30T13:47:00
2025-09-30,EV-02,Electric,Electric,Class6_Box,DUTY_URB_02,D1_Urban,85.9,5.7,2440,0.61,29,136,07:30,13:12,17.8,18.6,Rain,5.5,Completed,0,0.0,,150.4,9.6,160.0,181.8,100.0,20.0,CHG-02,50.0,Enhanced_Telemetry,150.8,Received_Valid,Immediate_CAN_Bus,2025-09-30T13:42:00,2025-09-30T13:17:00,2025-09-30T13:17:00
2025-09-30,EV-03,Electric,Electric,Class6_Box,DUTY_URB_03,D1_Urban,86.3,5.8,2880,0.72,31,161,07:00,12:48,18.2,18.6,Rain,5.5,Completed,0,0.0,,151.2,9.3,160.5,182.4,100.0,19.8,CHG-01,50.0,Baseline_Meter,,Not_Subscribed_Baseline,Quarter_End,2025-09-30T12:59:00,,2025-11-15T00:00:00
2025-09-30,D-04,Diesel,Diesel,Class6_Box,DUTY_SUB_01,D2_Suburban,132.5,6.1,2920,0.73,16,260,07:00,13:06,17.9,18.6,Rain,5.5,Completed,0,0.0,38.2,,,,,,,,,None,,Not_Installed_Diesel,Quarter_End,2025-09-30T13:36:00,,2025-11-15T00:00:00
2025-09-30,D-05,Diesel,Diesel,Class6_Box,DUTY_SUB_02,D2_Suburban,133.9,6.6,2800,0.70,18,270,07:30,14:06,16.9,18.6,Rain,5.5,Completed,0,0.0,37.8,,,,,,,,,None,,Not_Installed_Diesel,Quarter_End,2025-09-30T14:36:00,,2025-11-15T00:00:00
2025-09-30,D-06,Diesel,Diesel,Class6_Box,DUTY_SUB_03,D2_Suburban,136.2,7.0,3200,0.80,18,292,07:30,14:30,16.5,18.6,Rain,5.5,Completed,0,0.0,37.5,,,,,,,,,None,,Not_Installed_Diesel,Quarter_End,2025-09-30T14:59:00,,2025-11-15T00:00:00
2025-09-30,D-07,Diesel,Diesel,Class6_Box,DUTY_SUB_04,D2_Suburban,136.9,6.5,2920,0.73,12,267,07:15,13:45,17.2,18.6,Rain,5.5,Completed,0,0.0,38.2,,,,,,,,,None,,Not_Installed_Diesel,Quarter_End,2025-09-30T13:59:00,,2025-11-15T00:00:00
2025-09-30,D-08,Diesel,Diesel,Class6_Box,DUTY_REG_01,D3_Regional,208.2,7.9,2880,0.72,7,534,07:15,15:09,15.8,18.6,Rain,5.5,Completed,0,0.0,57.1,,,,,,,,,None,,Not_Installed_Diesel,Quarter_End,2025-09-30T15:39:00,,2025-11-15T00:00:00
2025-09-30,D-09,Diesel,Diesel,Class6_Box,DUTY_REG_02,D3_Regional,207.8,7.5,2760,0.69,4,510,07:15,14:45,16.2,18.6,Rain,5.5,Completed,0,0.0,56.5,,,,,,,,,None,,Not_Installed_Diesel,Quarter_End,2025-09-30T14:59:00,,2025-11-15T00:00:00
2025-09-30,D-10,Diesel,Diesel,Class6_Box,DUTY_REG_03,D3_Regional,208.2,8.2,3040,0.76,9,565,07:00,15:11,15.8,18.6,Rain,5.5,Completed,0,0.0,57.2,,,,,,,,,None,,Not_Installed_Diesel,Quarter_End,2025-09-30T15:41:00,,2025-11-15T00:00:00
2025-10-01,EV-01,Electric,Electric,Class6_Box,DUTY_URB_01,D1_Urban,86.7,5.5,2960,0.74,30,145,07:30,13:00,18.0,19.9,Dry,0.0,Completed,0,0.0,,153.5,8.9,162.4,184.5,100.0,18.8,CHG-01,50.0,Enhanced_Telemetry,153.7,Received_Valid,Immediate_CAN_Bus,2025-10-01T13:30:00,2025-10-01T13:05:00,2025-10-01T13:05:00
2025-10-01,EV-02,Electric,Electric,Class6_Box,DUTY_URB_02,D1_Urban,85.4,5.7,3320,0.83,25,141,07:00,12:42,18.3,19.9,Dry,0.0,Completed,0,0.0,,148.1,10.2,158.3,179.9,100.0,20.8,CHG-02,50.0,Enhanced_Telemetry,147.7,Received_Valid,Immediate_CAN_Bus,2025-10-01T12:59:00,2025-10-01T12:47:00,2025-10-01T12:47:00
2025-10-01,EV-03,Electric,Electric,Class6_Box,DUTY_URB_03,D1_Urban,81.9,6.2,3040,0.76,29,133,07:00,13:12,17.8,19.9,Dry,0.0,Completed,0,0.0,,149.3,8.6,157.9,179.4,100.0,21.0,CHG-01,50.0,Baseline_Meter,,Not_Subscribed_Baseline,Quarter_End,2025-10-01T13:42:00,,2026-02-15T00:00:00
2025-10-01,D-04,Diesel,Diesel,Class6_Box,DUTY_SUB_01,D2_Suburban,133.2,6.4,3280,0.82,13,287,07:15,13:39,17.4,19.9,Dry,0.0,Completed,0,0.0,38.0,,,,,,,,,None,,Not_Installed_Diesel,Quarter_End,2025-10-01T13:59:00,,2026-02-15T00:00:00
2025-10-01,D-05,Diesel,Diesel,Class6_Box,DUTY_SUB_02,D2_Suburban,135.7,6.7,2720,0.68,13,285,07:30,14:12,16.8,19.9,Dry,0.0,Completed,0,0.0,37.8,,,,,,,,,None,,Not_Installed_Diesel,Quarter_End,2025-10-01T14:42:00,,2026-02-15T00:00:00
2025-10-01,D-06,Diesel,Diesel,Class6_Box,DUTY_SUB_03,D2_Suburban,134.3,6.7,2520,0.63,17,327,07:00,13:42,17.3,19.9,Dry,0.0,Completed,0,0.0,37.5,,,,,,,,,None,,Not_Installed_Diesel,Quarter_End,2025-10-01T13:59:00,,2026-02-15T00:00:00
2025-10-01,D-07,Diesel,Diesel,Class6_Box,DUTY_SUB_04,D2_Suburban,134.1,6.3,3040,0.76,14,274,07:00,13:18,17.7,19.9,Dry,0.0,Completed,0,0.0,37.9,,,,,,,,,None,,Not_Installed_Diesel,Quarter_End,2025-10-01T13:48:00,,2026-02-15T00:00:00
2025-10-01,D-08,Diesel,Diesel,Class6_Box,DUTY_REG_01,D3_Regional,213.7,7.4,2880,0.72,7,529,07:15,14:39,16.4,19.9,Dry,0.0,Completed,0,0.0,56.7,,,,,,,,,None,,Not_Installed_Diesel,Quarter_End,2025-10-01T14:59:00,,2026-02-15T00:00:00
2025-10-01,D-09,Diesel,Diesel,Class6_Box,DUTY_REG_02,D3_Regional,208.4,7.4,2720,0.68,5,475,07:00,14:24,16.6,19.9,Dry,0.0,Completed,0,0.0,57.3,,,,,,,,,None,,Not_Installed_Diesel,Quarter_End,2025-10-01T14:54:00,,2026-02-15T00:00:00
2025-10-01,D-10,Diesel,Diesel,Class6_Box,DUTY_REG_03,D3_Regional,212.3,8.0,3320,0.83,5,568,07:30,15:30,15.5,19.9,Dry,0.0,Completed,0,0.0,57.3,,,,,,,,,None,,Not_Installed_Diesel,Quarter_End,2025-10-01T15:59:00,,2026-02-15T00:00:00
2025-10-02,EV-01,Electric,Electric,Class6_Box,DUTY_URB_01,D1_Urban,88.5,5.9,2880,0.72,28,140,07:15,13:09,17.9,17.8,Dry,0.0,Completed,0,0.0,,157.0,10.4,167.4,190.2,100.0,16.3,CHG-01,50.0,Enhanced_Telemetry,156.6,Received_Valid,Immediate_CAN_Bus,2025-10-02T13:39:00,2025-10-02T13:14:00,2025-10-02T13:14:00
2025-10-02,EV-02,Electric,Electric,Class6_Box,DUTY_URB_02,D1_Urban,82.9,5.8,3120,0.78,26,154,07:30,13:18,17.7,17.8,Dry,0.0,Completed,0,0.0,,148.1,9.8,157.9,179.4,100.0,21.0,CHG-02,50.0,Enhanced_Telemetry,148.6,Received_Valid,Immediate_CAN_Bus,2025-10-02T13:48:00,2025-10-02T13:23:00,2025-10-02T13:23:00
2025-10-02,EV-03,Electric,Electric,Class6_Box,DUTY_URB_03,D1_Urban,86.5,6.2,3200,0.80,31,125,07:00,13:12,17.8,17.8,Dry,0.0,Completed,0,0.0,,153.3,8.5,161.8,183.9,100.0,19.1,CHG-01,50.0,Baseline_Meter,,Not_Subscribed_Baseline,Quarter_End,2025-10-02T13:42:00,,2026-02-15T00:00:00
2025-10-02,D-04,Diesel,Diesel,Class6_Box,DUTY_SUB_01,D2_Suburban,137.5,6.7,3000,0.75,14,298,07:00,13:42,17.3,17.8,Dry,0.0,Completed,0,0.0,36.9,,,,,,,,,None,,Not_Installed_Diesel,Quarter_End,2025-10-02T13:59:00,,2026-02-15T00:00:00
2025-10-02,D-05,Diesel,Diesel,Class6_Box,DUTY_SUB_02,D2_Suburban,132.9,6.9,2760,0.69,12,298,07:30,14:24,16.6,17.8,Dry,0.0,Completed,0,0.0,37.9,,,,,,,,,None,,Not_Installed_Diesel,Quarter_End,2025-10-02T14:54:00,,2026-02-15T00:00:00
2025-10-02,D-06,Diesel,Diesel,Class6_Box,DUTY_SUB_03,D2_Suburban,136.1,6.8,2200,0.55,15,299,07:00,13:48,17.2,17.8,Dry,0.0,Completed,0,0.0,37.2,,,,,,,,,None,,Not_Installed_Diesel,Quarter_End,2025-10-02T13:59:00,,2026-02-15T00:00:00
2025-10-02,D-07,Diesel,Diesel,Class6_Box,DUTY_SUB_04,D2_Suburban,134.3,6.5,3080,0.77,11,281,07:00,13:30,17.5,17.8,Dry,0.0,Completed,0,0.0,36.7,,,,,,,,,None,,Not_Installed_Diesel,Quarter_End,2025-10-02T13:59:00,,2026-02-15T00:00:00
2025-10-02,D-08,Diesel,Diesel,Class6_Box,DUTY_REG_01,D3_Regional,210.6,7.9,3080,0.77,4,524,07:00,14:54,16.1,17.8,Dry,0.0,Completed,0,0.0,56.2,,,,,,,,,None,,Not_Installed_Diesel,Quarter_End,2025-10-02T14:59:00,,2026-02-15T00:00:00
2025-10-02,D-09,Diesel,Diesel,Class6_Box,DUTY_REG_02,D3_Regional,208.4,7.6,2880,0.72,5,489,07:15,14:51,16.1,17.8,Dry,0.0,Completed,0,0.0,56.0,,,,,,,,,None,,Not_Installed_Diesel,Quarter_End,2025-10-02T14:59:00,,2026-02-15T00:00:00
2025-10-02,D-10,Diesel,Diesel,Class6_Box,DUTY_REG_03,D3_Regional,212.5,7.7,3000,0.75,6,566,07:00,14:42,16.3,17.8,Dry,0.0,Completed,0,0.0,57.7,,,,,,,,,None,,Not_Installed_Diesel,Quarter_End,2025-10-02T14:59:00,,2026-02-15T00:00:00
2025-10-03,EV-01,Electric,Electric,Class6_Box,DUTY_URB_01,D1_Urban,85.9,5.5,3120,0.78,29,160,07:15,12:45,18.2,18.2,Dry,0.0,Completed,0,0.0,,145.1,9.9,155.0,176.1,100.0,22.5,CHG-01,50.0,Enhanced_Telemetry,144.5,Received_Valid,Immediate_CAN_Bus,2025-10-03T12:59:00,2025-10-03T12:50:00,2025-10-03T12:50:00
2025-10-03,EV-02,Electric,Electric,Class6_Box,DUTY_URB_02,D1_Urban,83.0,5.6,3120,0.78,29,128,07:00,12:36,18.4,18.2,Dry,0.0,Completed,0,0.0,,142.8,8.5,151.3,171.9,100.0,24.3,CHG-02,50.0,Enhanced_Telemetry,142.1,Received_Valid,Immediate_CAN_Bus,2025-10-03T12:59:00,2025-10-03T12:41:00,2025-10-03T12:41:00
2025-10-03,EV-03,Electric,Electric,Class6_Box,DUTY_URB_03,D1_Urban,87.0,5.6,2920,0.73,35,163,07:30,13:06,17.9,18.2,Dry,0.0,Completed,0,0.0,,149.6,8.4,158.0,179.5,100.0,21.0,CHG-01,50.0,Baseline_Meter,,Not_Subscribed_Baseline,Quarter_End,2025-10-03T13:36:00,,2026-02-15T00:00:00
2025-10-03,D-04,Diesel,Diesel,Class6_Box,DUTY_SUB_01,D2_Suburban,131.9,6.3,3240,0.81,18,273,07:00,13:18,17.7,18.2,Dry,0.0,Completed,0,0.0,38.0,,,,,,,,,None,,Not_Installed_Diesel,Quarter_End,2025-10-03T13:48:00,,2026-02-15T00:00:00
2025-10-03,D-05,Diesel,Diesel,Class6_Box,DUTY_SUB_02,D2_Suburban,131.8,6.2,3200,0.80,12,278,07:30,13:42,17.3,18.2,Dry,0.0,Completed,0,0.0,38.7,,,,,,,,,None,,Not_Installed_Diesel,Quarter_End,2025-10-03T13:59:00,,2026-02-15T00:00:00
2025-10-03,D-06,Diesel,Diesel,Class6_Box,DUTY_SUB_03,D2_Suburban,137.6,6.4,2680,0.67,16,304,07:15,13:39,17.4,18.2,Dry,0.0,Completed,0,0.0,38.3,,,,,,,,,None,,Not_Installed_Diesel,Quarter_End,2025-10-03T13:59:00,,2026-02-15T00:00:00
2025-10-03,D-07,Diesel,Diesel,Class6_Box,DUTY_SUB_04,D2_Suburban,136.2,6.4,3240,0.81,12,292,07:15,13:39,17.4,18.2,Dry,0.0,Completed,0,0.0,38.1,,,,,,,,,None,,Not_Installed_Diesel,Quarter_End,2025-10-03T13:59:00,,2026-02-15T00:00:00
2025-10-03,D-08,Diesel,Diesel,Class6_Box,DUTY_REG_01,D3_Regional,209.5,7.5,2960,0.74,6,504,07:30,15:00,16.0,18.2,Dry,0.0,Completed,0,0.0,56.7,,,,,,,,,None,,Not_Installed_Diesel,Quarter_End,2025-10-03T15:30:00,,2026-02-15T00:00:00
2025-10-03,D-09,Diesel,Diesel,Class6_Box,DUTY_REG_02,D3_Regional,208.1,7.6,3080,0.77,7,504,07:15,14:51,16.1,18.2,Dry,0.0,Completed,0,0.0,56.8,,,,,,,,,None,,Not_Installed_Diesel,Quarter_End,2025-10-03T14:59:00,,2026-02-15T00:00:00
2025-10-03,D-10,Diesel,Diesel,Class6_Box,DUTY_REG_03,D3_Regional,209.2,7.7,2680,0.67,7,566,07:30,15:12,15.8,18.2,Dry,0.0,Completed,0,0.0,57.0,,,,,,,,,None,,Not_Installed_Diesel,Quarter_End,2025-10-03T15:42:00,,2026-02-15T00:00:00
2025-10-06,EV-01,Electric,Electric,Class6_Box,DUTY_URB_01,D1_Urban,84.0,5.5,3000,0.75,31,144,07:00,12:30,18.5,18.6,Rain,4.6,Completed,0,0.0,,151.9,10.7,162.6,184.8,100.0,18.7,CHG-01,50.0,Enhanced_Telemetry,151.7,Received_Valid,Immediate_CAN_Bus,2025-10-06T12:59:00,2025-10-06T12:35:00,2025-10-06T12:35:00
2025-10-06,EV-02,Electric,Electric,Class6_Box,DUTY_URB_02,D1_Urban,84.9,6.0,2960,0.74,29,124,07:15,13:15,17.8,18.6,Rain,4.6,Completed,0,0.0,,151.6,9.3,160.9,182.8,100.0,19.5,CHG-02,50.0,Enhanced_Telemetry,152.1,Received_Valid,Immediate_CAN_Bus,2025-10-06T13:45:00,2025-10-06T13:20:00,2025-10-06T13:20:00
2025-10-06,EV-03,Electric,Electric,Class6_Box,DUTY_URB_03,D1_Urban,83.5,6.0,2320,0.58,31,146,07:15,13:15,17.8,18.6,Rain,4.6,Completed,0,0.0,,146.2,8.0,154.2,175.2,100.0,22.9,CHG-01,50.0,Baseline_Meter,,Not_Subscribed_Baseline,Quarter_End,2025-10-06T13:45:00,,2026-02-15T00:00:00
2025-10-06,D-04,Diesel,Diesel,Class6_Box,DUTY_SUB_01,D2_Suburban,134.0,6.4,3120,0.78,13,260,07:00,13:24,17.6,18.6,Rain,4.6,Completed,0,0.0,37.7,,,,,,,,,None,,Not_Installed_Diesel,Quarter_End,2025-10-06T13:54:00,,2026-02-15T00:00:00
2025-10-06,D-05,Diesel,Diesel,Class6_Box,DUTY_SUB_02,D2_Suburban,134.8,6.6,2760,0.69,12,296,07:00,13:36,17.4,18.6,Rain,4.6,Completed,0,0.0,37.8,,,,,,,,,None,,Not_Installed_Diesel,Quarter_End,2025-10-06T13:59:00,,2026-02-15T00:00:00
2025-10-06,D-06,Diesel,Diesel,Class6_Box,DUTY_SUB_03,D2_Suburban,139.1,6.4,2920,0.73,15,302,07:00,13:24,17.6,18.6,Rain,4.6,Completed,0,0.0,37.8,,,,,,,,,None,,Not_Installed_Diesel,Quarter_End,2025-10-06T13:54:00,,2026-02-15T00:00:00
2025-10-06,D-07,Diesel,Diesel,Class6_Box,DUTY_SUB_04,D2_Suburban,137.1,6.0,2320,0.58,16,259,07:15,13:15,17.8,18.6,Rain,4.6,Completed,0,0.0,38.1,,,,,,,,,None,,Not_Installed_Diesel,Quarter_End,2025-10-06T13:45:00,,2026-02-15T00:00:00
2025-10-06,D-08,Diesel,Diesel,Class6_Box,DUTY_REG_01,D3_Regional,209.6,7.7,2800,0.70,3,521,07:30,15:12,15.8,18.6,Rain,4.6,Completed,0,0.0,56.8,,,,,,,,,None,,Not_Installed_Diesel,Quarter_End,2025-10-06T15:42:00,,2026-02-15T00:00:00
2025-10-06,D-09,Diesel,Diesel,Class6_Box,DUTY_REG_02,D3_Regional,208.5,7.5,3280,0.82,7,507,07:30,15:00,16.0,18.6,Rain,4.6,Completed,0,0.0,57.6,,,,,,,,,None,,Not_Installed_Diesel,Quarter_End,2025-10-06T15:30:00,,2026-02-15T00:00:00
2025-10-06,D-10,Diesel,Diesel,Class6_Box,DUTY_REG_03,D3_Regional,209.0,8.0,2800,0.70,6,551,07:00,15:00,16.0,18.6,Rain,4.6,Completed,0,0.0,57.4,,,,,,,,,None,,Not_Installed_Diesel,Quarter_End,2025-10-06T15:30:00,,2026-02-15T00:00:00
2025-10-07,EV-01,Electric,Electric,Class6_Box,DUTY_URB_01,D1_Urban,86.7,5.7,2880,0.72,29,144,07:30,13:12,17.8,14.3,Dry,0.0,Completed,0,0.0,,147.7,7.9,155.6,176.8,100.0,22.2,CHG-01,50.0,Enhanced_Telemetry,147.7,Received_Valid,Immediate_CAN_Bus,2025-10-07T13:42:00,2025-10-07T13:17:00,2025-10-07T13:17:00
2025-10-07,EV-02,Electric,Electric,Class6_Box,DUTY_URB_02,D1_Urban,81.1,5.5,2440,0.61,29,155,07:30,13:00,18.0,14.3,Dry,0.0,Completed,0,0.0,,146.8,8.2,155.0,176.1,100.0,22.5,CHG-02,50.0,Enhanced_Telemetry,146.5,Received_Valid,Immediate_CAN_Bus,2025-10-07T13:30:00,2025-10-07T13:05:00,2025-10-07T13:05:00
2025-10-07,EV-03,Electric,Electric,Class6_Box,DUTY_URB_03,D1_Urban,83.6,5.5,3120,0.78,29,139,07:30,13:00,18.0,14.3,Dry,0.0,Completed,0,0.0,,145.7,6.4,152.1,172.8,100.0,24.0,CHG-01,50.0,Baseline_Meter,,Not_Subscribed_Baseline,Quarter_End,2025-10-07T13:30:00,,2026-02-15T00:00:00
2025-10-07,D-04,Diesel,Diesel,Class6_Box,DUTY_SUB_01,D2_Suburban,137.4,6.5,3080,0.77,13,274,07:00,13:30,17.5,14.3,Dry,0.0,Completed,0,0.0,37.9,,,,,,,,,None,,Not_Installed_Diesel,Quarter_End,2025-10-07T13:59:00,,2026-02-15T00:00:00
2025-10-07,D-05,Diesel,Diesel,Class6_Box,DUTY_SUB_02,D2_Suburban,132.1,7.0,3360,0.84,17,289,07:30,14:30,16.5,14.3,Dry,0.0,Completed,0,0.0,37.8,,,,,,,,,None,,Not_Installed_Diesel,Quarter_End,2025-10-07T14:59:00,,2026-02-15T00:00:00
2025-10-07,D-06,Diesel,Diesel,Class6_Box,DUTY_SUB_03,D2_Suburban,136.1,6.5,2440,0.61,16,323,07:15,13:45,17.2,14.3,Dry,0.0,Completed,0,0.0,38.5,,,,,,,,,None,,Not_Installed_Diesel,Quarter_End,2025-10-07T13:59:00,,2026-02-15T00:00:00
2025-10-07,D-07,Diesel,Diesel,Class6_Box,DUTY_SUB_04,D2_Suburban,136.4,7.2,2880,0.72,14,256,07:30,14:42,16.3,14.3,Dry,0.0,Completed,0,0.0,36.9,,,,,,,,,None,,Not_Installed_Diesel,Quarter_End,2025-10-07T14:59:00,,2026-02-15T00:00:00
2025-10-07,D-08,Diesel,Diesel,Class6_Box,DUTY_REG_01,D3_Regional,210.9,7.7,2880,0.72,6,512,07:30,15:12,15.8,14.3,Dry,0.0,Completed,0,0.0,56.6,,,,,,,,,None,,Not_Installed_Diesel,Quarter_End,2025-10-07T15:42:00,,2026-02-15T00:00:00
2025-10-07,D-09,Diesel,Diesel,Class6_Box,DUTY_REG_02,D3_Regional,209.2,7.8,3280,0.82,8,503,07:00,14:48,16.2,14.3,Dry,0.0,Completed,0,0.0,57.1,,,,,,,,,None,,Not_Installed_Diesel,Quarter_End,2025-10-07T14:59:00,,2026-02-15T00:00:00
2025-10-07,D-10,Diesel,Diesel,Class6_Box,DUTY_REG_03,D3_Regional,213.4,7.8,3040,0.76,8,565,07:30,15:18,15.7,14.3,Dry,0.0,Completed,0,0.0,56.7,,,,,,,,,None,,Not_Installed_Diesel,Quarter_End,2025-10-07T15:48:00,,2026-02-15T00:00:00
2025-10-08,EV-01,Electric,Electric,Class6_Box,DUTY_URB_01,D1_Urban,84.5,5.7,2920,0.73,31,152,07:00,12:42,18.3,23.1,Heavy_Rain,8.5,Completed,0,0.0,,147.6,12.9,160.5,182.4,100.0,19.8,CHG-01,50.0,Enhanced_Telemetry,147.4,Received_Valid,Immediate_CAN_Bus,2025-10-08T12:59:00,2025-10-08T12:47:00,2025-10-08T12:47:00
2025-10-08,EV-02,Electric,Electric,Class6_Box,DUTY_URB_02,D1_Urban,84.3,5.7,2640,0.66,31,132,07:30,13:12,17.8,23.1,Heavy_Rain,8.5,Completed,0,0.0,,142.7,12.0,154.7,175.8,100.0,22.7,CHG-02,50.0,Enhanced_Telemetry,143.7,Received_Valid,Immediate_CAN_Bus,2025-10-08T13:42:00,2025-10-08T13:17:00,2025-10-08T13:17:00
2025-10-08,EV-03,Electric,Electric,Class6_Box,DUTY_URB_03,D1_Urban,84.0,6.0,2680,0.67,31,129,07:15,13:15,17.8,23.1,Heavy_Rain,8.5,Completed,0,0.0,,144.3,12.1,156.4,177.7,100.0,21.8,CHG-01,50.0,Baseline_Meter,,Not_Subscribed_Baseline,Quarter_End,2025-10-08T13:45:00,,2026-02-15T00:00:00
2025-10-08,D-04,Diesel,Diesel,Class6_Box,DUTY_SUB_01,D2_Suburban,133.7,6.3,2840,0.71,16,273,07:15,13:33,17.4,23.1,Heavy_Rain,8.5,Completed,0,0.0,39.3,,,,,,,,,None,,Not_Installed_Diesel,Quarter_End,2025-10-08T13:59:00,,2026-02-15T00:00:00
2025-10-08,D-05,Diesel,Diesel,Class6_Box,DUTY_SUB_02,D2_Suburban,131.4,7.0,2680,0.67,18,310,07:30,14:30,16.5,23.1,Heavy_Rain,8.5,Completed,0,0.0,38.5,,,,,,,,,None,,Not_Installed_Diesel,Quarter_End,2025-10-08T14:59:00,,2026-02-15T00:00:00
2025-10-08,D-06,Diesel,Diesel,Class6_Box,DUTY_SUB_03,D2_Suburban,137.2,7.0,2800,0.70,17,295,07:00,14:00,17.0,23.1,Heavy_Rain,8.5,Completed,0,0.0,39.2,,,,,,,,,None,,Not_Installed_Diesel,Quarter_End,2025-10-08T14:30:00,,2026-02-15T00:00:00
2025-10-08,D-07,Diesel,Diesel,Class6_Box,DUTY_SUB_04,D2_Suburban,139.0,6.6,2480,0.62,16,260,07:00,13:36,17.4,23.1,Heavy_Rain,8.5,Completed,0,0.0,38.5,,,,,,,,,None,,Not_Installed_Diesel,Quarter_End,2025-10-08T13:59:00,,2026-02-15T00:00:00
2025-10-08,D-08,Diesel,Diesel,Class6_Box,DUTY_REG_01,D3_Regional,209.7,7.8,2600,0.65,4,501,07:30,15:18,15.7,23.1,Heavy_Rain,8.5,Completed,0,0.0,58.5,,,,,,,,,None,,Not_Installed_Diesel,Quarter_End,2025-10-08T15:48:00,,2026-02-15T00:00:00
2025-10-08,D-09,Diesel,Diesel,Class6_Box,DUTY_REG_02,D3_Regional,208.9,7.6,2960,0.74,6,478,07:30,15:06,15.9,23.1,Heavy_Rain,8.5,Completed,0,0.0,58.1,,,,,,,,,None,,Not_Installed_Diesel,Quarter_End,2025-10-08T15:36:00,,2026-02-15T00:00:00
2025-10-08,D-10,Diesel,Diesel,Class6_Box,DUTY_REG_03,D3_Regional,213.4,7.6,2480,0.62,9,549,07:30,15:06,15.9,23.1,Heavy_Rain,8.5,Completed,0,0.0,58.5,,,,,,,,,None,,Not_Installed_Diesel,Quarter_End,2025-10-08T15:36:00,,2026-02-15T00:00:00
2025-10-09,EV-01,Electric,Electric,Class6_Box,DUTY_URB_01,D1_Urban,83.1,5.8,3040,0.76,31,134,07:15,13:03,17.9,21.7,Dry,0.0,Completed,0,0.0,,145.4,9.8,155.2,176.4,100.0,22.4,CHG-01,50.0,Enhanced_Telemetry,145.3,Received_Valid,Immediate_CAN_Bus,2025-10-09T13:33:00,2025-10-09T13:08:00,2025-10-09T13:08:00
2025-10-09,EV-02,Electric,Electric,Class6_Box,DUTY_URB_02,D1_Urban,85.3,5.9,2400,0.60,26,121,07:15,13:09,17.9,21.7,Dry,0.0,Completed,0,0.0,,146.9,11.1,158.0,179.5,100.0,21.0,CHG-02,50.0,Enhanced_Telemetry,146.5,Received_Valid,Immediate_CAN_Bus,2025-10-09T13:39:00,2025-10-09T13:14:00,2025-10-09T13:14:00
2025-10-09,EV-03,Electric,Electric,Class6_Box,DUTY_URB_03,D1_Urban,83.9,6.2,2600,0.65,33,155,07:30,13:42,17.3,21.7,Dry,0.0,Completed,0,0.0,,143.3,10.0,153.3,174.2,100.0,23.3,CHG-01,50.0,Baseline_Meter,,Not_Subscribed_Baseline,Quarter_End,2025-10-09T13:59:00,,2026-02-15T00:00:00
2025-10-09,D-04,Diesel,Diesel,Class6_Box,DUTY_SUB_01,D2_Suburban,135.5,6.3,2840,0.71,13,279,07:00,13:18,17.7,21.7,Dry,0.0,Completed,0,0.0,38.2,,,,,,,,,None,,Not_Installed_Diesel,Quarter_End,2025-10-09T13:48:00,,2026-02-15T00:00:00
2025-10-09,D-05,Diesel,Diesel,Class6_Box,DUTY_SUB_02,D2_Suburban,135.4,6.9,2960,0.74,14,273,07:15,14:09,16.9,21.7,Dry,0.0,Completed,0,0.0,38.4,,,,,,,,,None,,Not_Installed_Diesel,Quarter_End,2025-10-09T14:39:00,,2026-02-15T00:00:00
2025-10-09,D-06,Diesel,Diesel,Class6_Box,DUTY_SUB_03,D2_Suburban,135.1,6.9,2960,0.74,20,318,07:30,14:24,16.6,21.7,Dry,0.0,Completed,0,0.0,37.6,,,,,,,,,None,,Not_Installed_Diesel,Quarter_End,2025-10-09T14:54:00,,2026-02-15T00:00:00
2025-10-09,D-07,Diesel,Diesel,Class6_Box,DUTY_SUB_04,D2_Suburban,134.3,6.3,2840,0.71,15,273,07:30,13:48,17.2,21.7,Dry,0.0,Completed,0,0.0,37.9,,,,,,,,,None,,Not_Installed_Diesel,Quarter_End,2025-10-09T13:59:00,,2026-02-15T00:00:00
2025-10-09,D-08,Diesel,Diesel,Class6_Box,DUTY_REG_01,D3_Regional,213.1,7.6,2960,0.74,3,504,07:15,14:51,16.1,21.7,Dry,0.0,Completed,0,0.0,57.2,,,,,,,,,None,,Not_Installed_Diesel,Quarter_End,2025-10-09T14:59:00,,2026-02-15T00:00:00
2025-10-09,D-09,Diesel,Diesel,Class6_Box,DUTY_REG_02,D3_Regional,209.6,7.5,2360,0.59,5,493,07:30,15:00,16.0,21.7,Dry,0.0,Completed,0,0.0,56.9,,,,,,,,,None,,Not_Installed_Diesel,Quarter_End,2025-10-09T15:30:00,,2026-02-15T00:00:00
2025-10-09,D-10,Diesel,Diesel,Class6_Box,DUTY_REG_03,D3_Regional,214.1,7.9,2720,0.68,4,538,07:30,15:24,15.6,21.7,Dry,0.0,Completed,0,0.0,57.4,,,,,,,,,None,,Not_Installed_Diesel,Quarter_End,2025-10-09T15:54:00,,2026-02-15T00:00:00
2025-10-10,EV-01,Electric,Electric,Class6_Box,DUTY_URB_01,D1_Urban,85.6,5.6,2360,0.59,29,125,07:15,12:51,18.1,19.7,Dry,0.0,Completed,0,0.0,,157.5,10.0,167.5,190.3,100.0,16.2,CHG-01,50.0,Enhanced_Telemetry,157.7,Received_Valid,Immediate_CAN_Bus,2025-10-10T12:59:00,2025-10-10T12:56:00,2025-10-10T12:56:00
2025-10-10,EV-02,Electric,Electric,Class6_Box,DUTY_URB_02,D1_Urban,83.9,6.0,2920,0.73,26,134,07:15,13:15,17.8,19.7,Dry,0.0,Completed,0,0.0,,148.7,7.3,156.0,177.3,100.0,22.0,CHG-02,50.0,Enhanced_Telemetry,148.6,Received_Valid,Immediate_CAN_Bus,2025-10-10T13:45:00,2025-10-10T13:20:00,2025-10-10T13:20:00
2025-10-10,EV-03,Electric,Electric,Class6_Box,DUTY_URB_03,D1_Urban,84.4,5.7,3120,0.78,31,130,07:30,13:12,17.8,19.7,Dry,0.0,Completed,0,0.0,,145.8,11.2,157.0,178.4,100.0,21.5,CHG-01,50.0,Baseline_Meter,,Not_Subscribed_Baseline,Quarter_End,2025-10-10T13:42:00,,2026-02-15T00:00:00
2025-10-10,D-04,Diesel,Diesel,Class6_Box,DUTY_SUB_01,D2_Suburban,134.1,6.5,3000,0.75,17,266,07:15,13:45,17.2,19.7,Dry,0.0,Completed,0,0.0,37.5,,,,,,,,,None,,Not_Installed_Diesel,Quarter_End,2025-10-10T13:59:00,,2026-02-15T00:00:00
2025-10-10,D-05,Diesel,Diesel,Class6_Box,DUTY_SUB_02,D2_Suburban,135.3,6.0,2480,0.62,17,300,07:30,13:30,17.5,19.7,Dry,0.0,Completed,0,0.0,37.3,,,,,,,,,None,,Not_Installed_Diesel,Quarter_End,2025-10-10T13:59:00,,2026-02-15T00:00:00
2025-10-10,D-06,Diesel,Diesel,Class6_Box,DUTY_SUB_03,D2_Suburban,136.2,6.9,2880,0.72,19,298,07:30,14:24,16.6,19.7,Dry,0.0,Completed,0,0.0,37.8,,,,,,,,,None,,Not_Installed_Diesel,Quarter_End,2025-10-10T14:54:00,,2026-02-15T00:00:00
2025-10-10,D-07,Diesel,Diesel,Class6_Box,DUTY_SUB_04,D2_Suburban,138.2,7.0,3280,0.82,16,277,07:30,14:30,16.5,19.7,Dry,0.0,Completed,0,0.0,38.1,,,,,,,,,None,,Not_Installed_Diesel,Quarter_End,2025-10-10T14:59:00,,2026-02-15T00:00:00
2025-10-10,D-08,Diesel,Diesel,Class6_Box,DUTY_REG_01,D3_Regional,212.1,7.6,3080,0.77,7,524,07:15,14:51,16.1,19.7,Dry,0.0,Completed,0,0.0,56.9,,,,,,,,,None,,Not_Installed_Diesel,Quarter_End,2025-10-10T14:59:00,,2026-02-15T00:00:00
2025-10-10,D-09,Diesel,Diesel,Class6_Box,DUTY_REG_02,D3_Regional,207.9,8.1,3000,0.75,2,478,07:00,15:06,15.9,19.7,Dry,0.0,Completed,0,0.0,56.7,,,,,,,,,None,,Not_Installed_Diesel,Quarter_End,2025-10-10T15:36:00,,2026-02-15T00:00:00
2025-10-10,D-10,Diesel,Diesel,Class6_Box,DUTY_REG_03,D3_Regional,211.7,8.0,3120,0.78,7,565,07:00,15:00,16.0,19.7,Dry,0.0,Completed,0,0.0,56.8,,,,,,,,,None,,Not_Installed_Diesel,Quarter_End,2025-10-10T15:30:00,,2026-02-15T00:00:00
2025-10-13,EV-01,Electric,Electric,Class6_Box,DUTY_URB_01,D1_Urban,85.9,5.9,2920,0.73,29,137,07:15,13:09,17.9,10.7,Rain,0.7,Completed,0,0.0,,148.7,9.6,158.3,179.9,100.0,20.8,CHG-01,50.0,Enhanced_Telemetry,148.8,Received_Valid,Immediate_CAN_Bus,2025-10-13T13:39:00,2025-10-13T13:14:00,2025-10-13T13:14:00
2025-10-13,EV-02,Electric,Electric,Class6_Box,DUTY_URB_02,D1_Urban,84.0,5.5,3000,0.75,27,123,07:15,12:45,18.2,10.7,Rain,0.7,Completed,0,0.0,,147.7,8.6,156.3,177.6,100.0,21.8,CHG-02,50.0,Enhanced_Telemetry,147.3,Received_Valid,Immediate_CAN_Bus,2025-10-13T12:59:00,2025-10-13T12:50:00,2025-10-13T12:50:00
2025-10-13,EV-03,Electric,Electric,Class6_Box,DUTY_URB_03,D1_Urban,82.6,5.7,3160,0.79,31,149,07:15,12:57,18.1,10.7,Rain,0.7,Completed,0,0.0,,141.5,8.5,150.0,170.5,100.0,25.0,CHG-01,50.0,Baseline_Meter,,Not_Subscribed_Baseline,Quarter_End,2025-10-13T12:59:00,,2026-02-15T00:00:00
2025-10-13,D-04,Diesel,Diesel,Class6_Box,DUTY_SUB_01,D2_Suburban,132.4,6.5,2680,0.67,13,261,07:00,13:30,17.5,10.7,Rain,0.7,Completed,0,0.0,37.5,,,,,,,,,None,,Not_Installed_Diesel,Quarter_End,2025-10-13T13:59:00,,2026-02-15T00:00:00
2025-10-13,D-05,Diesel,Diesel,Class6_Box,DUTY_SUB_02,D2_Suburban,135.5,6.3,3080,0.77,17,283,07:15,13:33,17.4,10.7,Rain,0.7,Completed,0,0.0,37.3,,,,,,,,,None,,Not_Installed_Diesel,Quarter_End,2025-10-13T13:59:00,,2026-02-15T00:00:00
2025-10-13,D-06,Diesel,Diesel,Class6_Box,DUTY_SUB_03,D2_Suburban,135.4,6.8,2800,0.70,14,309,07:15,14:03,16.9,10.7,Rain,0.7,Completed,0,0.0,38.3,,,,,,,,,None,,Not_Installed_Diesel,Quarter_End,2025-10-13T14:33:00,,2026-02-15T00:00:00
2025-10-13,D-07,Diesel,Diesel,Class6_Box,DUTY_SUB_04,D2_Suburban,134.9,6.3,2760,0.69,14,273,07:15,13:33,17.4,10.7,Rain,0.7,Completed,0,0.0,37.2,,,,,,,,,None,,Not_Installed_Diesel,Quarter_End,2025-10-13T13:59:00,,2026-02-15T00:00:00
2025-10-13,D-08,Diesel,Diesel,Class6_Box,DUTY_REG_01,D3_Regional,210.6,7.8,2960,0.74,9,500,07:15,15:03,15.9,10.7,Rain,0.7,Completed,0,0.0,57.4,,,,,,,,,None,,Not_Installed_Diesel,Quarter_End,2025-10-13T15:33:00,,2026-02-15T00:00:00
2025-10-13,D-09,Diesel,Diesel,Class6_Box,DUTY_REG_02,D3_Regional,209.5,8.1,2800,0.70,8,493,07:30,15:36,15.4,10.7,Rain,0.7,Completed,0,0.0,56.6,,,,,,,,,None,,Not_Installed_Diesel,Quarter_End,2025-10-13T15:59:00,,2026-02-15T00:00:00
2025-10-13,D-10,Diesel,Diesel,Class6_Box,DUTY_REG_03,D3_Regional,214.2,8.1,2800,0.70,7,560,07:30,15:36,15.4,10.7,Rain,0.7,Completed,0,0.0,56.8,,,,,,,,,None,,Not_Installed_Diesel,Quarter_End,2025-10-13T15:59:00,,2026-02-15T00:00:00
2025-10-14,EV-01,Electric,Electric,Class6_Box,DUTY_URB_01,D1_Urban,84.5,5.8,2720,0.68,32,145,07:15,13:03,17.9,16.5,Dry,0.0,Completed,0,0.0,,145.6,9.2,154.8,175.9,100.0,22.6,CHG-01,50.0,Enhanced_Telemetry,146.2,Received_Valid,Immediate_CAN_Bus,2025-10-14T13:33:00,2025-10-14T13:08:00,2025-10-14T13:08:00
2025-10-14,EV-02,Electric,Electric,Class6_Box,DUTY_URB_02,D1_Urban,85.8,5.9,3080,0.77,29,127,07:00,12:54,18.1,16.5,Dry,0.0,Completed,0,0.0,,155.1,7.3,162.4,184.5,100.0,18.8,CHG-02,50.0,Enhanced_Telemetry,154.8,Received_Valid,Immediate_CAN_Bus,2025-10-14T12:59:00,2025-10-14T12:59:00,2025-10-14T12:59:00
2025-10-14,EV-03,Electric,Electric,Class6_Box,DUTY_URB_03,D1_Urban,85.0,5.9,3000,0.75,30,128,07:15,13:09,17.9,16.5,Dry,0.0,Completed,0,0.0,,152.5,9.5,162.0,184.1,100.0,19.0,CHG-01,50.0,Baseline_Meter,,Not_Subscribed_Baseline,Quarter_End,2025-10-14T13:39:00,,2026-02-15T00:00:00
2025-10-14,D-04,Diesel,Diesel,Class6_Box,DUTY_SUB_01,D2_Suburban,131.5,6.5,3040,0.76,13,266,07:15,13:45,17.2,16.5,Dry,0.0,Completed,0,0.0,37.9,,,,,,,,,None,,Not_Installed_Diesel,Quarter_End,2025-10-14T13:59:00,,2026-02-15T00:00:00
2025-10-14,D-05,Diesel,Diesel,Class6_Box,DUTY_SUB_02,D2_Suburban,134.8,6.2,3120,0.78,12,276,07:00,13:12,17.8,16.5,Dry,0.0,Completed,0,0.0,38.0,,,,,,,,,None,,Not_Installed_Diesel,Quarter_End,2025-10-14T13:42:00,,2026-02-15T00:00:00
2025-10-14,D-06,Diesel,Diesel,Class6_Box,DUTY_SUB_03,D2_Suburban,136.7,6.8,2880,0.72,18,298,07:00,13:48,17.2,16.5,Dry,0.0,Completed,0,0.0,38.3,,,,,,,,,None,,Not_Installed_Diesel,Quarter_End,2025-10-14T13:59:00,,2026-02-15T00:00:00
2025-10-14,D-07,Diesel,Diesel,Class6_Box,DUTY_SUB_04,D2_Suburban,135.1,6.4,2880,0.72,11,262,07:15,13:39,17.4,16.5,Dry,0.0,Completed,0,0.0,37.5,,,,,,,,,None,,Not_Installed_Diesel,Quarter_End,2025-10-14T13:59:00,,2026-02-15T00:00:00
2025-10-14,D-08,Diesel,Diesel,Class6_Box,DUTY_REG_01,D3_Regional,208.7,7.9,2840,0.71,4,510,07:00,14:54,16.1,16.5,Dry,0.0,Completed,0,0.0,56.4,,,,,,,,,None,,Not_Installed_Diesel,Quarter_End,2025-10-14T14:59:00,,2026-02-15T00:00:00
2025-10-14,D-09,Diesel,Diesel,Class6_Box,DUTY_REG_02,D3_Regional,207.8,8.0,2680,0.67,4,489,07:00,15:00,16.0,16.5,Dry,0.0,Completed,0,0.0,57.0,,,,,,,,,None,,Not_Installed_Diesel,Quarter_End,2025-10-14T15:30:00,,2026-02-15T00:00:00
2025-10-14,D-10,Diesel,Diesel,Class6_Box,DUTY_REG_03,D3_Regional,213.0,8.1,2320,0.58,5,557,07:15,15:21,15.7,16.5,Dry,0.0,Completed,0,0.0,56.3,,,,,,,,,None,,Not_Installed_Diesel,Quarter_End,2025-10-14T15:51:00,,2026-02-15T00:00:00
2025-10-15,EV-01,Electric,Electric,Class6_Box,DUTY_URB_01,D1_Urban,83.9,5.6,3000,0.75,31,150,07:00,12:36,18.4,12.8,Dry,0.0,Completed,0,0.0,,144.0,8.0,152.0,172.7,100.0,24.0,CHG-01,50.0,Enhanced_Telemetry,144.3,Received_Valid,Immediate_CAN_Bus,2025-10-15T12:59:00,2025-10-15T12:41:00,2025-10-15T12:41:00
2025-10-15,EV-02,Electric,Electric,Class6_Box,DUTY_URB_02,D1_Urban,84.1,5.8,2720,0.68,31,139,07:00,12:48,18.2,12.8,Dry,0.0,Completed,0,0.0,,145.4,8.8,154.2,175.2,100.0,22.9,CHG-02,50.0,Enhanced_Telemetry,145.3,Received_Valid,Immediate_CAN_Bus,2025-10-15T12:59:00,2025-10-15T12:53:00,2025-10-15T12:53:00
2025-10-15,EV-03,Electric,Electric,Class6_Box,DUTY_URB_03,D1_Urban,87.1,6.1,2880,0.72,31,139,07:30,13:36,17.4,12.8,Dry,0.0,Completed,0,0.0,,159.2,7.7,166.9,189.7,100.0,16.5,CHG-01,50.0,Baseline_Meter,,Not_Subscribed_Baseline,Quarter_End,2025-10-15T13:59:00,,2026-02-15T00:00:00
2025-10-15,D-04,Diesel,Diesel,Class6_Box,DUTY_SUB_01,D2_Suburban,133.9,6.2,2960,0.74,14,281,07:00,13:12,17.8,12.8,Dry,0.0,Completed,0,0.0,37.3,,,,,,,,,None,,Not_Installed_Diesel,Quarter_End,2025-10-15T13:42:00,,2026-02-15T00:00:00
2025-10-15,D-05,Diesel,Diesel,Class6_Box,DUTY_SUB_02,D2_Suburban,131.7,6.3,2960,0.74,17,285,07:30,13:48,17.2,12.8,Dry,0.0,Completed,0,0.0,38.0,,,,,,,,,None,,Not_Installed_Diesel,Quarter_End,2025-10-15T13:59:00,,2026-02-15T00:00:00
2025-10-15,D-06,Diesel,Diesel,Class6_Box,DUTY_SUB_03,D2_Suburban,136.7,6.8,3120,0.78,19,316,07:00,13:48,17.2,12.8,Dry,0.0,Completed,0,0.0,38.2,,,,,,,,,None,,Not_Installed_Diesel,Quarter_End,2025-10-15T13:59:00,,2026-02-15T00:00:00
2025-10-15,D-07,Diesel,Diesel,Class6_Box,DUTY_SUB_04,D2_Suburban,133.5,6.4,2840,0.71,14,270,07:00,13:24,17.6,12.8,Dry,0.0,Completed,0,0.0,37.1,,,,,,,,,None,,Not_Installed_Diesel,Quarter_End,2025-10-15T13:54:00,,2026-02-15T00:00:00
2025-10-15,D-08,Diesel,Diesel,Class6_Box,DUTY_REG_01,D3_Regional,210.5,7.8,2480,0.62,9,504,07:15,15:03,15.9,12.8,Dry,0.0,Completed,0,0.0,56.3,,,,,,,,,None,,Not_Installed_Diesel,Quarter_End,2025-10-15T15:33:00,,2026-02-15T00:00:00
2025-10-15,D-09,Diesel,Diesel,Class6_Box,DUTY_REG_02,D3_Regional,207.3,7.7,2920,0.73,5,475,07:00,14:42,16.3,12.8,Dry,0.0,Completed,0,0.0,57.3,,,,,,,,,None,,Not_Installed_Diesel,Quarter_End,2025-10-15T14:59:00,,2026-02-15T00:00:00
2025-10-15,D-10,Diesel,Diesel,Class6_Box,DUTY_REG_03,D3_Regional,214.9,8.2,3040,0.76,7,560,07:30,15:41,15.3,12.8,Dry,0.0,Completed,0,0.0,56.6,,,,,,,,,None,,Not_Installed_Diesel,Quarter_End,2025-10-15T15:59:00,,2026-02-15T00:00:00
2025-10-16,EV-01,Electric,Electric,Class6_Box,DUTY_URB_01,D1_Urban,85.6,5.9,2960,0.74,29,145,07:15,13:09,17.9,13.9,Dry,0.0,Completed,0,0.0,,145.2,8.1,153.3,174.2,100.0,23.3,CHG-01,50.0,Enhanced_Telemetry,144.7,Received_Valid,Immediate_CAN_Bus,2025-10-16T13:39:00,2025-10-16T13:14:00,2025-10-16T13:14:00
2025-10-16,EV-02,Electric,Electric,Class6_Box,DUTY_URB_02,D1_Urban,81.8,6.1,2880,0.72,28,133,07:15,13:21,17.6,13.9,Dry,0.0,Completed,0,0.0,,143.2,7.2,150.4,170.9,100.0,24.8,CHG-02,50.0,Enhanced_Telemetry,143.5,Received_Valid,Immediate_CAN_Bus,2025-10-16T13:51:00,2025-10-16T13:26:00,2025-10-16T13:26:00
2025-10-16,EV-03,Electric,Electric,Class6_Box,DUTY_URB_03,D1_Urban,82.7,5.7,3120,0.78,34,144,07:30,13:12,17.8,13.9,Dry,0.0,Completed,0,0.0,,145.0,7.7,152.7,173.5,100.0,23.7,CHG-01,50.0,Baseline_Meter,,Not_Subscribed_Baseline,Quarter_End,2025-10-16T13:42:00,,2026-02-15T00:00:00
2025-10-16,D-04,Diesel,Diesel,Class6_Box,DUTY_SUB_01,D2_Suburban,133.0,6.7,2680,0.67,17,289,07:00,13:42,17.3,13.9,Dry,0.0,Completed,0,0.0,37.4,,,,,,,,,None,,Not_Installed_Diesel,Quarter_End,2025-10-16T13:59:00,,2026-02-15T00:00:00
2025-10-16,D-05,Diesel,Diesel,Class6_Box,DUTY_SUB_02,D2_Suburban,133.8,6.8,3000,0.75,12,276,07:15,14:03,16.9,13.9,Dry,0.0,Completed,0,0.0,37.9,,,,,,,,,None,,Not_Installed_Diesel,Quarter_End,2025-10-16T14:33:00,,2026-02-15T00:00:00
2025-10-16,D-06,Diesel,Diesel,Class6_Box,DUTY_SUB_03,D2_Suburban,134.7,6.6,2800,0.70,20,295,07:00,13:36,17.4,13.9,Dry,0.0,Completed,0,0.0,38.4,,,,,,,,,None,,Not_Installed_Diesel,Quarter_End,2025-10-16T13:59:00,,2026-02-15T00:00:00
2025-10-16,D-07,Diesel,Diesel,Class6_Box,DUTY_SUB_04,D2_Suburban,134.8,6.4,2760,0.69,16,272,07:00,13:24,17.6,13.9,Dry,0.0,Completed,0,0.0,38.0,,,,,,,,,None,,Not_Installed_Diesel,Quarter_End,2025-10-16T13:54:00,,2026-02-15T00:00:00
2025-10-16,D-08,Diesel,Diesel,Class6_Box,DUTY_REG_01,D3_Regional,210.3,7.5,3000,0.75,3,504,07:15,14:45,16.2,13.9,Dry,0.0,Completed,0,0.0,57.6,,,,,,,,,None,,Not_Installed_Diesel,Quarter_End,2025-10-16T14:59:00,,2026-02-15T00:00:00
2025-10-16,D-09,Diesel,Diesel,Class6_Box,DUTY_REG_02,D3_Regional,208.1,7.6,3080,0.77,2,473,07:00,14:36,16.4,13.9,Dry,0.0,Completed,0,0.0,57.1,,,,,,,,,None,,Not_Installed_Diesel,Quarter_End,2025-10-16T14:59:00,,2026-02-15T00:00:00
2025-10-16,D-10,Diesel,Diesel,Class6_Box,DUTY_REG_03,D3_Regional,210.4,8.3,3240,0.81,4,534,07:30,15:48,15.2,13.9,Dry,0.0,Completed,0,0.0,57.8,,,,,,,,,None,,Not_Installed_Diesel,Quarter_End,2025-10-16T15:59:00,,2026-02-15T00:00:00
2025-10-17,EV-01,Electric,Electric,Class6_Box,DUTY_URB_01,D1_Urban,88.3,5.4,2880,0.72,29,155,07:00,12:24,18.6,14.7,Rain,0.4,Completed,0,0.0,,156.6,7.8,164.4,186.8,100.0,17.8,CHG-01,50.0,Enhanced_Telemetry,156.9,Received_Valid,Immediate_CAN_Bus,2025-10-17T12:54:00,2025-10-17T12:29:00,2025-10-17T12:29:00
2025-10-17,EV-02,Electric,Electric,Class6_Box,DUTY_URB_02,D1_Urban,82.3,5.1,2920,0.73,29,121,07:00,12:06,18.9,14.7,Rain,0.4,Completed,0,0.0,,147.0,7.1,154.1,175.1,100.0,23.0,CHG-02,50.0,Enhanced_Telemetry,147.8,Received_Valid,Immediate_CAN_Bus,2025-10-17T12:36:00,2025-10-17T12:11:00,2025-10-17T12:11:00
2025-10-17,EV-03,Electric,Electric,Class6_Box,DUTY_URB_03,D1_Urban,87.3,6.1,2920,0.73,30,133,07:30,13:36,17.4,14.7,Rain,0.4,Completed,0,0.0,,151.2,6.9,158.1,179.7,100.0,21.0,CHG-01,50.0,Baseline_Meter,,Not_Subscribed_Baseline,Quarter_End,2025-10-17T13:59:00,,2026-02-15T00:00:00
2025-10-17,D-04,Diesel,Diesel,Class6_Box,DUTY_SUB_01,D2_Suburban,136.9,7.1,2880,0.72,17,295,07:30,14:36,16.4,14.7,Rain,0.4,Completed,0,0.0,38.3,,,,,,,,,None,,Not_Installed_Diesel,Quarter_End,2025-10-17T14:59:00,,2026-02-15T00:00:00
2025-10-17,D-05,Diesel,Diesel,Class6_Box,DUTY_SUB_02,D2_Suburban,136.4,6.7,2920,0.73,17,274,07:15,13:57,17.1,14.7,Rain,0.4,Completed,0,0.0,37.7,,,,,,,,,None,,Not_Installed_Diesel,Quarter_End,2025-10-17T13:59:00,,2026-02-15T00:00:00
2025-10-17,D-06,Diesel,Diesel,Class6_Box,DUTY_SUB_03,D2_Suburban,137.8,6.6,3320,0.83,14,292,07:30,14:06,16.9,14.7,Rain,0.4,Completed,0,0.0,38.8,,,,,,,,,None,,Not_Installed_Diesel,Quarter_End,2025-10-17T14:36:00,,2026-02-15T00:00:00
2025-10-17,D-07,Diesel,Diesel,Class6_Box,DUTY_SUB_04,D2_Suburban,135.2,6.7,2600,0.65,12,262,07:00,13:42,17.3,14.7,Rain,0.4,Completed,0,0.0,37.6,,,,,,,,,None,,Not_Installed_Diesel,Quarter_End,2025-10-17T13:59:00,,2026-02-15T00:00:00
2025-10-17,D-08,Diesel,Diesel,Class6_Box,DUTY_REG_01,D3_Regional,211.6,8.0,2840,0.71,3,526,07:30,15:30,15.5,14.7,Rain,0.4,Completed,0,0.0,57.2,,,,,,,,,None,,Not_Installed_Diesel,Quarter_End,2025-10-17T15:59:00,,2026-02-15T00:00:00
2025-10-17,D-09,Diesel,Diesel,Class6_Box,DUTY_REG_02,D3_Regional,208.2,7.8,2680,0.67,3,510,07:00,14:48,16.2,14.7,Rain,0.4,Completed,0,0.0,56.7,,,,,,,,,None,,Not_Installed_Diesel,Quarter_End,2025-10-17T14:59:00,,2026-02-15T00:00:00
2025-10-17,D-10,Diesel,Diesel,Class6_Box,DUTY_REG_03,D3_Regional,210.6,8.1,2760,0.69,8,548,07:30,15:36,15.4,14.7,Rain,0.4,Completed,0,0.0,57.0,,,,,,,,,None,,Not_Installed_Diesel,Quarter_End,2025-10-17T15:59:00,,2026-02-15T00:00:00
2025-10-20,EV-01,Electric,Electric,Class6_Box,DUTY_URB_01,D1_Urban,83.0,5.5,2680,0.67,30,148,07:15,12:45,18.2,12.3,Rain,0.4,Completed,0,0.0,,149.5,8.7,158.2,179.8,100.0,20.9,CHG-01,50.0,Enhanced_Telemetry,150.0,Received_Valid,Immediate_CAN_Bus,2025-10-20T12:59:00,2025-10-20T12:50:00,2025-10-20T12:50:00
2025-10-20,EV-02,Electric,Electric,Class6_Box,DUTY_URB_02,D1_Urban,82.2,5.6,2800,0.70,26,139,07:15,12:51,18.1,12.3,Rain,0.4,Completed,0,0.0,,147.3,9.5,156.8,178.2,100.0,21.6,CHG-02,50.0,Enhanced_Telemetry,147.2,Received_Valid,Immediate_CAN_Bus,2025-10-20T12:59:00,2025-10-20T12:56:00,2025-10-20T12:56:00
2025-10-20,EV-03,Electric,Electric,Class6_Box,DUTY_URB_03,D1_Urban,86.0,5.9,3000,0.75,31,142,07:15,13:09,17.9,12.3,Rain,0.4,Completed,0,0.0,,152.1,6.0,158.1,179.7,100.0,21.0,CHG-01,50.0,Baseline_Meter,,Not_Subscribed_Baseline,Quarter_End,2025-10-20T13:39:00,,2026-02-15T00:00:00
2025-10-20,D-04,Diesel,Diesel,Class6_Box,DUTY_SUB_01,D2_Suburban,134.5,6.0,3040,0.76,13,260,07:30,13:30,17.5,12.3,Rain,0.4,Completed,0,0.0,37.8,,,,,,,,,None,,Not_Installed_Diesel,Quarter_End,2025-10-20T13:59:00,,2026-02-15T00:00:00
2025-10-20,D-05,Diesel,Diesel,Class6_Box,DUTY_SUB_02,D2_Suburban,135.1,6.2,3120,0.78,16,279,07:00,13:12,17.8,12.3,Rain,0.4,Completed,0,0.0,37.9,,,,,,,,,None,,Not_Installed_Diesel,Quarter_End,2025-10-20T13:42:00,,2026-02-15T00:00:00
2025-10-20,D-06,Diesel,Diesel,Class6_Box,DUTY_SUB_03,D2_Suburban,135.0,6.5,2840,0.71,18,299,07:15,13:45,17.2,12.3,Rain,0.4,Completed,0,0.0,38.1,,,,,,,,,None,,Not_Installed_Diesel,Quarter_End,2025-10-20T13:59:00,,2026-02-15T00:00:00
2025-10-20,D-07,Diesel,Diesel,Class6_Box,DUTY_SUB_04,D2_Suburban,134.2,6.4,3200,0.80,11,272,07:30,13:54,17.1,12.3,Rain,0.4,Outsourced,1,270.0,,,,,,,,,,None,,Not_Applicable_Outsourced,Quarter_End,2025-10-20T13:59:00,,2025-10-20T13:59:00
2025-10-20,D-08,Diesel,Diesel,Class6_Box,DUTY_REG_01,D3_Regional,212.2,8.0,2800,0.70,3,520,07:00,15:00,16.0,12.3,Rain,0.4,Completed,0,0.0,56.9,,,,,,,,,None,,Not_Installed_Diesel,Quarter_End,2025-10-20T15:30:00,,2026-02-15T00:00:00
2025-10-20,D-09,Diesel,Diesel,Class6_Box,DUTY_REG_02,D3_Regional,210.8,8.0,2800,0.70,8,497,07:30,15:30,15.5,12.3,Rain,0.4,Completed,0,0.0,56.4,,,,,,,,,None,,Not_Installed_Diesel,Quarter_End,2025-10-20T15:59:00,,2026-02-15T00:00:00
2025-10-20,D-10,Diesel,Diesel,Class6_Box,DUTY_REG_03,D3_Regional,210.8,8.1,3080,0.77,10,534,07:00,15:06,15.9,12.3,Rain,0.4,Completed,0,0.0,57.8,,,,,,,,,None,,Not_Installed_Diesel,Quarter_End,2025-10-20T15:36:00,,2026-02-15T00:00:00
2025-10-21,EV-01,Electric,Electric,Class6_Box,DUTY_URB_01,D1_Urban,86.4,5.9,2960,0.74,33,128,07:00,12:54,18.1,9.2,Rain,0.7,Completed,0,0.0,,147.1,10.2,157.3,178.8,100.0,21.3,CHG-01,50.0,Enhanced_Telemetry,146.9,Received_Valid,Immediate_CAN_Bus,2025-10-21T12:59:00,2025-10-21T12:59:00,2025-10-21T12:59:00
2025-10-21,EV-02,Electric,Electric,Class6_Box,DUTY_URB_02,D1_Urban,85.6,5.5,2680,0.67,26,120,07:30,13:00,18.0,9.2,Rain,0.7,Completed,0,0.0,,145.4,9.5,154.9,176.0,100.0,22.5,CHG-02,50.0,Enhanced_Telemetry,145.3,Received_Valid,Immediate_CAN_Bus,2025-10-21T13:30:00,2025-10-21T13:05:00,2025-10-21T13:05:00
2025-10-21,EV-03,Electric,Electric,Class6_Box,DUTY_URB_03,D1_Urban,87.8,5.9,2800,0.70,34,126,07:30,13:24,17.6,9.2,Rain,0.7,Completed,0,0.0,,151.4,9.1,160.5,182.4,100.0,19.8,CHG-01,50.0,Baseline_Meter,,Not_Subscribed_Baseline,Quarter_End,2025-10-21T13:54:00,,2026-02-15T00:00:00
2025-10-21,D-04,Diesel,Diesel,Class6_Box,DUTY_SUB_01,D2_Suburban,136.6,6.4,2720,0.68,14,285,07:30,13:54,17.1,9.2,Rain,0.7,Completed,0,0.0,38.2,,,,,,,,,None,,Not_Installed_Diesel,Quarter_End,2025-10-21T13:59:00,,2026-02-15T00:00:00
2025-10-21,D-05,Diesel,Diesel,Class6_Box,DUTY_SUB_02,D2_Suburban,133.4,6.7,2680,0.67,17,271,07:30,14:12,16.8,9.2,Rain,0.7,Completed,0,0.0,38.5,,,,,,,,,None,,Not_Installed_Diesel,Quarter_End,2025-10-21T14:42:00,,2026-02-15T00:00:00
2025-10-21,D-06,Diesel,Diesel,Class6_Box,DUTY_SUB_03,D2_Suburban,135.5,6.4,3360,0.84,18,328,07:30,13:54,17.1,9.2,Rain,0.7,Completed,0,0.0,37.3,,,,,,,,,None,,Not_Installed_Diesel,Quarter_End,2025-10-21T13:59:00,,2026-02-15T00:00:00
2025-10-21,D-07,Diesel,Diesel,Class6_Box,DUTY_SUB_04,D2_Suburban,134.1,6.6,3080,0.77,14,257,07:15,13:51,17.1,9.2,Rain,0.7,Completed,0,0.0,37.4,,,,,,,,,None,,Not_Installed_Diesel,Quarter_End,2025-10-21T13:59:00,,2026-02-15T00:00:00
2025-10-21,D-08,Diesel,Diesel,Class6_Box,DUTY_REG_01,D3_Regional,209.4,8.0,2960,0.74,8,501,07:30,15:30,15.5,9.2,Rain,0.7,Completed,0,0.0,57.3,,,,,,,,,None,,Not_Installed_Diesel,Quarter_End,2025-10-21T15:59:00,,2026-02-15T00:00:00
2025-10-21,D-09,Diesel,Diesel,Class6_Box,DUTY_REG_02,D3_Regional,208.1,7.9,2960,0.74,8,501,07:00,14:54,16.1,9.2,Rain,0.7,Completed,0,0.0,57.1,,,,,,,,,None,,Not_Installed_Diesel,Quarter_End,2025-10-21T14:59:00,,2026-02-15T00:00:00
2025-10-21,D-10,Diesel,Diesel,Class6_Box,DUTY_REG_03,D3_Regional,213.1,7.5,2840,0.71,6,535,07:15,14:45,16.2,9.2,Rain,0.7,Completed,0,0.0,56.4,,,,,,,,,None,,Not_Installed_Diesel,Quarter_End,2025-10-21T14:59:00,,2026-02-15T00:00:00
2025-10-22,EV-01,Electric,Electric,Class6_Box,DUTY_URB_01,D1_Urban,86.7,6.0,2760,0.69,29,149,07:00,13:00,18.0,13.0,Dry,0.0,Completed,0,0.0,,160.3,6.8,167.1,189.9,100.0,16.5,CHG-01,50.0,Enhanced_Telemetry,160.9,Received_Valid,Immediate_CAN_Bus,2025-10-22T13:30:00,2025-10-22T13:05:00,2025-10-22T13:05:00
2025-10-22,EV-02,Electric,Electric,Class6_Box,DUTY_URB_02,D1_Urban,85.2,5.5,2920,0.73,31,128,07:00,12:30,18.5,13.0,Dry,0.0,Completed,0,0.0,,146.4,7.0,153.4,174.3,100.0,23.3,CHG-02,50.0,Enhanced_Telemetry,146.0,Received_Valid,Immediate_CAN_Bus,2025-10-22T12:59:00,2025-10-22T12:35:00,2025-10-22T12:35:00
2025-10-22,EV-03,Electric,Electric,Class6_Box,DUTY_URB_03,D1_Urban,86.4,5.7,2720,0.68,33,133,07:15,12:57,18.1,13.0,Dry,0.0,Completed,0,0.0,,150.8,10.1,160.9,182.8,100.0,19.5,CHG-01,50.0,Baseline_Meter,,Not_Subscribed_Baseline,Quarter_End,2025-10-22T12:59:00,,2026-02-15T00:00:00
2025-10-22,D-04,Diesel,Diesel,Class6_Box,DUTY_SUB_01,D2_Suburban,136.4,6.2,2720,0.68,13,291,07:15,13:27,17.6,13.0,Dry,0.0,Completed,0,0.0,37.7,,,,,,,,,None,,Not_Installed_Diesel,Quarter_End,2025-10-22T13:57:00,,2026-02-15T00:00:00
2025-10-22,D-05,Diesel,Diesel,Class6_Box,DUTY_SUB_02,D2_Suburban,136.0,6.4,2760,0.69,12,292,07:15,13:39,17.4,13.0,Dry,0.0,Completed,0,0.0,38.1,,,,,,,,,None,,Not_Installed_Diesel,Quarter_End,2025-10-22T13:59:00,,2026-02-15T00:00:00
2025-10-22,D-06,Diesel,Diesel,Class6_Box,DUTY_SUB_03,D2_Suburban,134.4,6.8,2520,0.63,15,297,07:00,13:48,17.2,13.0,Dry,0.0,Completed,0,0.0,38.6,,,,,,,,,None,,Not_Installed_Diesel,Quarter_End,2025-10-22T13:59:00,,2026-02-15T00:00:00
2025-10-22,D-07,Diesel,Diesel,Class6_Box,DUTY_SUB_04,D2_Suburban,136.6,6.7,3160,0.79,16,292,07:30,14:12,16.8,13.0,Dry,0.0,Completed,0,0.0,37.7,,,,,,,,,None,,Not_Installed_Diesel,Quarter_End,2025-10-22T14:42:00,,2026-02-15T00:00:00
2025-10-22,D-08,Diesel,Diesel,Class6_Box,DUTY_REG_01,D3_Regional,209.5,7.8,2880,0.72,8,537,07:30,15:18,15.7,13.0,Dry,0.0,Completed,0,0.0,57.6,,,,,,,,,None,,Not_Installed_Diesel,Quarter_End,2025-10-22T15:48:00,,2026-02-15T00:00:00
2025-10-22,D-09,Diesel,Diesel,Class6_Box,DUTY_REG_02,D3_Regional,208.1,8.0,2680,0.67,6,493,07:00,15:00,16.0,13.0,Dry,0.0,Completed,0,0.0,57.1,,,,,,,,,None,,Not_Installed_Diesel,Quarter_End,2025-10-22T15:30:00,,2026-02-15T00:00:00
2025-10-22,D-10,Diesel,Diesel,Class6_Box,DUTY_REG_03,D3_Regional,211.2,8.0,2480,0.62,5,538,07:30,15:30,15.5,13.0,Dry,0.0,Completed,0,0.0,56.4,,,,,,,,,None,,Not_Installed_Diesel,Quarter_End,2025-10-22T15:59:00,,2026-02-15T00:00:00
2025-10-23,EV-01,Electric,Electric,Class6_Box,DUTY_URB_01,D1_Urban,86.4,5.9,2840,0.71,29,148,07:15,13:09,17.9,17.9,Windy,0.0,Completed,0,0.0,,144.6,10.2,154.8,175.9,100.0,22.6,CHG-01,50.0,Enhanced_Telemetry,144.7,Received_Valid,Immediate_CAN_Bus,2025-10-23T13:39:00,2025-10-23T13:14:00,2025-10-23T13:14:00
2025-10-23,EV-02,Electric,Electric,Class6_Box,DUTY_URB_02,D1_Urban,83.9,5.7,2760,0.69,25,143,07:15,12:57,18.1,17.9,Windy,0.0,Completed,0,0.0,,143.5,9.0,152.5,173.3,100.0,23.8,CHG-02,50.0,Enhanced_Telemetry,143.3,Received_Valid,Immediate_CAN_Bus,2025-10-23T12:59:00,2025-10-23T12:59:00,2025-10-23T12:59:00
2025-10-23,EV-03,Electric,Electric,Class6_Box,DUTY_URB_03,D1_Urban,87.0,5.7,2920,0.73,30,126,07:00,12:42,18.3,17.9,Windy,0.0,Completed,0,0.0,,150.2,9.1,159.3,181.0,100.0,20.3,CHG-01,50.0,Baseline_Meter,,Not_Subscribed_Baseline,Quarter_End,2025-10-23T12:59:00,,2026-02-15T00:00:00
2025-10-23,D-04,Diesel,Diesel,Class6_Box,DUTY_SUB_01,D2_Suburban,134.9,6.3,2800,0.70,14,264,07:30,13:48,17.2,17.9,Windy,0.0,Completed,0,0.0,37.5,,,,,,,,,None,,Not_Installed_Diesel,Quarter_End,2025-10-23T13:59:00,,2026-02-15T00:00:00
2025-10-23,D-05,Diesel,Diesel,Class6_Box,DUTY_SUB_02,D2_Suburban,133.1,6.5,3000,0.75,14,285,07:15,13:45,17.2,17.9,Windy,0.0,Completed,0,0.0,38.2,,,,,,,,,None,,Not_Installed_Diesel,Quarter_End,2025-10-23T13:59:00,,2026-02-15T00:00:00
2025-10-23,D-06,Diesel,Diesel,Class6_Box,DUTY_SUB_03,D2_Suburban,134.7,6.5,2520,0.63,16,316,07:00,13:30,17.5,17.9,Windy,0.0,Completed,0,0.0,38.1,,,,,,,,,None,,Not_Installed_Diesel,Quarter_End,2025-10-23T13:59:00,,2026-02-15T00:00:00
2025-10-23,D-07,Diesel,Diesel,Class6_Box,DUTY_SUB_04,D2_Suburban,138.4,6.6,2920,0.73,14,276,07:30,14:06,16.9,17.9,Windy,0.0,Completed,0,0.0,37.8,,,,,,,,,None,,Not_Installed_Diesel,Quarter_End,2025-10-23T14:36:00,,2026-02-15T00:00:00
2025-10-23,D-08,Diesel,Diesel,Class6_Box,DUTY_REG_01,D3_Regional,209.3,7.5,3000,0.75,8,532,07:15,14:45,16.2,17.9,Windy,0.0,Completed,0,0.0,56.7,,,,,,,,,None,,Not_Installed_Diesel,Quarter_End,2025-10-23T14:59:00,,2026-02-15T00:00:00
2025-10-23,D-09,Diesel,Diesel,Class6_Box,DUTY_REG_02,D3_Regional,206.2,7.7,2600,0.65,8,501,07:15,14:57,16.1,17.9,Windy,0.0,Completed,0,0.0,57.6,,,,,,,,,None,,Not_Installed_Diesel,Quarter_End,2025-10-23T14:59:00,,2026-02-15T00:00:00
2025-10-23,D-10,Diesel,Diesel,Class6_Box,DUTY_REG_03,D3_Regional,213.7,8.1,2920,0.73,6,540,07:30,15:36,15.4,17.9,Windy,0.0,Completed,0,0.0,57.3,,,,,,,,,None,,Not_Installed_Diesel,Quarter_End,2025-10-23T15:59:00,,2026-02-15T00:00:00
2025-10-24,EV-01,Electric,Electric,Class6_Box,DUTY_URB_01,D1_Urban,82.8,6.1,3080,0.77,30,131,07:15,13:21,17.6,13.2,Rain,0.7,Completed,0,0.0,,144.8,8.5,153.3,174.2,100.0,23.3,CHG-01,50.0,Enhanced_Telemetry,145.7,Received_Valid,Immediate_CAN_Bus,2025-10-24T13:51:00,2025-10-24T13:26:00,2025-10-24T13:26:00
2025-10-24,EV-02,Electric,Electric,Class6_Box,DUTY_URB_02,D1_Urban,84.0,5.9,2760,0.69,28,141,07:15,13:09,17.9,13.2,Rain,0.7,Completed,0,0.0,,142.9,7.9,150.8,171.4,100.0,24.6,CHG-02,50.0,Enhanced_Telemetry,142.6,Received_Valid,Immediate_CAN_Bus,2025-10-24T13:39:00,2025-10-24T13:14:00,2025-10-24T13:14:00
2025-10-24,EV-03,Electric,Electric,Class6_Box,DUTY_URB_03,D1_Urban,85.1,6.1,2760,0.69,29,126,07:15,13:21,17.6,13.2,Rain,0.7,Completed,0,0.0,,153.5,9.2,162.7,184.9,100.0,18.7,CHG-01,50.0,Baseline_Meter,,Not_Subscribed_Baseline,Quarter_End,2025-10-24T13:51:00,,2026-02-15T00:00:00
2025-10-24,D-04,Diesel,Diesel,Class6_Box,DUTY_SUB_01,D2_Suburban,133.3,6.3,3000,0.75,19,263,07:15,13:33,17.4,13.2,Rain,0.7,Completed,0,0.0,37.3,,,,,,,,,None,,Not_Installed_Diesel,Quarter_End,2025-10-24T13:59:00,,2026-02-15T00:00:00
2025-10-24,D-05,Diesel,Diesel,Class6_Box,DUTY_SUB_02,D2_Suburban,134.8,6.1,2720,0.68,16,298,07:30,13:36,17.4,13.2,Rain,0.7,Completed,0,0.0,37.4,,,,,,,,,None,,Not_Installed_Diesel,Quarter_End,2025-10-24T13:59:00,,2026-02-15T00:00:00
2025-10-24,D-06,Diesel,Diesel,Class6_Box,DUTY_SUB_03,D2_Suburban,135.3,6.3,2440,0.61,15,299,07:00,13:18,17.7,13.2,Rain,0.7,Completed,0,0.0,37.5,,,,,,,,,None,,Not_Installed_Diesel,Quarter_End,2025-10-24T13:48:00,,2026-02-15T00:00:00
2025-10-24,D-07,Diesel,Diesel,Class6_Box,DUTY_SUB_04,D2_Suburban,135.5,6.5,2840,0.71,13,286,07:00,13:30,17.5,13.2,Rain,0.7,Completed,0,0.0,37.5,,,,,,,,,None,,Not_Installed_Diesel,Quarter_End,2025-10-24T13:59:00,,2026-02-15T00:00:00
2025-10-24,D-08,Diesel,Diesel,Class6_Box,DUTY_REG_01,D3_Regional,208.3,7.6,2640,0.66,3,518,07:15,14:51,16.1,13.2,Rain,0.7,Completed,0,0.0,56.4,,,,,,,,,None,,Not_Installed_Diesel,Quarter_End,2025-10-24T14:59:00,,2026-02-15T00:00:00
2025-10-24,D-09,Diesel,Diesel,Class6_Box,DUTY_REG_02,D3_Regional,206.2,7.3,3200,0.80,7,473,07:15,14:33,16.4,13.2,Rain,0.7,Completed,0,0.0,56.2,,,,,,,,,None,,Not_Installed_Diesel,Quarter_End,2025-10-24T14:59:00,,2026-02-15T00:00:00
2025-10-24,D-10,Diesel,Diesel,Class6_Box,DUTY_REG_03,D3_Regional,213.7,8.0,3200,0.80,9,538,07:30,15:30,15.5,13.2,Rain,0.7,Completed,0,0.0,57.0,,,,,,,,,None,,Not_Installed_Diesel,Quarter_End,2025-10-24T15:59:00,,2026-02-15T00:00:00
2025-10-27,EV-01,Electric,Electric,Class6_Box,DUTY_URB_01,D1_Urban,86.5,5.4,2720,0.68,32,153,07:00,12:24,18.6,13.3,Dry,0.0,Completed,0,0.0,,158.9,7.5,166.4,189.1,100.0,16.8,CHG-01,50.0,Enhanced_Telemetry,159.1,Received_Valid,Immediate_CAN_Bus,2025-10-27T12:54:00,2025-10-27T12:29:00,2025-10-27T12:29:00
2025-10-27,EV-02,Electric,Electric,Class6_Box,DUTY_URB_02,D1_Urban,84.2,5.5,3000,0.75,29,139,07:00,12:30,18.5,13.3,Dry,0.0,Completed,0,0.0,,151.3,7.7,159.0,180.7,100.0,20.5,CHG-02,50.0,Enhanced_Telemetry,152.0,Received_Valid,Immediate_CAN_Bus,2025-10-27T12:59:00,2025-10-27T12:35:00,2025-10-27T12:35:00
2025-10-27,EV-03,Electric,Electric,Class6_Box,DUTY_URB_03,D1_Urban,85.5,5.8,3080,0.77,30,149,07:30,13:18,17.7,13.3,Dry,0.0,Completed,0,0.0,,149.8,8.1,157.9,179.4,100.0,21.0,CHG-01,50.0,Baseline_Meter,,Not_Subscribed_Baseline,Quarter_End,2025-10-27T13:48:00,,2026-02-15T00:00:00
2025-10-27,D-04,Diesel,Diesel,Class6_Box,DUTY_SUB_01,D2_Suburban,132.3,7.0,2840,0.71,15,296,07:30,14:30,16.5,13.3,Dry,0.0,Completed,0,0.0,38.2,,,,,,,,,None,,Not_Installed_Diesel,Quarter_End,2025-10-27T14:59:00,,2026-02-15T00:00:00
2025-10-27,D-05,Diesel,Diesel,Class6_Box,DUTY_SUB_02,D2_Suburban,138.5,6.2,3160,0.79,14,273,07:00,13:12,17.8,13.3,Dry,0.0,Completed,0,0.0,38.2,,,,,,,,,None,,Not_Installed_Diesel,Quarter_End,2025-10-27T13:42:00,,2026-02-15T00:00:00
2025-10-27,D-06,Diesel,Diesel,Class6_Box,DUTY_SUB_03,D2_Suburban,137.1,6.5,2400,0.60,19,293,07:30,14:00,17.0,13.3,Dry,0.0,Completed,0,0.0,37.7,,,,,,,,,None,,Not_Installed_Diesel,Quarter_End,2025-10-27T14:30:00,,2026-02-15T00:00:00
2025-10-27,D-07,Diesel,Diesel,Class6_Box,DUTY_SUB_04,D2_Suburban,136.8,6.5,2840,0.71,11,258,07:00,13:30,17.5,13.3,Dry,0.0,Completed,0,0.0,38.1,,,,,,,,,None,,Not_Installed_Diesel,Quarter_End,2025-10-27T13:59:00,,2026-02-15T00:00:00
2025-10-27,D-08,Diesel,Diesel,Class6_Box,DUTY_REG_01,D3_Regional,210.6,7.4,2840,0.71,5,532,07:30,14:54,16.1,13.3,Dry,0.0,Completed,0,0.0,57.4,,,,,,,,,None,,Not_Installed_Diesel,Quarter_End,2025-10-27T14:59:00,,2026-02-15T00:00:00
2025-10-27,D-09,Diesel,Diesel,Class6_Box,DUTY_REG_02,D3_Regional,212.6,7.7,2680,0.67,6,490,07:15,14:57,16.1,13.3,Dry,0.0,Completed,0,0.0,57.8,,,,,,,,,None,,Not_Installed_Diesel,Quarter_End,2025-10-27T14:59:00,,2026-02-15T00:00:00
2025-10-27,D-10,Diesel,Diesel,Class6_Box,DUTY_REG_03,D3_Regional,214.2,8.2,2600,0.65,9,536,07:15,15:26,15.6,13.3,Dry,0.0,Completed,0,0.0,56.6,,,,,,,,,None,,Not_Installed_Diesel,Quarter_End,2025-10-27T15:56:00,,2026-02-15T00:00:00
2025-10-28,EV-01,Electric,Electric,Class6_Box,DUTY_URB_01,D1_Urban,86.4,5.9,3160,0.79,30,147,07:15,13:09,17.9,13.3,Dry,0.0,Completed,0,0.0,,150.7,9.1,159.8,181.6,100.0,20.1,CHG-01,50.0,Enhanced_Telemetry,151.1,Received_Valid,Immediate_CAN_Bus,2025-10-28T13:39:00,2025-10-28T13:14:00,2025-10-28T13:14:00
2025-10-28,EV-02,Electric,Electric,Class6_Box,DUTY_URB_02,D1_Urban,82.8,5.7,2720,0.68,26,125,07:15,12:57,18.1,13.3,Dry,0.0,Completed,0,0.0,,151.4,8.9,160.3,182.2,100.0,19.8,CHG-02,50.0,Enhanced_Telemetry,151.2,Received_Valid,Immediate_CAN_Bus,2025-10-28T12:59:00,2025-10-28T12:59:00,2025-10-28T12:59:00
2025-10-28,EV-03,Electric,Electric,Class6_Box,DUTY_URB_03,D1_Urban,85.8,6.1,3080,0.77,31,159,07:15,13:21,17.6,13.3,Dry,0.0,Completed,0,0.0,,151.5,7.6,159.1,180.8,100.0,20.5,CHG-01,50.0,Baseline_Meter,,Not_Subscribed_Baseline,Quarter_End,2025-10-28T13:51:00,,2026-02-15T00:00:00
2025-10-28,D-04,Diesel,Diesel,Class6_Box,DUTY_SUB_01,D2_Suburban,135.0,6.2,2520,0.63,17,270,07:15,13:27,17.6,13.3,Dry,0.0,Completed,0,0.0,38.3,,,,,,,,,None,,Not_Installed_Diesel,Quarter_End,2025-10-28T13:57:00,,2026-02-15T00:00:00
2025-10-28,D-05,Diesel,Diesel,Class6_Box,DUTY_SUB_02,D2_Suburban,134.4,6.5,3080,0.77,14,304,07:15,13:45,17.2,13.3,Dry,0.0,Completed,0,0.0,38.2,,,,,,,,,None,,Not_Installed_Diesel,Quarter_End,2025-10-28T13:59:00,,2026-02-15T00:00:00
2025-10-28,D-06,Diesel,Diesel,Class6_Box,DUTY_SUB_03,D2_Suburban,133.1,6.7,2680,0.67,15,319,07:00,13:42,17.3,13.3,Dry,0.0,Completed,0,0.0,37.3,,,,,,,,,None,,Not_Installed_Diesel,Quarter_End,2025-10-28T13:59:00,,2026-02-15T00:00:00
2025-10-28,D-07,Diesel,Diesel,Class6_Box,DUTY_SUB_04,D2_Suburban,133.4,6.2,2960,0.74,16,258,07:30,13:42,17.3,13.3,Dry,0.0,Completed,0,0.0,37.9,,,,,,,,,None,,Not_Installed_Diesel,Quarter_End,2025-10-28T13:59:00,,2026-02-15T00:00:00
2025-10-28,D-08,Diesel,Diesel,Class6_Box,DUTY_REG_01,D3_Regional,213.2,8.0,3360,0.84,7,536,07:15,15:15,15.8,13.3,Dry,0.0,Completed,0,0.0,56.9,,,,,,,,,None,,Not_Installed_Diesel,Quarter_End,2025-10-28T15:45:00,,2026-02-15T00:00:00
2025-10-28,D-09,Diesel,Diesel,Class6_Box,DUTY_REG_02,D3_Regional,208.3,7.6,2360,0.59,5,500,07:00,14:36,16.4,13.3,Dry,0.0,Completed,0,0.0,56.5,,,,,,,,,None,,Not_Installed_Diesel,Quarter_End,2025-10-28T14:59:00,,2026-02-15T00:00:00
2025-10-28,D-10,Diesel,Diesel,Class6_Box,DUTY_REG_03,D3_Regional,214.5,7.7,2880,0.72,4,568,07:00,14:42,16.3,13.3,Dry,0.0,Completed,0,0.0,57.0,,,,,,,,,None,,Not_Installed_Diesel,Quarter_End,2025-10-28T14:59:00,,2026-02-15T00:00:00
2025-10-29,EV-01,Electric,Electric,Class6_Box,DUTY_URB_01,D1_Urban,86.0,6.0,2960,0.74,29,151,07:00,13:00,18.0,12.0,Dry,0.0,Completed,0,0.0,,155.7,7.7,163.4,185.7,100.0,18.3,CHG-01,50.0,Enhanced_Telemetry,156.3,Received_Valid,Immediate_CAN_Bus,2025-10-29T13:30:00,2025-10-29T13:05:00,2025-10-29T13:05:00
2025-10-29,EV-02,Electric,Electric,Class6_Box,DUTY_URB_02,D1_Urban,82.7,5.7,2440,0.61,31,142,07:00,12:42,18.3,12.0,Dry,0.0,Completed,0,0.0,,142.7,7.4,150.1,170.6,100.0,25.0,CHG-02,50.0,Enhanced_Telemetry,142.2,Received_Valid,Immediate_CAN_Bus,2025-10-29T12:59:00,2025-10-29T12:47:00,2025-10-29T12:47:00
2025-10-29,EV-03,Electric,Electric,Class6_Box,DUTY_URB_03,D1_Urban,85.8,5.6,2800,0.70,32,151,07:30,13:06,17.9,12.0,Dry,0.0,Completed,0,0.0,,154.7,8.0,162.7,184.9,100.0,18.7,CHG-01,50.0,Baseline_Meter,,Not_Subscribed_Baseline,Quarter_End,2025-10-29T13:36:00,,2026-02-15T00:00:00
2025-10-29,D-04,Diesel,Diesel,Class6_Box,DUTY_SUB_01,D2_Suburban,135.4,6.4,2760,0.69,19,278,07:00,13:24,17.6,12.0,Dry,0.0,Completed,0,0.0,37.5,,,,,,,,,None,,Not_Installed_Diesel,Quarter_End,2025-10-29T13:54:00,,2026-02-15T00:00:00
2025-10-29,D-05,Diesel,Diesel,Class6_Box,DUTY_SUB_02,D2_Suburban,134.7,6.4,3040,0.76,12,307,07:30,13:54,17.1,12.0,Dry,0.0,Completed,0,0.0,37.7,,,,,,,,,None,,Not_Installed_Diesel,Quarter_End,2025-10-29T13:59:00,,2026-02-15T00:00:00
2025-10-29,D-06,Diesel,Diesel,Class6_Box,DUTY_SUB_03,D2_Suburban,138.6,6.6,2680,0.67,20,330,07:30,14:06,16.9,12.0,Dry,0.0,Completed,0,0.0,38.5,,,,,,,,,None,,Not_Installed_Diesel,Quarter_End,2025-10-29T14:36:00,,2026-02-15T00:00:00
2025-10-29,D-07,Diesel,Diesel,Class6_Box,DUTY_SUB_04,D2_Suburban,134.5,6.0,2960,0.74,14,255,07:15,13:15,17.8,12.0,Dry,0.0,Completed,0,0.0,37.8,,,,,,,,,None,,Not_Installed_Diesel,Quarter_End,2025-10-29T13:45:00,,2026-02-15T00:00:00
2025-10-29,D-08,Diesel,Diesel,Class6_Box,DUTY_REG_01,D3_Regional,212.0,7.5,2960,0.74,9,513,07:00,14:30,16.5,12.0,Dry,0.0,Completed,0,0.0,56.4,,,,,,,,,None,,Not_Installed_Diesel,Quarter_End,2025-10-29T14:59:00,,2026-02-15T00:00:00
2025-10-29,D-09,Diesel,Diesel,Class6_Box,DUTY_REG_02,D3_Regional,210.3,7.9,3040,0.76,5,506,07:00,14:54,16.1,12.0,Dry,0.0,Completed,0,0.0,57.3,,,,,,,,,None,,Not_Installed_Diesel,Quarter_End,2025-10-29T14:59:00,,2026-02-15T00:00:00
2025-10-29,D-10,Diesel,Diesel,Class6_Box,DUTY_REG_03,D3_Regional,211.8,8.1,2480,0.62,4,543,07:00,15:06,15.9,12.0,Dry,0.0,Completed,0,0.0,56.0,,,,,,,,,None,,Not_Installed_Diesel,Quarter_End,2025-10-29T15:36:00,,2026-02-15T00:00:00
2025-10-30,EV-01,Electric,Electric,Class6_Box,DUTY_URB_01,D1_Urban,85.2,5.7,2640,0.66,30,154,07:30,13:12,17.8,10.8,Dry,0.0,Completed,0,0.0,,155.1,11.4,166.5,189.2,100.0,16.8,CHG-01,50.0,Enhanced_Telemetry,154.2,Received_Valid,Immediate_CAN_Bus,2025-10-30T13:42:00,2025-10-30T13:17:00,2025-10-30T13:17:00
2025-10-30,EV-02,Electric,Electric,Class6_Box,DUTY_URB_02,D1_Urban,84.6,5.5,2520,0.63,30,124,07:00,12:30,18.5,10.8,Dry,0.0,Completed,0,0.0,,143.1,8.5,151.6,172.3,100.0,24.2,CHG-02,50.0,Enhanced_Telemetry,143.7,Received_Valid,Immediate_CAN_Bus,2025-10-30T12:59:00,2025-10-30T12:35:00,2025-10-30T12:35:00
2025-10-30,EV-03,Electric,Electric,Class6_Box,DUTY_URB_03,D1_Urban,85.8,5.9,2800,0.70,35,146,07:15,13:09,17.9,10.8,Dry,0.0,Completed,0,0.0,,156.6,9.7,166.3,189.0,100.0,16.8,CHG-01,50.0,Baseline_Meter,,Not_Subscribed_Baseline,Quarter_End,2025-10-30T13:39:00,,2026-02-15T00:00:00
2025-10-30,D-04,Diesel,Diesel,Class6_Box,DUTY_SUB_01,D2_Suburban,130.3,6.5,3040,0.76,16,273,07:15,13:45,17.2,10.8,Dry,0.0,Completed,0,0.0,37.3,,,,,,,,,None,,Not_Installed_Diesel,Quarter_End,2025-10-30T13:59:00,,2026-02-15T00:00:00
2025-10-30,D-05,Diesel,Diesel,Class6_Box,DUTY_SUB_02,D2_Suburban,134.6,6.2,2800,0.70,16,308,07:15,13:27,17.6,10.8,Dry,0.0,Completed,0,0.0,37.5,,,,,,,,,None,,Not_Installed_Diesel,Quarter_End,2025-10-30T13:57:00,,2026-02-15T00:00:00
2025-10-30,D-06,Diesel,Diesel,Class6_Box,DUTY_SUB_03,D2_Suburban,139.1,6.8,3200,0.80,15,311,07:30,14:18,16.7,10.8,Dry,0.0,Completed,0,0.0,37.5,,,,,,,,,None,,Not_Installed_Diesel,Quarter_End,2025-10-30T14:48:00,,2026-02-15T00:00:00
2025-10-30,D-07,Diesel,Diesel,Class6_Box,DUTY_SUB_04,D2_Suburban,138.3,6.6,2800,0.70,11,271,07:15,13:51,17.1,10.8,Dry,0.0,Completed,0,0.0,38.4,,,,,,,,,None,,Not_Installed_Diesel,Quarter_End,2025-10-30T13:59:00,,2026-02-15T00:00:00
2025-10-30,D-08,Diesel,Diesel,Class6_Box,DUTY_REG_01,D3_Regional,213.5,7.8,2800,0.70,4,540,07:15,15:03,15.9,10.8,Dry,0.0,Completed,0,0.0,56.8,,,,,,,,,None,,Not_Installed_Diesel,Quarter_End,2025-10-30T15:33:00,,2026-02-15T00:00:00
2025-10-30,D-09,Diesel,Diesel,Class6_Box,DUTY_REG_02,D3_Regional,208.1,7.5,3240,0.81,5,470,07:00,14:30,16.5,10.8,Dry,0.0,Completed,0,0.0,57.3,,,,,,,,,None,,Not_Installed_Diesel,Quarter_End,2025-10-30T14:59:00,,2026-02-15T00:00:00
2025-10-30,D-10,Diesel,Diesel,Class6_Box,DUTY_REG_03,D3_Regional,212.4,8.0,3280,0.82,5,530,07:30,15:30,15.5,10.8,Dry,0.0,Completed,0,0.0,56.4,,,,,,,,,None,,Not_Installed_Diesel,Quarter_End,2025-10-30T15:59:00,,2026-02-15T00:00:00
2025-10-31,EV-01,Electric,Electric,Class6_Box,DUTY_URB_01,D1_Urban,80.0,5.5,3040,0.76,32,139,07:00,12:30,18.5,8.7,Rain,0.2,Completed,0,0.0,,142.8,8.7,151.5,172.2,100.0,24.2,CHG-01,50.0,Enhanced_Telemetry,142.9,Received_Valid,Immediate_CAN_Bus,2025-10-31T12:59:00,2025-10-31T12:35:00,2025-10-31T12:35:00
2025-10-31,EV-02,Electric,Electric,Class6_Box,DUTY_URB_02,D1_Urban,82.1,5.8,2640,0.66,30,121,07:30,13:18,17.7,8.7,Rain,0.2,Completed,0,0.0,,140.1,9.7,149.8,170.2,100.0,25.1,CHG-02,50.0,Enhanced_Telemetry,140.7,Received_Valid,Immediate_CAN_Bus,2025-10-31T13:48:00,2025-10-31T13:23:00,2025-10-31T13:23:00
2025-10-31,EV-03,Electric,Electric,Class6_Box,DUTY_URB_03,D1_Urban,84.4,6.0,3160,0.79,33,158,07:00,13:00,18.0,8.7,Rain,0.2,Completed,0,0.0,,144.8,10.9,155.7,176.9,100.0,22.2,CHG-01,50.0,Baseline_Meter,,Not_Subscribed_Baseline,Quarter_End,2025-10-31T13:30:00,,2026-02-15T00:00:00
2025-10-31,D-04,Diesel,Diesel,Class6_Box,DUTY_SUB_01,D2_Suburban,133.0,6.5,3000,0.75,16,287,07:15,13:45,17.2,8.7,Rain,0.2,Completed,0,0.0,37.8,,,,,,,,,None,,Not_Installed_Diesel,Quarter_End,2025-10-31T13:59:00,,2026-02-15T00:00:00
2025-10-31,D-05,Diesel,Diesel,Class6_Box,DUTY_SUB_02,D2_Suburban,131.5,6.9,3040,0.76,18,290,07:30,14:24,16.6,8.7,Rain,0.2,Completed,0,0.0,37.4,,,,,,,,,None,,Not_Installed_Diesel,Quarter_End,2025-10-31T14:54:00,,2026-02-15T00:00:00
2025-10-31,D-06,Diesel,Diesel,Class6_Box,DUTY_SUB_03,D2_Suburban,134.7,6.6,3080,0.77,18,296,07:00,13:36,17.4,8.7,Rain,0.2,Completed,0,0.0,37.9,,,,,,,,,None,,Not_Installed_Diesel,Quarter_End,2025-10-31T13:59:00,,2026-02-15T00:00:00
2025-10-31,D-07,Diesel,Diesel,Class6_Box,DUTY_SUB_04,D2_Suburban,134.0,6.5,3080,0.77,15,267,07:30,14:00,17.0,8.7,Rain,0.2,Completed,0,0.0,38.9,,,,,,,,,None,,Not_Installed_Diesel,Quarter_End,2025-10-31T14:30:00,,2026-02-15T00:00:00
2025-10-31,D-08,Diesel,Diesel,Class6_Box,DUTY_REG_01,D3_Regional,207.9,7.8,2760,0.69,9,524,07:15,15:03,15.9,8.7,Rain,0.2,Completed,0,0.0,56.3,,,,,,,,,None,,Not_Installed_Diesel,Quarter_End,2025-10-31T15:33:00,,2026-02-15T00:00:00
2025-10-31,D-09,Diesel,Diesel,Class6_Box,DUTY_REG_02,D3_Regional,210.9,7.3,2640,0.66,4,475,07:30,14:48,16.2,8.7,Rain,0.2,Completed,0,0.0,57.8,,,,,,,,,None,,Not_Installed_Diesel,Quarter_End,2025-10-31T14:59:00,,2026-02-15T00:00:00
2025-10-31,D-10,Diesel,Diesel,Class6_Box,DUTY_REG_03,D3_Regional,212.9,8.3,3000,0.75,5,546,07:15,15:33,15.4,8.7,Rain,0.2,Completed,0,0.0,56.8,,,,,,,,,None,,Not_Installed_Diesel,Quarter_End,2025-10-31T15:59:00,,2026-02-15T00:00:00
2025-11-03,EV-01,Electric,Electric,Class6_Box,DUTY_URB_01,D1_Urban,81.4,5.2,2640,0.66,32,134,07:30,12:42,18.3,12.0,Dry,0.0,Completed,0,0.0,,137.7,8.7,146.4,166.4,100.0,26.8,CHG-01,50.0,Enhanced_Telemetry,137.9,Received_Valid,Immediate_CAN_Bus,2025-11-03T12:59:00,2025-11-03T12:47:00,2025-11-03T12:47:00
2025-11-03,EV-02,Electric,Electric,Class6_Box,DUTY_URB_02,D1_Urban,86.6,5.2,2840,0.71,25,146,07:15,12:27,18.6,12.0,Dry,0.0,Completed,0,0.0,,154.3,10.0,164.3,186.7,100.0,17.8,CHG-02,50.0,Enhanced_Telemetry,155.0,Received_Valid,Immediate_CAN_Bus,2025-11-03T12:57:00,2025-11-03T12:32:00,2025-11-03T12:32:00
2025-11-03,EV-03,Electric,Electric,Class6_Box,DUTY_URB_03,D1_Urban,86.0,6.1,2520,0.63,30,151,07:30,13:36,17.4,12.0,Dry,0.0,Completed,0,0.0,,146.5,7.6,154.1,175.1,100.0,23.0,CHG-01,50.0,Baseline_Meter,,Not_Subscribed_Baseline,Quarter_End,2025-11-03T13:59:00,,2026-02-15T00:00:00
2025-11-03,D-04,Diesel,Diesel,Class6_Box,DUTY_SUB_01,D2_Suburban,134.4,6.5,2880,0.72,15,271,07:15,13:45,17.2,12.0,Dry,0.0,Completed,0,0.0,38.7,,,,,,,,,None,,Not_Installed_Diesel,Quarter_End,2025-11-03T13:59:00,,2026-02-15T00:00:00
2025-11-03,D-05,Diesel,Diesel,Class6_Box,DUTY_SUB_02,D2_Suburban,137.8,6.4,2800,0.70,14,271,07:30,13:54,17.1,12.0,Dry,0.0,Completed,0,0.0,37.2,,,,,,,,,None,,Not_Installed_Diesel,Quarter_End,2025-11-03T13:59:00,,2026-02-15T00:00:00
2025-11-03,D-06,Diesel,Diesel,Class6_Box,DUTY_SUB_03,D2_Suburban,137.7,6.9,2680,0.67,17,306,07:00,13:54,17.1,12.0,Dry,0.0,Completed,0,0.0,37.8,,,,,,,,,None,,Not_Installed_Diesel,Quarter_End,2025-11-03T13:59:00,,2026-02-15T00:00:00
2025-11-03,D-07,Diesel,Diesel,Class6_Box,DUTY_SUB_04,D2_Suburban,134.5,6.6,2800,0.70,16,259,07:30,14:06,16.9,12.0,Dry,0.0,Completed,0,0.0,38.4,,,,,,,,,None,,Not_Installed_Diesel,Quarter_End,2025-11-03T14:36:00,,2026-02-15T00:00:00
2025-11-03,D-08,Diesel,Diesel,Class6_Box,DUTY_REG_01,D3_Regional,209.0,8.0,2680,0.67,9,518,07:30,15:30,15.5,12.0,Dry,0.0,Completed,0,0.0,56.7,,,,,,,,,None,,Not_Installed_Diesel,Quarter_End,2025-11-03T15:59:00,,2026-02-15T00:00:00
2025-11-03,D-09,Diesel,Diesel,Class6_Box,DUTY_REG_02,D3_Regional,209.5,7.9,2680,0.67,5,483,07:15,15:09,15.8,12.0,Dry,0.0,Completed,0,0.0,56.6,,,,,,,,,None,,Not_Installed_Diesel,Quarter_End,2025-11-03T15:39:00,,2026-02-15T00:00:00
2025-11-03,D-10,Diesel,Diesel,Class6_Box,DUTY_REG_03,D3_Regional,210.3,7.3,2960,0.74,8,548,07:00,14:18,16.7,12.0,Dry,0.0,Completed,0,0.0,57.3,,,,,,,,,None,,Not_Installed_Diesel,Quarter_End,2025-11-03T14:48:00,,2026-02-15T00:00:00
2025-11-04,EV-01,Electric,Electric,Class6_Box,DUTY_URB_01,D1_Urban,84.1,5.6,3240,0.81,33,147,07:30,13:06,17.9,12.6,Rain,2.8,Completed,0,0.0,,147.1,8.6,155.7,176.9,100.0,22.2,CHG-01,50.0,Enhanced_Telemetry,147.1,Received_Valid,Immediate_CAN_Bus,2025-11-04T13:36:00,2025-11-04T13:11:00,2025-11-04T13:11:00
2025-11-04,EV-02,Electric,Electric,Class6_Box,DUTY_URB_02,D1_Urban,87.5,5.6,2560,0.64,29,132,07:15,12:51,18.1,12.6,Rain,2.8,Completed,0,0.0,,147.6,8.7,156.3,177.6,100.0,21.8,CHG-02,50.0,Enhanced_Telemetry,148.2,Received_Valid,Immediate_CAN_Bus,2025-11-04T12:59:00,2025-11-04T12:56:00,2025-11-04T12:56:00
2025-11-04,EV-03,Electric,Electric,Class6_Box,DUTY_URB_03,D1_Urban,85.7,5.5,2800,0.70,33,127,07:30,13:00,18.0,12.6,Rain,2.8,Completed,0,0.0,,146.4,7.8,154.2,175.2,100.0,22.9,CHG-01,50.0,Baseline_Meter,,Not_Subscribed_Baseline,Quarter_End,2025-11-04T13:30:00,,2026-02-15T00:00:00
2025-11-04,D-04,Diesel,Diesel,Class6_Box,DUTY_SUB_01,D2_Suburban,136.3,6.1,2320,0.58,13,275,07:30,13:36,17.4,12.6,Rain,2.8,Completed,0,0.0,38.3,,,,,,,,,None,,Not_Installed_Diesel,Quarter_End,2025-11-04T13:59:00,,2026-02-15T00:00:00
2025-11-04,D-05,Diesel,Diesel,Class6_Box,DUTY_SUB_02,D2_Suburban,133.8,6.2,2800,0.70,17,270,07:30,13:42,17.3,12.6,Rain,2.8,Completed,0,0.0,37.2,,,,,,,,,None,,Not_Installed_Diesel,Quarter_End,2025-11-04T13:59:00,,2026-02-15T00:00:00
2025-11-04,D-06,Diesel,Diesel,Class6_Box,DUTY_SUB_03,D2_Suburban,139.1,6.4,2920,0.73,19,304,07:00,13:24,17.6,12.6,Rain,2.8,Completed,0,0.0,37.4,,,,,,,,,None,,Not_Installed_Diesel,Quarter_End,2025-11-04T13:54:00,,2026-02-15T00:00:00
2025-11-04,D-07,Diesel,Diesel,Class6_Box,DUTY_SUB_04,D2_Suburban,136.2,6.4,2720,0.68,12,277,07:00,13:24,17.6,12.6,Rain,2.8,Completed,0,0.0,37.8,,,,,,,,,None,,Not_Installed_Diesel,Quarter_End,2025-11-04T13:54:00,,2026-02-15T00:00:00
2025-11-04,D-08,Diesel,Diesel,Class6_Box,DUTY_REG_01,D3_Regional,212.3,7.7,3000,0.75,8,522,07:00,14:42,16.3,12.6,Rain,2.8,Completed,0,0.0,56.9,,,,,,,,,None,,Not_Installed_Diesel,Quarter_End,2025-11-04T14:59:00,,2026-02-15T00:00:00
2025-11-04,D-09,Diesel,Diesel,Class6_Box,DUTY_REG_02,D3_Regional,207.5,7.9,2720,0.68,2,486,07:00,14:54,16.1,12.6,Rain,2.8,Completed,0,0.0,56.5,,,,,,,,,None,,Not_Installed_Diesel,Quarter_End,2025-11-04T14:59:00,,2026-02-15T00:00:00
2025-11-04,D-10,Diesel,Diesel,Class6_Box,DUTY_REG_03,D3_Regional,211.2,7.6,2400,0.60,6,552,07:15,14:51,16.1,12.6,Rain,2.8,Completed,0,0.0,56.9,,,,,,,,,None,,Not_Installed_Diesel,Quarter_End,2025-11-04T14:59:00,,2026-02-15T00:00:00
2025-11-05,EV-01,Electric,Electric,Class6_Box,DUTY_URB_01,D1_Urban,86.4,6.2,2960,0.74,30,149,07:15,13:27,17.6,8.0,Rain,0.5,Completed,0,0.0,,154.8,11.5,166.3,189.0,100.0,16.8,CHG-01,50.0,Enhanced_Telemetry,155.3,Received_Valid,Immediate_CAN_Bus,2025-11-05T13:57:00,2025-11-05T13:32:00,2025-11-05T13:32:00
2025-11-05,EV-02,Electric,Electric,Class6_Box,DUTY_URB_02,D1_Urban,81.6,5.3,3040,0.76,31,125,07:15,12:33,18.4,8.0,Rain,0.5,Completed,0,0.0,,142.7,10.4,153.1,174.0,100.0,23.5,CHG-02,50.0,Enhanced_Telemetry,142.7,Received_Valid,Immediate_CAN_Bus,2025-11-05T12:59:00,2025-11-05T12:38:00,2025-11-05T12:38:00
2025-11-05,EV-03,Electric,Electric,Class6_Box,DUTY_URB_03,D1_Urban,88.1,5.8,3200,0.80,32,135,07:00,12:48,18.2,8.0,Rain,0.5,Completed,0,0.0,,154.6,9.3,163.9,186.2,100.0,18.0,CHG-01,50.0,Baseline_Meter,,Not_Subscribed_Baseline,Quarter_End,2025-11-05T12:59:00,,2026-02-15T00:00:00
2025-11-05,D-04,Diesel,Diesel,Class6_Box,DUTY_SUB_01,D2_Suburban,134.2,6.7,2720,0.68,13,287,07:30,14:12,16.8,8.0,Rain,0.5,Completed,0,0.0,38.5,,,,,,,,,None,,Not_Installed_Diesel,Quarter_End,2025-11-05T14:42:00,,2026-02-15T00:00:00
2025-11-05,D-05,Diesel,Diesel,Class6_Box,DUTY_SUB_02,D2_Suburban,131.1,6.4,2560,0.64,13,296,07:00,13:24,17.6,8.0,Rain,0.5,Completed,0,0.0,38.0,,,,,,,,,None,,Not_Installed_Diesel,Quarter_End,2025-11-05T13:54:00,,2026-02-15T00:00:00
2025-11-05,D-06,Diesel,Diesel,Class6_Box,DUTY_SUB_03,D2_Suburban,132.7,6.0,2680,0.67,16,322,07:15,13:15,17.8,8.0,Rain,0.5,Completed,0,0.0,38.1,,,,,,,,,None,,Not_Installed_Diesel,Quarter_End,2025-11-05T13:45:00,,2026-02-15T00:00:00
2025-11-05,D-07,Diesel,Diesel,Class6_Box,DUTY_SUB_04,D2_Suburban,135.6,6.7,2480,0.62,11,264,07:00,13:42,17.3,8.0,Rain,0.5,Completed,0,0.0,37.9,,,,,,,,,None,,Not_Installed_Diesel,Quarter_End,2025-11-05T13:59:00,,2026-02-15T00:00:00
2025-11-05,D-08,Diesel,Diesel,Class6_Box,DUTY_REG_01,D3_Regional,208.1,7.7,2840,0.71,8,521,07:15,14:57,16.1,8.0,Rain,0.5,Completed,0,0.0,56.6,,,,,,,,,None,,Not_Installed_Diesel,Quarter_End,2025-11-05T14:59:00,,2026-02-15T00:00:00
2025-11-05,D-09,Diesel,Diesel,Class6_Box,DUTY_REG_02,D3_Regional,208.9,7.9,2520,0.63,5,509,07:00,14:54,16.1,8.0,Rain,0.5,Completed,0,0.0,56.5,,,,,,,,,None,,Not_Installed_Diesel,Quarter_End,2025-11-05T14:59:00,,2026-02-15T00:00:00
2025-11-05,D-10,Diesel,Diesel,Class6_Box,DUTY_REG_03,D3_Regional,209.9,7.8,2760,0.69,4,556,07:00,14:48,16.2,8.0,Rain,0.5,Completed,0,0.0,56.4,,,,,,,,,None,,Not_Installed_Diesel,Quarter_End,2025-11-05T14:59:00,,2026-02-15T00:00:00
2025-11-06,EV-01,Electric,Electric,Class6_Box,DUTY_URB_01,D1_Urban,88.2,5.7,3040,0.76,30,133,07:15,12:57,18.1,8.2,Cold_Wind,0.0,Completed,0,0.0,,151.1,10.8,161.9,184.0,100.0,19.0,CHG-01,50.0,Enhanced_Telemetry,151.6,Received_Valid,Immediate_CAN_Bus,2025-11-06T12:59:00,2025-11-06T12:59:00,2025-11-06T12:59:00
2025-11-06,EV-02,Electric,Electric,Class6_Box,DUTY_URB_02,D1_Urban,82.4,5.8,2960,0.74,29,130,07:15,13:03,17.9,8.2,Cold_Wind,0.0,Completed,0,0.0,,142.9,9.7,152.6,173.4,100.0,23.7,CHG-02,50.0,Enhanced_Telemetry,142.7,Received_Valid,Immediate_CAN_Bus,2025-11-06T13:33:00,2025-11-06T13:08:00,2025-11-06T13:08:00
2025-11-06,EV-03,Electric,Electric,Class6_Box,DUTY_URB_03,D1_Urban,85.8,5.9,2600,0.65,30,161,07:00,12:54,18.1,8.2,Cold_Wind,0.0,Completed,0,0.0,,149.8,9.1,158.9,180.6,100.0,20.5,CHG-01,50.0,Baseline_Meter,,Not_Subscribed_Baseline,Quarter_End,2025-11-06T12:59:00,,2026-02-15T00:00:00
2025-11-06,D-04,Diesel,Diesel,Class6_Box,DUTY_SUB_01,D2_Suburban,130.6,6.5,2800,0.70,15,280,07:00,13:30,17.5,8.2,Cold_Wind,0.0,Completed,0,0.0,37.9,,,,,,,,,None,,Not_Installed_Diesel,Quarter_End,2025-11-06T13:59:00,,2026-02-15T00:00:00
2025-11-06,D-05,Diesel,Diesel,Class6_Box,DUTY_SUB_02,D2_Suburban,135.1,6.8,3200,0.80,16,272,07:15,14:03,16.9,8.2,Cold_Wind,0.0,Completed,0,0.0,37.6,,,,,,,,,None,,Not_Installed_Diesel,Quarter_End,2025-11-06T14:33:00,,2026-02-15T00:00:00
2025-11-06,D-06,Diesel,Diesel,Class6_Box,DUTY_SUB_03,D2_Suburban,137.7,6.9,3000,0.75,14,307,07:00,13:54,17.1,8.2,Cold_Wind,0.0,Completed,0,0.0,38.3,,,,,,,,,None,,Not_Installed_Diesel,Quarter_End,2025-11-06T13:59:00,,2026-02-15T00:00:00
2025-11-06,D-07,Diesel,Diesel,Class6_Box,DUTY_SUB_04,D2_Suburban,135.3,6.6,2880,0.72,16,264,07:30,14:06,16.9,8.2,Cold_Wind,0.0,Completed,0,0.0,37.6,,,,,,,,,None,,Not_Installed_Diesel,Quarter_End,2025-11-06T14:36:00,,2026-02-15T00:00:00
2025-11-06,D-08,Diesel,Diesel,Class6_Box,DUTY_REG_01,D3_Regional,209.7,8.2,3000,0.75,3,515,07:00,15:11,15.8,8.2,Cold_Wind,0.0,Completed,0,0.0,56.8,,,,,,,,,None,,Not_Installed_Diesel,Quarter_End,2025-11-06T15:41:00,,2026-02-15T00:00:00
2025-11-06,D-09,Diesel,Diesel,Class6_Box,DUTY_REG_02,D3_Regional,207.9,7.6,3080,0.77,8,485,07:30,15:06,15.9,8.2,Cold_Wind,0.0,Completed,0,0.0,56.6,,,,,,,,,None,,Not_Installed_Diesel,Quarter_End,2025-11-06T15:36:00,,2026-02-15T00:00:00
2025-11-06,D-10,Diesel,Diesel,Class6_Box,DUTY_REG_03,D3_Regional,210.1,7.8,2760,0.69,10,530,07:00,14:48,16.2,8.2,Cold_Wind,0.0,Completed,0,0.0,56.2,,,,,,,,,None,,Not_Installed_Diesel,Quarter_End,2025-11-06T14:59:00,,2026-02-15T00:00:00
2025-11-07,EV-01,Electric,Electric,Class6_Box,DUTY_URB_01,D1_Urban,84.8,6.1,2720,0.68,30,152,07:15,13:21,17.6,9.4,Dry,0.0,Late,0,0.0,,146.8,8.9,155.7,176.9,100.0,22.2,CHG-01,50.0,Enhanced_Telemetry,146.9,Received_Valid,Immediate_CAN_Bus,2025-11-07T13:51:00,2025-11-07T13:26:00,2025-11-07T13:26:00
2025-11-07,EV-02,Electric,Electric,Class6_Box,DUTY_URB_02,D1_Urban,85.1,5.8,2920,0.73,28,115,07:15,13:03,17.9,9.4,Dry,0.0,Completed,0,0.0,,150.9,9.9,160.8,182.7,100.0,19.6,CHG-02,50.0,Enhanced_Telemetry,150.0,Received_Valid,Immediate_CAN_Bus,2025-11-07T13:33:00,2025-11-07T13:08:00,2025-11-07T13:08:00
2025-11-07,EV-03,Electric,Electric,Class6_Box,DUTY_URB_03,D1_Urban,83.1,5.8,2880,0.72,29,136,07:15,13:03,17.9,9.4,Dry,0.0,Completed,0,0.0,,145.8,9.9,155.7,176.9,100.0,22.2,CHG-01,50.0,Baseline_Meter,,Not_Subscribed_Baseline,Quarter_End,2025-11-07T13:33:00,,2026-02-15T00:00:00
2025-11-07,D-04,Diesel,Diesel,Class6_Box,DUTY_SUB_01,D2_Suburban,131.5,6.3,3040,0.76,15,286,07:30,13:48,17.2,9.4,Dry,0.0,Completed,0,0.0,38.2,,,,,,,,,None,,Not_Installed_Diesel,Quarter_End,2025-11-07T13:59:00,,2026-02-15T00:00:00
2025-11-07,D-05,Diesel,Diesel,Class6_Box,DUTY_SUB_02,D2_Suburban,134.3,6.5,2840,0.71,15,298,07:30,14:00,17.0,9.4,Dry,0.0,Completed,0,0.0,38.2,,,,,,,,,None,,Not_Installed_Diesel,Quarter_End,2025-11-07T14:30:00,,2026-02-15T00:00:00
2025-11-07,D-06,Diesel,Diesel,Class6_Box,DUTY_SUB_03,D2_Suburban,137.5,6.5,2960,0.74,17,314,07:15,13:45,17.2,9.4,Dry,0.0,Completed,0,0.0,38.2,,,,,,,,,None,,Not_Installed_Diesel,Quarter_End,2025-11-07T13:59:00,,2026-02-15T00:00:00
2025-11-07,D-07,Diesel,Diesel,Class6_Box,DUTY_SUB_04,D2_Suburban,136.7,6.2,2920,0.73,16,273,07:30,13:42,17.3,9.4,Dry,0.0,Completed,0,0.0,37.8,,,,,,,,,None,,Not_Installed_Diesel,Quarter_End,2025-11-07T13:59:00,,2026-02-15T00:00:00
2025-11-07,D-08,Diesel,Diesel,Class6_Box,DUTY_REG_01,D3_Regional,208.5,8.0,2960,0.74,6,524,07:00,15:00,16.0,9.4,Dry,0.0,Completed,0,0.0,57.3,,,,,,,,,None,,Not_Installed_Diesel,Quarter_End,2025-11-07T15:30:00,,2026-02-15T00:00:00
2025-11-07,D-09,Diesel,Diesel,Class6_Box,DUTY_REG_02,D3_Regional,205.5,7.8,3040,0.76,7,489,07:15,15:03,15.9,9.4,Dry,0.0,Completed,0,0.0,56.4,,,,,,,,,None,,Not_Installed_Diesel,Quarter_End,2025-11-07T15:33:00,,2026-02-15T00:00:00
2025-11-07,D-10,Diesel,Diesel,Class6_Box,DUTY_REG_03,D3_Regional,213.3,8.1,2720,0.68,7,531,07:15,15:21,15.7,9.4,Dry,0.0,Completed,0,0.0,56.8,,,,,,,,,None,,Not_Installed_Diesel,Quarter_End,2025-11-07T15:51:00,,2026-02-15T00:00:00
2025-11-10,EV-01,Electric,Electric,Class6_Box,DUTY_URB_01,D1_Urban,86.7,5.8,3080,0.77,31,134,07:00,12:48,18.2,10.3,Dry,0.0,Completed,0,0.0,,151.8,7.8,159.6,181.4,100.0,20.2,CHG-01,50.0,Enhanced_Telemetry,151.9,Received_Valid,Immediate_CAN_Bus,2025-11-10T12:59:00,2025-11-10T12:53:00,2025-11-10T12:53:00
2025-11-10,EV-02,Electric,Electric,Class6_Box,DUTY_URB_02,D1_Urban,85.2,5.7,2560,0.64,26,124,07:30,13:12,17.8,10.3,Dry,0.0,Completed,0,0.0,,153.8,9.0,162.8,185.0,100.0,18.6,CHG-02,50.0,Enhanced_Telemetry,153.6,Received_Valid,Immediate_CAN_Bus,2025-11-10T13:42:00,2025-11-10T13:17:00,2025-11-10T13:17:00
2025-11-10,EV-03,Electric,Electric,Class6_Box,DUTY_URB_03,D1_Urban,84.3,5.8,3240,0.81,29,141,07:30,13:18,17.7,10.3,Dry,0.0,Completed,0,0.0,,149.3,9.4,158.7,180.3,100.0,20.7,CHG-01,50.0,Baseline_Meter,,Not_Subscribed_Baseline,Quarter_End,2025-11-10T13:48:00,,2026-02-15T00:00:00
2025-11-10,D-04,Diesel,Diesel,Class6_Box,DUTY_SUB_01,D2_Suburban,135.9,6.5,3000,0.75,13,294,07:00,13:30,17.5,10.3,Dry,0.0,Completed,0,0.0,37.8,,,,,,,,,None,,Not_Installed_Diesel,Quarter_End,2025-11-10T13:59:00,,2026-02-15T00:00:00
2025-11-10,D-05,Diesel,Diesel,Class6_Box,DUTY_SUB_02,D2_Suburban,134.0,6.7,2640,0.66,16,303,07:15,13:57,17.1,10.3,Dry,0.0,Completed,0,0.0,37.5,,,,,,,,,None,,Not_Installed_Diesel,Quarter_End,2025-11-10T13:59:00,,2026-02-15T00:00:00
2025-11-10,D-06,Diesel,Diesel,Class6_Box,DUTY_SUB_03,D2_Suburban,135.1,6.8,3080,0.77,14,307,07:30,14:18,16.7,10.3,Dry,0.0,Completed,0,0.0,37.8,,,,,,,,,None,,Not_Installed_Diesel,Quarter_End,2025-11-10T14:48:00,,2026-02-15T00:00:00
2025-11-10,D-07,Diesel,Diesel,Class6_Box,DUTY_SUB_04,D2_Suburban,134.7,6.5,3040,0.76,11,282,07:30,14:00,17.0,10.3,Dry,0.0,Completed,0,0.0,38.0,,,,,,,,,None,,Not_Installed_Diesel,Quarter_End,2025-11-10T14:30:00,,2026-02-15T00:00:00
2025-11-10,D-08,Diesel,Diesel,Class6_Box,DUTY_REG_01,D3_Regional,209.4,7.9,2760,0.69,6,523,07:15,15:09,15.8,10.3,Dry,0.0,Completed,0,0.0,56.5,,,,,,,,,None,,Not_Installed_Diesel,Quarter_End,2025-11-10T15:39:00,,2026-02-15T00:00:00
2025-11-10,D-09,Diesel,Diesel,Class6_Box,DUTY_REG_02,D3_Regional,206.7,7.9,3160,0.79,6,502,07:00,14:54,16.1,10.3,Dry,0.0,Completed,0,0.0,56.3,,,,,,,,,None,,Not_Installed_Diesel,Quarter_End,2025-11-10T14:59:00,,2026-02-15T00:00:00
2025-11-10,D-10,Diesel,Diesel,Class6_Box,DUTY_REG_03,D3_Regional,210.8,8.0,2880,0.72,4,537,07:00,15:00,16.0,10.3,Dry,0.0,Completed,0,0.0,57.6,,,,,,,,,None,,Not_Installed_Diesel,Quarter_End,2025-11-10T15:30:00,,2026-02-15T00:00:00
2025-11-11,EV-01,Electric,Electric,Class6_Box,DUTY_URB_01,D1_Urban,84.7,5.7,2760,0.69,28,132,07:00,12:42,18.3,7.3,Dry,0.0,Completed,0,0.0,,149.1,11.4,160.5,182.4,100.0,19.8,CHG-01,50.0,Enhanced_Telemetry,149.4,Received_Valid,Immediate_CAN_Bus,2025-11-11T12:59:00,2025-11-11T12:47:00,2025-11-11T12:47:00
2025-11-11,EV-02,Electric,Electric,Class6_Box,DUTY_URB_02,D1_Urban,85.0,5.6,3200,0.80,25,130,07:15,12:51,18.1,7.3,Dry,0.0,Completed,0,0.0,,146.5,9.0,155.5,176.7,100.0,22.2,CHG-02,50.0,Enhanced_Telemetry,146.5,Received_Valid,Immediate_CAN_Bus,2025-11-11T12:59:00,2025-11-11T12:56:00,2025-11-11T12:56:00
2025-11-11,EV-03,Electric,Electric,Class6_Box,DUTY_URB_03,D1_Urban,84.5,6.1,2640,0.66,35,140,07:30,13:36,17.4,7.3,Dry,0.0,Completed,0,0.0,,140.8,10.2,151.0,171.6,100.0,24.5,CHG-01,50.0,Baseline_Meter,,Not_Subscribed_Baseline,Quarter_End,2025-11-11T13:59:00,,2026-02-15T00:00:00
2025-11-11,D-04,Diesel,Diesel,Class6_Box,DUTY_SUB_01,D2_Suburban,136.9,6.7,3320,0.83,19,281,07:00,13:42,17.3,7.3,Dry,0.0,Completed,0,0.0,37.1,,,,,,,,,None,,Not_Installed_Diesel,Quarter_End,2025-11-11T13:59:00,,2026-02-15T00:00:00
2025-11-11,D-05,Diesel,Diesel,Class6_Box,DUTY_SUB_02,D2_Suburban,136.8,6.3,3120,0.78,18,286,07:00,13:18,17.7,7.3,Dry,0.0,Completed,0,0.0,38.0,,,,,,,,,None,,Not_Installed_Diesel,Quarter_End,2025-11-11T13:48:00,,2026-02-15T00:00:00
2025-11-11,D-06,Diesel,Diesel,Class6_Box,DUTY_SUB_03,D2_Suburban,137.1,6.8,3080,0.77,15,326,07:30,14:18,16.7,7.3,Dry,0.0,Completed,0,0.0,37.1,,,,,,,,,None,,Not_Installed_Diesel,Quarter_End,2025-11-11T14:48:00,,2026-02-15T00:00:00
2025-11-11,D-07,Diesel,Diesel,Class6_Box,DUTY_SUB_04,D2_Suburban,137.0,6.6,2840,0.71,17,258,07:15,13:51,17.1,7.3,Dry,0.0,Completed,0,0.0,37.9,,,,,,,,,None,,Not_Installed_Diesel,Quarter_End,2025-11-11T13:59:00,,2026-02-15T00:00:00
2025-11-11,D-08,Diesel,Diesel,Class6_Box,DUTY_REG_01,D3_Regional,207.5,7.5,3040,0.76,5,537,07:30,15:00,16.0,7.3,Dry,0.0,Completed,0,0.0,56.8,,,,,,,,,None,,Not_Installed_Diesel,Quarter_End,2025-11-11T15:30:00,,2026-02-15T00:00:00
2025-11-11,D-09,Diesel,Diesel,Class6_Box,DUTY_REG_02,D3_Regional,210.4,7.4,2560,0.64,5,500,07:15,14:39,16.4,7.3,Dry,0.0,Completed,0,0.0,56.7,,,,,,,,,None,,Not_Installed_Diesel,Quarter_End,2025-11-11T14:59:00,,2026-02-15T00:00:00
2025-11-11,D-10,Diesel,Diesel,Class6_Box,DUTY_REG_03,D3_Regional,212.4,8.0,3200,0.80,5,557,07:15,15:15,15.8,7.3,Dry,0.0,Completed,0,0.0,57.4,,,,,,,,,None,,Not_Installed_Diesel,Quarter_End,2025-11-11T15:45:00,,2026-02-15T00:00:00
2025-11-12,EV-01,Electric,Electric,Class6_Box,DUTY_URB_01,D1_Urban,84.7,5.6,2640,0.66,28,130,07:15,12:51,18.1,12.0,Dry,0.0,Completed,0,0.0,,143.7,9.7,153.4,174.3,100.0,23.3,CHG-01,50.0,Enhanced_Telemetry,144.1,Received_Valid,Immediate_CAN_Bus,2025-11-12T12:59:00,2025-11-12T12:56:00,2025-11-12T12:56:00
2025-11-12,EV-02,Electric,Electric,Class6_Box,DUTY_URB_02,D1_Urban,83.4,5.2,3160,0.79,26,130,07:15,12:27,18.6,12.0,Dry,0.0,Completed,0,0.0,,143.1,10.5,153.6,174.5,100.0,23.2,CHG-02,50.0,Enhanced_Telemetry,143.6,Received_Valid,Immediate_CAN_Bus,2025-11-12T12:57:00,2025-11-12T12:32:00,2025-11-12T12:32:00
2025-11-12,EV-03,Electric,Electric,Class6_Box,DUTY_URB_03,D1_Urban,85.3,6.1,3280,0.82,33,142,07:00,13:06,17.9,12.0,Dry,0.0,Completed,0,0.0,,157.7,9.0,166.7,189.4,100.0,16.7,CHG-01,50.0,Baseline_Meter,,Not_Subscribed_Baseline,Quarter_End,2025-11-12T13:36:00,,2026-02-15T00:00:00
2025-11-12,D-04,Diesel,Diesel,Class6_Box,DUTY_SUB_01,D2_Suburban,133.8,6.2,2960,0.74,13,267,07:30,13:42,17.3,12.0,Dry,0.0,Completed,0,0.0,38.0,,,,,,,,,None,,Not_Installed_Diesel,Quarter_End,2025-11-12T13:59:00,,2026-02-15T00:00:00
2025-11-12,D-05,Diesel,Diesel,Class6_Box,DUTY_SUB_02,D2_Suburban,135.5,6.3,2680,0.67,14,301,07:30,13:48,17.2,12.0,Dry,0.0,Completed,0,0.0,37.4,,,,,,,,,None,,Not_Installed_Diesel,Quarter_End,2025-11-12T13:59:00,,2026-02-15T00:00:00
2025-11-12,D-06,Diesel,Diesel,Class6_Box,DUTY_SUB_03,D2_Suburban,139.1,7.0,2280,0.57,19,330,07:30,14:30,16.5,12.0,Dry,0.0,Completed,0,0.0,38.7,,,,,,,,,None,,Not_Installed_Diesel,Quarter_End,2025-11-12T14:59:00,,2026-02-15T00:00:00
2025-11-12,D-07,Diesel,Diesel,Class6_Box,DUTY_SUB_04,D2_Suburban,137.8,6.7,2800,0.70,13,279,07:30,14:12,16.8,12.0,Dry,0.0,Completed,0,0.0,38.2,,,,,,,,,None,,Not_Installed_Diesel,Quarter_End,2025-11-12T14:42:00,,2026-02-15T00:00:00
2025-11-12,D-08,Diesel,Diesel,Class6_Box,DUTY_REG_01,D3_Regional,209.6,7.6,3080,0.77,6,538,07:00,14:36,16.4,12.0,Dry,0.0,Completed,0,0.0,57.5,,,,,,,,,None,,Not_Installed_Diesel,Quarter_End,2025-11-12T14:59:00,,2026-02-15T00:00:00
2025-11-12,D-09,Diesel,Diesel,Class6_Box,DUTY_REG_02,D3_Regional,209.8,7.4,2840,0.71,6,482,07:30,14:54,16.1,12.0,Dry,0.0,Completed,0,0.0,56.7,,,,,,,,,None,,Not_Installed_Diesel,Quarter_End,2025-11-12T14:59:00,,2026-02-15T00:00:00
2025-11-12,D-10,Diesel,Diesel,Class6_Box,DUTY_REG_03,D3_Regional,214.5,8.2,2880,0.72,5,562,07:30,15:41,15.3,12.0,Dry,0.0,Completed,0,0.0,57.3,,,,,,,,,None,,Not_Installed_Diesel,Quarter_End,2025-11-12T15:59:00,,2026-02-15T00:00:00
2025-11-13,EV-01,Electric,Electric,Class6_Box,DUTY_URB_01,D1_Urban,86.3,5.7,3360,0.84,30,143,07:30,13:12,17.8,8.9,Dry,0.0,Completed,0,0.0,,156.3,8.1,164.4,186.8,100.0,17.8,CHG-01,50.0,Enhanced_Telemetry,157.0,Received_Valid,Immediate_CAN_Bus,2025-11-13T13:42:00,2025-11-13T13:17:00,2025-11-13T13:17:00
2025-11-13,EV-02,Electric,Electric,Class6_Box,DUTY_URB_02,D1_Urban,84.9,5.8,2760,0.69,26,150,07:00,12:48,18.2,8.9,Dry,0.0,Completed,0,0.0,,144.9,10.6,155.5,176.7,100.0,22.2,CHG-02,50.0,Enhanced_Telemetry,145.2,Received_Valid,Immediate_CAN_Bus,2025-11-13T12:59:00,2025-11-13T12:53:00,2025-11-13T12:53:00
2025-11-13,EV-03,Electric,Electric,Class6_Box,DUTY_URB_03,D1_Urban,83.7,6.3,3080,0.77,33,147,07:30,13:48,17.2,8.9,Dry,0.0,Completed,0,0.0,,151.5,8.1,159.6,181.4,100.0,20.2,CHG-01,50.0,Baseline_Meter,,Not_Subscribed_Baseline,Quarter_End,2025-11-13T13:59:00,,2026-02-15T00:00:00
2025-11-13,D-04,Diesel,Diesel,Class6_Box,DUTY_SUB_01,D2_Suburban,133.8,6.8,2680,0.67,19,260,07:00,13:48,17.2,8.9,Dry,0.0,Completed,0,0.0,37.0,,,,,,,,,None,,Not_Installed_Diesel,Quarter_End,2025-11-13T13:59:00,,2026-02-15T00:00:00
2025-11-13,D-05,Diesel,Diesel,Class6_Box,DUTY_SUB_02,D2_Suburban,132.2,6.2,2800,0.70,15,295,07:00,13:12,17.8,8.9,Dry,0.0,Completed,0,0.0,37.9,,,,,,,,,None,,Not_Installed_Diesel,Quarter_End,2025-11-13T13:42:00,,2026-02-15T00:00:00
2025-11-13,D-06,Diesel,Diesel,Class6_Box,DUTY_SUB_03,D2_Suburban,132.8,6.8,3080,0.77,17,303,07:15,14:03,16.9,8.9,Dry,0.0,Completed,0,0.0,37.5,,,,,,,,,None,,Not_Installed_Diesel,Quarter_End,2025-11-13T14:33:00,,2026-02-15T00:00:00
2025-11-13,D-07,Diesel,Diesel,Class6_Box,DUTY_SUB_04,D2_Suburban,133.3,6.6,2880,0.72,15,292,07:30,14:06,16.9,8.9,Dry,0.0,Completed,0,0.0,38.8,,,,,,,,,None,,Not_Installed_Diesel,Quarter_End,2025-11-13T14:36:00,,2026-02-15T00:00:00
2025-11-13,D-08,Diesel,Diesel,Class6_Box,DUTY_REG_01,D3_Regional,210.5,7.7,2840,0.71,5,539,07:15,14:57,16.1,8.9,Dry,0.0,Completed,0,0.0,56.8,,,,,,,,,None,,Not_Installed_Diesel,Quarter_End,2025-11-13T14:59:00,,2026-02-15T00:00:00
2025-11-13,D-09,Diesel,Diesel,Class6_Box,DUTY_REG_02,D3_Regional,212.5,7.5,2720,0.68,5,476,07:15,14:45,16.2,8.9,Dry,0.0,Completed,0,0.0,56.5,,,,,,,,,None,,Not_Installed_Diesel,Quarter_End,2025-11-13T14:59:00,,2026-02-15T00:00:00
2025-11-13,D-10,Diesel,Diesel,Class6_Box,DUTY_REG_03,D3_Regional,213.9,8.3,2760,0.69,7,561,07:30,15:48,15.2,8.9,Dry,0.0,Completed,0,0.0,56.5,,,,,,,,,None,,Not_Installed_Diesel,Quarter_End,2025-11-13T15:59:00,,2026-02-15T00:00:00
2025-11-14,EV-01,Electric,Electric,Class6_Box,DUTY_URB_01,D1_Urban,87.4,5.7,2680,0.67,32,147,07:15,12:57,18.1,9.4,Dry,0.0,Completed,0,0.0,,151.5,8.5,160.0,181.8,100.0,20.0,CHG-01,50.0,Enhanced_Telemetry,152.5,Received_Valid,Immediate_CAN_Bus,2025-11-14T12:59:00,2025-11-14T12:59:00,2025-11-14T12:59:00
2025-11-14,EV-02,Electric,Electric,Class6_Box,DUTY_URB_02,D1_Urban,82.7,5.7,2720,0.68,27,134,07:00,12:42,18.3,9.4,Dry,0.0,Completed,0,0.0,,148.4,10.6,159.0,180.7,100.0,20.5,CHG-02,50.0,Enhanced_Telemetry,149.3,Received_Valid,Immediate_CAN_Bus,2025-11-14T12:59:00,2025-11-14T12:47:00,2025-11-14T12:47:00
2025-11-14,EV-03,Electric,Electric,Class6_Box,DUTY_URB_03,D1_Urban,82.7,6.0,3240,0.81,33,135,07:00,13:00,18.0,9.4,Dry,0.0,Completed,0,0.0,,141.0,9.4,150.4,170.9,100.0,24.8,CHG-01,50.0,Baseline_Meter,,Not_Subscribed_Baseline,Quarter_End,2025-11-14T13:30:00,,2026-02-15T00:00:00
2025-11-14,D-04,Diesel,Diesel,Class6_Box,DUTY_SUB_01,D2_Suburban,135.2,5.9,2760,0.69,16,287,07:30,13:24,17.6,9.4,Dry,0.0,Completed,0,0.0,37.3,,,,,,,,,None,,Not_Installed_Diesel,Quarter_End,2025-11-14T13:54:00,,2026-02-15T00:00:00
2025-11-14,D-05,Diesel,Diesel,Class6_Box,DUTY_SUB_02,D2_Suburban,135.1,6.3,2520,0.63,17,288,07:15,13:33,17.4,9.4,Dry,0.0,Completed,0,0.0,38.0,,,,,,,,,None,,Not_Installed_Diesel,Quarter_End,2025-11-14T13:59:00,,2026-02-15T00:00:00
2025-11-14,D-06,Diesel,Diesel,Class6_Box,DUTY_SUB_03,D2_Suburban,138.0,6.6,2800,0.70,20,295,07:00,13:36,17.4,9.4,Dry,0.0,Completed,0,0.0,37.7,,,,,,,,,None,,Not_Installed_Diesel,Quarter_End,2025-11-14T13:59:00,,2026-02-15T00:00:00
2025-11-14,D-07,Diesel,Diesel,Class6_Box,DUTY_SUB_04,D2_Suburban,137.0,6.5,3160,0.79,15,278,07:30,14:00,17.0,9.4,Dry,0.0,Completed,0,0.0,36.8,,,,,,,,,None,,Not_Installed_Diesel,Quarter_End,2025-11-14T14:30:00,,2026-02-15T00:00:00
2025-11-14,D-08,Diesel,Diesel,Class6_Box,DUTY_REG_01,D3_Regional,210.6,7.7,2920,0.73,4,527,07:00,14:42,16.3,9.4,Dry,0.0,Completed,0,0.0,57.5,,,,,,,,,None,,Not_Installed_Diesel,Quarter_End,2025-11-14T14:59:00,,2026-02-15T00:00:00
2025-11-14,D-09,Diesel,Diesel,Class6_Box,DUTY_REG_02,D3_Regional,206.4,8.0,2960,0.74,3,484,07:00,15:00,16.0,9.4,Dry,0.0,Completed,0,0.0,57.5,,,,,,,,,None,,Not_Installed_Diesel,Quarter_End,2025-11-14T15:30:00,,2026-02-15T00:00:00
2025-11-14,D-10,Diesel,Diesel,Class6_Box,DUTY_REG_03,D3_Regional,213.5,8.4,3040,0.76,10,537,07:15,15:39,15.3,9.4,Dry,0.0,Completed,0,0.0,57.1,,,,,,,,,None,,Not_Installed_Diesel,Quarter_End,2025-11-14T15:59:00,,2026-02-15T00:00:00
2025-11-17,EV-01,Electric,Electric,Class6_Box,DUTY_URB_01,D1_Urban,85.9,5.9,2520,0.63,30,148,07:30,13:24,17.6,10.3,Rain,0.2,Completed,0,0.0,,149.0,7.5,156.5,177.8,100.0,21.8,CHG-01,50.0,Enhanced_Telemetry,148.3,Received_Valid,Immediate_CAN_Bus,2025-11-17T13:54:00,2025-11-17T13:29:00,2025-11-17T13:29:00
2025-11-17,EV-02,Electric,Electric,Class6_Box,DUTY_URB_02,D1_Urban,82.5,5.3,2880,0.72,27,154,07:15,12:33,18.4,10.3,Rain,0.2,Completed,0,0.0,,142.3,7.8,150.1,170.6,100.0,25.0,CHG-02,50.0,Enhanced_Telemetry,143.2,Received_Valid,Immediate_CAN_Bus,2025-11-17T12:59:00,2025-11-17T12:38:00,2025-11-17T12:38:00
2025-11-17,EV-03,Electric,Electric,Class6_Box,DUTY_URB_03,D1_Urban,84.8,6.0,3000,0.75,34,154,07:00,13:00,18.0,10.3,Rain,0.2,Completed,0,0.0,,141.4,10.8,152.2,173.0,100.0,23.9,CHG-01,50.0,Baseline_Meter,,Not_Subscribed_Baseline,Quarter_End,2025-11-17T13:30:00,,2026-02-15T00:00:00
2025-11-17,D-04,Diesel,Diesel,Class6_Box,DUTY_SUB_01,D2_Suburban,134.5,6.4,3000,0.75,19,290,07:15,13:39,17.4,10.3,Rain,0.2,Completed,0,0.0,37.6,,,,,,,,,None,,Not_Installed_Diesel,Quarter_End,2025-11-17T13:59:00,,2026-02-15T00:00:00
2025-11-17,D-05,Diesel,Diesel,Class6_Box,DUTY_SUB_02,D2_Suburban,135.1,6.1,3160,0.79,17,283,07:00,13:06,17.9,10.3,Rain,0.2,Completed,0,0.0,37.8,,,,,,,,,None,,Not_Installed_Diesel,Quarter_End,2025-11-17T13:36:00,,2026-02-15T00:00:00
2025-11-17,D-06,Diesel,Diesel,Class6_Box,DUTY_SUB_03,D2_Suburban,132.8,6.4,3120,0.78,15,308,07:30,13:54,17.1,10.3,Rain,0.2,Completed,0,0.0,37.7,,,,,,,,,None,,Not_Installed_Diesel,Quarter_End,2025-11-17T13:59:00,,2026-02-15T00:00:00
2025-11-17,D-07,Diesel,Diesel,Class6_Box,DUTY_SUB_04,D2_Suburban,135.6,7.1,3120,0.78,12,263,07:00,14:06,16.9,10.3,Rain,0.2,Completed,0,0.0,39.1,,,,,,,,,None,,Not_Installed_Diesel,Quarter_End,2025-11-17T14:36:00,,2026-02-15T00:00:00
2025-11-17,D-08,Diesel,Diesel,Class6_Box,DUTY_REG_01,D3_Regional,210.4,8.8,3040,0.76,8,505,07:00,15:48,15.2,10.3,Rain,0.2,Completed,0,0.0,58.3,,,,,,,,,None,,Not_Installed_Diesel,Quarter_End,2025-11-17T15:59:00,,2026-02-15T00:00:00
2025-11-17,D-09,Diesel,Diesel,Class6_Box,DUTY_REG_02,D3_Regional,210.7,7.9,2560,0.64,8,508,07:15,15:09,15.8,10.3,Rain,0.2,Completed,0,0.0,57.7,,,,,,,,,None,,Not_Installed_Diesel,Quarter_End,2025-11-17T15:39:00,,2026-02-15T00:00:00
2025-11-17,D-10,Diesel,Diesel,Class6_Box,DUTY_REG_03,D3_Regional,214.2,7.9,2600,0.65,6,555,07:15,15:09,15.8,10.3,Rain,0.2,Completed,0,0.0,56.9,,,,,,,,,None,,Not_Installed_Diesel,Quarter_End,2025-11-17T15:39:00,,2026-02-15T00:00:00
2025-11-18,EV-01,Electric,Electric,Class6_Box,DUTY_URB_01,D1_Urban,83.7,5.6,2840,0.71,32,120,07:30,13:06,17.9,11.5,Dry,0.0,Completed,0,0.0,,150.3,7.5,157.8,179.3,100.0,21.1,CHG-01,50.0,Enhanced_Telemetry,150.7,Received_Valid,Immediate_CAN_Bus,2025-11-18T13:36:00,2025-11-18T13:11:00,2025-11-18T13:11:00
2025-11-18,EV-02,Electric,Electric,Class6_Box,DUTY_URB_02,D1_Urban,82.5,5.4,2640,0.66,30,123,07:15,12:39,18.4,11.5,Dry,0.0,Completed,0,0.0,,136.4,10.3,146.7,166.7,100.0,26.7,CHG-02,50.0,Enhanced_Telemetry,136.3,Received_Valid,Immediate_CAN_Bus,2025-11-18T12:59:00,2025-11-18T12:44:00,2025-11-18T12:44:00
2025-11-18,EV-03,Electric,Electric,Class6_Box,DUTY_URB_03,D1_Urban,84.9,5.5,3040,0.76,34,139,07:30,13:00,18.0,11.5,Dry,0.0,Completed,0,0.0,,148.6,9.1,157.7,179.2,100.0,21.2,CHG-01,50.0,Baseline_Meter,,Not_Subscribed_Baseline,Quarter_End,2025-11-18T13:30:00,,2026-02-15T00:00:00
2025-11-18,D-04,Diesel,Diesel,Class6_Box,DUTY_SUB_01,D2_Suburban,134.2,6.4,3160,0.79,14,269,07:00,13:24,17.6,11.5,Dry,0.0,Completed,0,0.0,38.0,,,,,,,,,None,,Not_Installed_Diesel,Quarter_End,2025-11-18T13:54:00,,2026-02-15T00:00:00
2025-11-18,D-05,Diesel,Diesel,Class6_Box,DUTY_SUB_02,D2_Suburban,133.0,6.5,2440,0.61,13,283,07:15,13:45,17.2,11.5,Dry,0.0,Completed,0,0.0,37.8,,,,,,,,,None,,Not_Installed_Diesel,Quarter_End,2025-11-18T13:59:00,,2026-02-15T00:00:00
2025-11-18,D-06,Diesel,Diesel,Class6_Box,DUTY_SUB_03,D2_Suburban,137.5,6.7,3000,0.75,18,306,07:15,13:57,17.1,11.5,Dry,0.0,Completed,0,0.0,37.1,,,,,,,,,None,,Not_Installed_Diesel,Quarter_End,2025-11-18T13:59:00,,2026-02-15T00:00:00
2025-11-18,D-07,Diesel,Diesel,Class6_Box,DUTY_SUB_04,D2_Suburban,132.9,6.5,3160,0.79,17,277,07:30,14:00,17.0,11.5,Dry,0.0,Completed,0,0.0,37.4,,,,,,,,,None,,Not_Installed_Diesel,Quarter_End,2025-11-18T14:30:00,,2026-02-15T00:00:00
2025-11-18,D-08,Diesel,Diesel,Class6_Box,DUTY_REG_01,D3_Regional,213.4,7.7,3040,0.76,4,523,07:00,14:42,16.3,11.5,Dry,0.0,Completed,0,0.0,57.3,,,,,,,,,None,,Not_Installed_Diesel,Quarter_End,2025-11-18T14:59:00,,2026-02-15T00:00:00
2025-11-18,D-09,Diesel,Diesel,Class6_Box,DUTY_REG_02,D3_Regional,211.5,7.6,2520,0.63,6,475,07:30,15:06,15.9,11.5,Dry,0.0,Completed,0,0.0,57.3,,,,,,,,,None,,Not_Installed_Diesel,Quarter_End,2025-11-18T15:36:00,,2026-02-15T00:00:00
2025-11-18,D-10,Diesel,Diesel,Class6_Box,DUTY_REG_03,D3_Regional,213.5,8.2,2560,0.64,4,566,07:30,15:41,15.3,11.5,Dry,0.0,Completed,0,0.0,56.7,,,,,,,,,None,,Not_Installed_Diesel,Quarter_End,2025-11-18T15:59:00,,2026-02-15T00:00:00
2025-11-19,EV-01,Electric,Electric,Class6_Box,DUTY_URB_01,D1_Urban,86.6,5.8,3240,0.81,33,153,07:00,12:48,18.2,7.8,Rain,3.5,Outsourced,1,180.0,,,,,,,,,,None,,Not_Applicable_Outsourced,Quarter_End,2025-11-19T12:59:00,,2025-11-19T12:59:00
2025-11-19,EV-02,Electric,Electric,Class6_Box,DUTY_URB_02,D1_Urban,85.7,5.5,2760,0.69,31,151,07:00,12:30,18.5,7.8,Rain,3.5,Completed,0,0.0,,144.7,9.6,154.3,175.3,100.0,22.8,CHG-02,50.0,Enhanced_Telemetry,144.9,Received_Valid,Immediate_CAN_Bus,2025-11-19T12:59:00,2025-11-19T12:35:00,2025-11-19T12:35:00
2025-11-19,EV-03,Electric,Electric,Class6_Box,DUTY_URB_03,D1_Urban,87.0,5.4,3120,0.78,30,141,07:00,12:24,18.6,7.8,Rain,3.5,Completed,0,0.0,,155.7,9.8,165.5,188.1,100.0,17.2,CHG-01,50.0,Baseline_Meter,,Not_Subscribed_Baseline,Quarter_End,2025-11-19T12:54:00,,2026-02-15T00:00:00
2025-11-19,D-04,Diesel,Diesel,Class6_Box,DUTY_SUB_01,D2_Suburban,132.4,6.4,3280,0.82,13,297,07:30,13:54,17.1,7.8,Rain,3.5,Completed,0,0.0,37.8,,,,,,,,,None,,Not_Installed_Diesel,Quarter_End,2025-11-19T13:59:00,,2026-02-15T00:00:00
2025-11-19,D-05,Diesel,Diesel,Class6_Box,DUTY_SUB_02,D2_Suburban,136.5,6.5,2920,0.73,15,275,07:30,14:00,17.0,7.8,Rain,3.5,Completed,0,0.0,38.1,,,,,,,,,None,,Not_Installed_Diesel,Quarter_End,2025-11-19T14:30:00,,2026-02-15T00:00:00
2025-11-19,D-06,Diesel,Diesel,Class6_Box,DUTY_SUB_03,D2_Suburban,136.5,6.7,2680,0.67,17,318,07:30,14:12,16.8,7.8,Rain,3.5,Completed,0,0.0,37.4,,,,,,,,,None,,Not_Installed_Diesel,Quarter_End,2025-11-19T14:42:00,,2026-02-15T00:00:00
2025-11-19,D-07,Diesel,Diesel,Class6_Box,DUTY_SUB_04,D2_Suburban,134.3,6.4,2760,0.69,17,275,07:30,13:54,17.1,7.8,Rain,3.5,Completed,0,0.0,38.2,,,,,,,,,None,,Not_Installed_Diesel,Quarter_End,2025-11-19T13:59:00,,2026-02-15T00:00:00
2025-11-19,D-08,Diesel,Diesel,Class6_Box,DUTY_REG_01,D3_Regional,209.9,7.8,2720,0.68,7,506,07:00,14:48,16.2,7.8,Rain,3.5,Completed,0,0.0,56.6,,,,,,,,,None,,Not_Installed_Diesel,Quarter_End,2025-11-19T14:59:00,,2026-02-15T00:00:00
2025-11-19,D-09,Diesel,Diesel,Class6_Box,DUTY_REG_02,D3_Regional,206.8,7.2,3520,0.88,7,476,07:30,14:42,16.3,7.8,Rain,3.5,Completed,0,0.0,56.8,,,,,,,,,None,,Not_Installed_Diesel,Quarter_End,2025-11-19T14:59:00,,2026-02-15T00:00:00
2025-11-19,D-10,Diesel,Diesel,Class6_Box,DUTY_REG_03,D3_Regional,211.8,8.3,2560,0.64,9,563,07:30,15:48,15.2,7.8,Rain,3.5,Completed,0,0.0,57.5,,,,,,,,,None,,Not_Installed_Diesel,Quarter_End,2025-11-19T15:59:00,,2026-02-15T00:00:00
2025-11-20,EV-01,Electric,Electric,Class6_Box,DUTY_URB_01,D1_Urban,86.8,5.3,2680,0.67,28,125,07:30,12:48,18.2,6.6,Dry,0.0,Completed,0,0.0,,148.8,9.3,158.1,179.7,100.0,21.0,CHG-01,50.0,Enhanced_Telemetry,149.2,Received_Valid,Immediate_CAN_Bus,2025-11-20T12:59:00,2025-11-20T12:53:00,2025-11-20T12:53:00
2025-11-20,EV-02,Electric,Electric,Class6_Box,DUTY_URB_02,D1_Urban,82.4,5.9,2920,0.73,27,146,07:30,13:24,17.6,6.6,Dry,0.0,Completed,0,0.0,,145.9,8.9,154.8,175.9,100.0,22.6,CHG-02,50.0,Enhanced_Telemetry,145.9,Received_Valid,Immediate_CAN_Bus,2025-11-20T13:54:00,2025-11-20T13:29:00,2025-11-20T13:29:00
2025-11-20,EV-03,Electric,Electric,Class6_Box,DUTY_URB_03,D1_Urban,86.3,5.6,2480,0.62,34,147,07:30,13:06,17.9,6.6,Dry,0.0,Completed,0,0.0,,151.3,10.2,161.5,183.5,100.0,19.2,CHG-01,50.0,Baseline_Meter,,Not_Subscribed_Baseline,Quarter_End,2025-11-20T13:36:00,,2026-02-15T00:00:00
2025-11-20,D-04,Diesel,Diesel,Class6_Box,DUTY_SUB_01,D2_Suburban,134.4,5.9,3000,0.75,17,281,07:30,13:24,17.6,6.6,Dry,0.0,Completed,0,0.0,37.2,,,,,,,,,None,,Not_Installed_Diesel,Quarter_End,2025-11-20T13:54:00,,2026-02-15T00:00:00
2025-11-20,D-05,Diesel,Diesel,Class6_Box,DUTY_SUB_02,D2_Suburban,134.1,6.7,2480,0.62,13,272,07:30,14:12,16.8,6.6,Dry,0.0,Completed,0,0.0,38.3,,,,,,,,,None,,Not_Installed_Diesel,Quarter_End,2025-11-20T14:42:00,,2026-02-15T00:00:00
2025-11-20,D-06,Diesel,Diesel,Class6_Box,DUTY_SUB_03,D2_Suburban,135.4,6.9,2960,0.74,15,301,07:15,14:09,16.9,6.6,Dry,0.0,Completed,0,0.0,37.0,,,,,,,,,None,,Not_Installed_Diesel,Quarter_End,2025-11-20T14:39:00,,2026-02-15T00:00:00
2025-11-20,D-07,Diesel,Diesel,Class6_Box,DUTY_SUB_04,D2_Suburban,131.4,6.9,2880,0.72,13,257,07:00,13:54,17.1,6.6,Dry,0.0,Completed,0,0.0,37.6,,,,,,,,,None,,Not_Installed_Diesel,Quarter_End,2025-11-20T13:59:00,,2026-02-15T00:00:00
2025-11-20,D-08,Diesel,Diesel,Class6_Box,DUTY_REG_01,D3_Regional,211.6,7.8,3000,0.75,6,521,07:30,15:18,15.7,6.6,Dry,0.0,Completed,0,0.0,57.3,,,,,,,,,None,,Not_Installed_Diesel,Quarter_End,2025-11-20T15:48:00,,2026-02-15T00:00:00
2025-11-20,D-09,Diesel,Diesel,Class6_Box,DUTY_REG_02,D3_Regional,205.6,7.7,2280,0.57,5,492,07:30,15:12,15.8,6.6,Dry,0.0,Completed,0,0.0,56.8,,,,,,,,,None,,Not_Installed_Diesel,Quarter_End,2025-11-20T15:42:00,,2026-02-15T00:00:00
2025-11-20,D-10,Diesel,Diesel,Class6_Box,DUTY_REG_03,D3_Regional,211.5,8.0,2800,0.70,8,531,07:00,15:00,16.0,6.6,Dry,0.0,Completed,0,0.0,56.4,,,,,,,,,None,,Not_Installed_Diesel,Quarter_End,2025-11-20T15:30:00,,2026-02-15T00:00:00
2025-11-21,EV-01,Electric,Electric,Class6_Box,DUTY_URB_01,D1_Urban,85.7,5.6,2960,0.74,33,148,07:30,13:06,17.9,4.0,Dry,0.0,Completed,0,0.0,,149.2,10.8,160.0,181.8,100.0,20.0,CHG-01,50.0,Enhanced_Telemetry,149.0,Received_Valid,Immediate_CAN_Bus,2025-11-21T13:36:00,2025-11-21T13:11:00,2025-11-21T13:11:00
2025-11-21,EV-02,Electric,Electric,Class6_Box,DUTY_URB_02,D1_Urban,87.2,5.9,2640,0.66,31,135,07:30,13:24,17.6,4.0,Dry,0.0,Completed,0,0.0,,152.7,12.0,164.7,187.2,100.0,17.7,CHG-02,50.0,Enhanced_Telemetry,152.6,Received_Valid,Immediate_CAN_Bus,2025-11-21T13:54:00,2025-11-21T13:29:00,2025-11-21T13:29:00
2025-11-21,EV-03,Electric,Electric,Class6_Box,DUTY_URB_03,D1_Urban,86.9,6.1,3040,0.76,33,128,07:15,13:21,17.6,4.0,Dry,0.0,Completed,0,0.0,,151.4,11.9,163.3,185.6,100.0,18.3,CHG-01,50.0,Baseline_Meter,,Not_Subscribed_Baseline,Quarter_End,2025-11-21T13:51:00,,2026-02-15T00:00:00
2025-11-21,D-04,Diesel,Diesel,Class6_Box,DUTY_SUB_01,D2_Suburban,135.6,6.1,2520,0.63,15,274,07:00,13:06,17.9,4.0,Dry,0.0,Completed,0,0.0,37.9,,,,,,,,,None,,Not_Installed_Diesel,Quarter_End,2025-11-21T13:36:00,,2026-02-15T00:00:00
2025-11-21,D-05,Diesel,Diesel,Class6_Box,DUTY_SUB_02,D2_Suburban,132.9,6.7,3000,0.75,17,296,07:30,14:12,16.8,4.0,Dry,0.0,Completed,0,0.0,38.0,,,,,,,,,None,,Not_Installed_Diesel,Quarter_End,2025-11-21T14:42:00,,2026-02-15T00:00:00
2025-11-21,D-06,Diesel,Diesel,Class6_Box,DUTY_SUB_03,D2_Suburban,131.8,6.8,3320,0.83,18,300,07:30,14:18,16.7,4.0,Dry,0.0,Completed,0,0.0,37.2,,,,,,,,,None,,Not_Installed_Diesel,Quarter_End,2025-11-21T14:48:00,,2026-02-15T00:00:00
2025-11-21,D-07,Diesel,Diesel,Class6_Box,DUTY_SUB_04,D2_Suburban,139.2,6.6,2520,0.63,15,276,07:30,14:06,16.9,4.0,Dry,0.0,Completed,0,0.0,37.4,,,,,,,,,None,,Not_Installed_Diesel,Quarter_End,2025-11-21T14:36:00,,2026-02-15T00:00:00
2025-11-21,D-08,Diesel,Diesel,Class6_Box,DUTY_REG_01,D3_Regional,208.4,7.6,3000,0.75,7,514,07:15,14:51,16.1,4.0,Dry,0.0,Completed,0,0.0,56.4,,,,,,,,,None,,Not_Installed_Diesel,Quarter_End,2025-11-21T14:59:00,,2026-02-15T00:00:00
2025-11-21,D-09,Diesel,Diesel,Class6_Box,DUTY_REG_02,D3_Regional,208.8,8.1,2800,0.70,2,500,07:30,15:36,15.4,4.0,Dry,0.0,Completed,0,0.0,56.7,,,,,,,,,None,,Not_Installed_Diesel,Quarter_End,2025-11-21T15:59:00,,2026-02-15T00:00:00
2025-11-21,D-10,Diesel,Diesel,Class6_Box,DUTY_REG_03,D3_Regional,210.0,7.7,2920,0.73,9,534,07:30,15:12,15.8,4.0,Dry,0.0,Completed,0,0.0,57.5,,,,,,,,,None,,Not_Installed_Diesel,Quarter_End,2025-11-21T15:42:00,,2026-02-15T00:00:00
2025-11-24,EV-01,Electric,Electric,Class6_Box,DUTY_URB_01,D1_Urban,84.6,5.9,2960,0.74,32,127,07:15,13:09,17.9,2.8,Dry,0.0,Completed,0,0.0,,143.3,11.7,155.0,176.1,100.0,22.5,CHG-01,50.0,Enhanced_Telemetry,143.7,Received_Valid,Immediate_CAN_Bus,2025-11-24T13:39:00,2025-11-24T13:14:00,2025-11-24T13:14:00
2025-11-24,EV-02,Electric,Electric,Class6_Box,DUTY_URB_02,D1_Urban,85.7,5.7,2640,0.66,25,154,07:15,12:57,18.1,2.8,Dry,0.0,Completed,0,0.0,,145.6,12.3,157.9,179.4,100.0,21.0,CHG-02,50.0,Enhanced_Telemetry,145.7,Received_Valid,Immediate_CAN_Bus,2025-11-24T12:59:00,2025-11-24T12:59:00,2025-11-24T12:59:00
2025-11-24,EV-03,Electric,Electric,Class6_Box,DUTY_URB_03,D1_Urban,87.1,5.8,3000,0.75,33,136,07:00,12:48,18.2,2.8,Dry,0.0,Completed,0,0.0,,153.1,12.0,165.1,187.6,100.0,17.5,CHG-01,50.0,Baseline_Meter,,Not_Subscribed_Baseline,Quarter_End,2025-11-24T12:59:00,,2026-02-15T00:00:00
2025-11-24,D-04,Diesel,Diesel,Class6_Box,DUTY_SUB_01,D2_Suburban,132.8,6.5,2800,0.70,17,277,07:30,14:00,17.0,2.8,Dry,0.0,Completed,0,0.0,37.1,,,,,,,,,None,,Not_Installed_Diesel,Quarter_End,2025-11-24T14:30:00,,2026-02-15T00:00:00
2025-11-24,D-05,Diesel,Diesel,Class6_Box,DUTY_SUB_02,D2_Suburban,137.4,6.6,2560,0.64,18,286,07:00,13:36,17.4,2.8,Dry,0.0,Completed,0,0.0,37.7,,,,,,,,,None,,Not_Installed_Diesel,Quarter_End,2025-11-24T13:59:00,,2026-02-15T00:00:00
2025-11-24,D-06,Diesel,Diesel,Class6_Box,DUTY_SUB_03,D2_Suburban,139.2,6.6,2920,0.73,20,311,07:00,13:36,17.4,2.8,Dry,0.0,Completed,0,0.0,37.2,,,,,,,,,None,,Not_Installed_Diesel,Quarter_End,2025-11-24T13:59:00,,2026-02-15T00:00:00
2025-11-24,D-07,Diesel,Diesel,Class6_Box,DUTY_SUB_04,D2_Suburban,136.8,6.6,2840,0.71,13,272,07:00,13:36,17.4,2.8,Dry,0.0,Completed,0,0.0,38.3,,,,,,,,,None,,Not_Installed_Diesel,Quarter_End,2025-11-24T13:59:00,,2026-02-15T00:00:00
2025-11-24,D-08,Diesel,Diesel,Class6_Box,DUTY_REG_01,D3_Regional,208.7,7.8,2200,0.55,8,508,07:15,15:03,15.9,2.8,Dry,0.0,Completed,0,0.0,56.3,,,,,,,,,None,,Not_Installed_Diesel,Quarter_End,2025-11-24T15:33:00,,2026-02-15T00:00:00
2025-11-24,D-09,Diesel,Diesel,Class6_Box,DUTY_REG_02,D3_Regional,208.0,7.6,2760,0.69,6,479,07:15,14:51,16.1,2.8,Dry,0.0,Completed,0,0.0,57.2,,,,,,,,,None,,Not_Installed_Diesel,Quarter_End,2025-11-24T14:59:00,,2026-02-15T00:00:00
2025-11-24,D-10,Diesel,Diesel,Class6_Box,DUTY_REG_03,D3_Regional,213.7,8.0,2960,0.74,6,550,07:30,15:30,15.5,2.8,Dry,0.0,Completed,0,0.0,56.6,,,,,,,,,None,,Not_Installed_Diesel,Quarter_End,2025-11-24T15:59:00,,2026-02-15T00:00:00
2025-11-25,EV-01,Electric,Electric,Class6_Box,DUTY_URB_01,D1_Urban,83.4,5.8,3240,0.81,29,155,07:15,13:03,17.9,0.2,Dry,0.0,Completed,0,0.0,,151.9,13.0,164.9,187.4,100.0,17.5,CHG-01,50.0,Enhanced_Telemetry,152.3,Received_Valid,Immediate_CAN_Bus,2025-11-25T13:33:00,2025-11-25T13:08:00,2025-11-25T13:08:00
2025-11-25,EV-02,Electric,Electric,Class6_Box,DUTY_URB_02,D1_Urban,86.0,5.6,3120,0.78,28,150,07:30,13:06,17.9,0.2,Dry,0.0,Completed,0,0.0,,150.6,12.5,163.1,185.3,100.0,18.5,CHG-02,50.0,Enhanced_Telemetry,150.1,Received_Valid,Immediate_CAN_Bus,2025-11-25T13:36:00,2025-11-25T13:11:00,2025-11-25T13:11:00
2025-11-25,EV-03,Electric,Electric,Class6_Box,DUTY_URB_03,D1_Urban,84.1,5.3,3120,0.78,33,157,07:15,12:33,18.4,0.2,Dry,0.0,Completed,0,0.0,,148.8,13.9,162.7,184.9,100.0,18.7,CHG-01,50.0,Baseline_Meter,,Not_Subscribed_Baseline,Quarter_End,2025-11-25T12:59:00,,2026-02-15T00:00:00
2025-11-25,D-04,Diesel,Diesel,Class6_Box,DUTY_SUB_01,D2_Suburban,137.0,6.5,3040,0.76,13,287,07:15,13:45,17.2,0.2,Dry,0.0,Completed,0,0.0,37.0,,,,,,,,,None,,Not_Installed_Diesel,Quarter_End,2025-11-25T13:59:00,,2026-02-15T00:00:00
2025-11-25,D-05,Diesel,Diesel,Class6_Box,DUTY_SUB_02,D2_Suburban,133.9,6.3,2680,0.67,15,298,07:15,13:33,17.4,0.2,Dry,0.0,Completed,0,0.0,37.4,,,,,,,,,None,,Not_Installed_Diesel,Quarter_End,2025-11-25T13:59:00,,2026-02-15T00:00:00
2025-11-25,D-06,Diesel,Diesel,Class6_Box,DUTY_SUB_03,D2_Suburban,138.6,6.6,2720,0.68,20,309,07:00,13:36,17.4,0.2,Dry,0.0,Completed,0,0.0,37.9,,,,,,,,,None,,Not_Installed_Diesel,Quarter_End,2025-11-25T13:59:00,,2026-02-15T00:00:00
2025-11-25,D-07,Diesel,Diesel,Class6_Box,DUTY_SUB_04,D2_Suburban,131.4,6.3,2960,0.74,16,255,07:30,13:48,17.2,0.2,Dry,0.0,Completed,0,0.0,38.2,,,,,,,,,None,,Not_Installed_Diesel,Quarter_End,2025-11-25T13:59:00,,2026-02-15T00:00:00
2025-11-25,D-08,Diesel,Diesel,Class6_Box,DUTY_REG_01,D3_Regional,209.6,7.7,3080,0.77,6,529,07:00,14:42,16.3,0.2,Dry,0.0,Completed,0,0.0,57.6,,,,,,,,,None,,Not_Installed_Diesel,Quarter_End,2025-11-25T14:59:00,,2026-02-15T00:00:00
2025-11-25,D-09,Diesel,Diesel,Class6_Box,DUTY_REG_02,D3_Regional,210.4,7.4,2880,0.72,6,486,07:30,14:54,16.1,0.2,Dry,0.0,Completed,0,0.0,56.6,,,,,,,,,None,,Not_Installed_Diesel,Quarter_End,2025-11-25T14:59:00,,2026-02-15T00:00:00
2025-11-25,D-10,Diesel,Diesel,Class6_Box,DUTY_REG_03,D3_Regional,213.4,7.8,3040,0.76,5,551,07:15,15:03,15.9,0.2,Dry,0.0,Completed,0,0.0,56.9,,,,,,,,,None,,Not_Installed_Diesel,Quarter_End,2025-11-25T15:33:00,,2026-02-15T00:00:00
2025-11-26,EV-01,Electric,Electric,Class6_Box,DUTY_URB_01,D1_Urban,84.1,5.9,3160,0.79,32,140,07:30,13:24,17.6,6.9,Rain,1.1,Completed,0,0.0,,152.8,9.7,162.5,184.7,100.0,18.8,CHG-01,50.0,Enhanced_Telemetry,153.2,Received_Valid,Immediate_CAN_Bus,2025-11-26T13:54:00,2025-11-26T13:29:00,2025-11-26T13:29:00
2025-11-26,EV-02,Electric,Electric,Class6_Box,DUTY_URB_02,D1_Urban,82.2,5.9,2840,0.71,30,153,07:15,13:09,17.9,6.9,Rain,1.1,Completed,0,0.0,,145.5,9.5,155.0,176.1,100.0,22.5,CHG-02,50.0,Enhanced_Telemetry,144.8,Received_Valid,Immediate_CAN_Bus,2025-11-26T13:39:00,2025-11-26T13:14:00,2025-11-26T13:14:00
2025-11-26,EV-03,Electric,Electric,Class6_Box,DUTY_URB_03,D1_Urban,87.3,5.7,2600,0.65,31,165,07:15,12:57,18.1,6.9,Rain,1.1,Completed,0,0.0,,148.1,10.7,158.8,180.5,100.0,20.6,CHG-01,50.0,Baseline_Meter,,Not_Subscribed_Baseline,Quarter_End,2025-11-26T12:59:00,,2026-02-15T00:00:00
2025-11-26,D-04,Diesel,Diesel,Class6_Box,DUTY_SUB_01,D2_Suburban,131.5,6.3,3120,0.78,15,285,07:30,13:48,17.2,6.9,Rain,1.1,Completed,0,0.0,37.4,,,,,,,,,None,,Not_Installed_Diesel,Quarter_End,2025-11-26T13:59:00,,2026-02-15T00:00:00
2025-11-26,D-05,Diesel,Diesel,Class6_Box,DUTY_SUB_02,D2_Suburban,131.7,6.5,3000,0.75,18,285,07:15,13:45,17.2,6.9,Rain,1.1,Completed,0,0.0,37.5,,,,,,,,,None,,Not_Installed_Diesel,Quarter_End,2025-11-26T13:59:00,,2026-02-15T00:00:00
2025-11-26,D-06,Diesel,Diesel,Class6_Box,DUTY_SUB_03,D2_Suburban,135.9,6.3,3160,0.79,14,297,07:15,13:33,17.4,6.9,Rain,1.1,Completed,0,0.0,37.9,,,,,,,,,None,,Not_Installed_Diesel,Quarter_End,2025-11-26T13:59:00,,2026-02-15T00:00:00
2025-11-26,D-07,Diesel,Diesel,Class6_Box,DUTY_SUB_04,D2_Suburban,138.9,6.6,2840,0.71,17,261,07:15,13:51,17.1,6.9,Rain,1.1,Completed,0,0.0,38.4,,,,,,,,,None,,Not_Installed_Diesel,Quarter_End,2025-11-26T13:59:00,,2026-02-15T00:00:00
2025-11-26,D-08,Diesel,Diesel,Class6_Box,DUTY_REG_01,D3_Regional,210.5,7.9,3160,0.79,5,506,07:15,15:09,15.8,6.9,Rain,1.1,Completed,0,0.0,56.4,,,,,,,,,None,,Not_Installed_Diesel,Quarter_End,2025-11-26T15:39:00,,2026-02-15T00:00:00
2025-11-26,D-09,Diesel,Diesel,Class6_Box,DUTY_REG_02,D3_Regional,205.5,7.6,2560,0.64,6,497,07:15,14:51,16.1,6.9,Rain,1.1,Completed,0,0.0,56.9,,,,,,,,,None,,Not_Installed_Diesel,Quarter_End,2025-11-26T14:59:00,,2026-02-15T00:00:00
2025-11-26,D-10,Diesel,Diesel,Class6_Box,DUTY_REG_03,D3_Regional,215.7,7.8,2560,0.64,4,561,07:00,14:48,16.2,6.9,Rain,1.1,Completed,0,0.0,56.8,,,,,,,,,None,,Not_Installed_Diesel,Quarter_End,2025-11-26T14:59:00,,2026-02-15T00:00:00
2025-11-27,EV-01,Electric,Electric,Class6_Box,DUTY_URB_01,D1_Urban,86.0,5.4,2800,0.70,33,132,07:00,12:24,18.6,5.1,Dry,0.0,Completed,0,0.0,,149.6,12.0,161.6,183.6,100.0,19.2,CHG-01,50.0,Enhanced_Telemetry,149.8,Received_Valid,Immediate_CAN_Bus,2025-11-27T12:54:00,2025-11-27T12:29:00,2025-11-27T12:29:00
2025-11-27,EV-02,Electric,Electric,Class6_Box,DUTY_URB_02,D1_Urban,86.7,5.7,3120,0.78,30,129,07:15,12:57,18.1,5.1,Dry,0.0,Completed,0,0.0,,145.8,11.2,157.0,178.4,100.0,21.5,CHG-02,50.0,Enhanced_Telemetry,145.3,Received_Valid,Immediate_CAN_Bus,2025-11-27T12:59:00,2025-11-27T12:59:00,2025-11-27T12:59:00
2025-11-27,EV-03,Electric,Electric,Class6_Box,DUTY_URB_03,D1_Urban,84.8,5.6,2760,0.69,29,137,07:30,13:06,17.9,5.1,Dry,0.0,Completed,0,0.0,,141.8,11.3,153.1,174.0,100.0,23.5,CHG-01,50.0,Baseline_Meter,,Not_Subscribed_Baseline,Quarter_End,2025-11-27T13:36:00,,2026-02-15T00:00:00
2025-11-27,D-04,Diesel,Diesel,Class6_Box,DUTY_SUB_01,D2_Suburban,130.8,6.2,2960,0.74,19,269,07:15,13:27,17.6,5.1,Dry,0.0,Completed,0,0.0,37.7,,,,,,,,,None,,Not_Installed_Diesel,Quarter_End,2025-11-27T13:57:00,,2026-02-15T00:00:00
2025-11-27,D-05,Diesel,Diesel,Class6_Box,DUTY_SUB_02,D2_Suburban,135.2,6.9,3240,0.81,18,307,07:00,13:54,17.1,5.1,Dry,0.0,Completed,0,0.0,36.9,,,,,,,,,None,,Not_Installed_Diesel,Quarter_End,2025-11-27T13:59:00,,2026-02-15T00:00:00
2025-11-27,D-06,Diesel,Diesel,Class6_Box,DUTY_SUB_03,D2_Suburban,138.7,6.7,2560,0.64,15,300,07:00,13:42,17.3,5.1,Dry,0.0,Completed,0,0.0,38.1,,,,,,,,,None,,Not_Installed_Diesel,Quarter_End,2025-11-27T13:59:00,,2026-02-15T00:00:00
2025-11-27,D-07,Diesel,Diesel,Class6_Box,DUTY_SUB_04,D2_Suburban,132.8,6.3,2920,0.73,15,291,07:15,13:33,17.4,5.1,Dry,0.0,Completed,0,0.0,37.8,,,,,,,,,None,,Not_Installed_Diesel,Quarter_End,2025-11-27T13:59:00,,2026-02-15T00:00:00
2025-11-27,D-08,Diesel,Diesel,Class6_Box,DUTY_REG_01,D3_Regional,208.4,7.7,2760,0.69,5,513,07:00,14:42,16.3,5.1,Dry,0.0,Completed,0,0.0,58.0,,,,,,,,,None,,Not_Installed_Diesel,Quarter_End,2025-11-27T14:59:00,,2026-02-15T00:00:00
2025-11-27,D-09,Diesel,Diesel,Class6_Box,DUTY_REG_02,D3_Regional,208.8,7.4,3080,0.77,8,491,07:15,14:39,16.4,5.1,Dry,0.0,Completed,0,0.0,57.1,,,,,,,,,None,,Not_Installed_Diesel,Quarter_End,2025-11-27T14:59:00,,2026-02-15T00:00:00
2025-11-27,D-10,Diesel,Diesel,Class6_Box,DUTY_REG_03,D3_Regional,213.0,7.8,2800,0.70,8,543,07:15,15:03,15.9,5.1,Dry,0.0,Completed,0,0.0,56.8,,,,,,,,,None,,Not_Installed_Diesel,Quarter_End,2025-11-27T15:33:00,,2026-02-15T00:00:00
2025-11-28,EV-01,Electric,Electric,Class6_Box,DUTY_URB_01,D1_Urban,87.8,5.3,2800,0.70,29,144,07:00,12:18,18.7,5.6,Dry,0.0,Completed,0,0.0,,151.8,10.7,162.5,184.7,100.0,18.8,CHG-01,50.0,Enhanced_Telemetry,152.4,Received_Valid,Immediate_CAN_Bus,2025-11-28T12:48:00,2025-11-28T12:23:00,2025-11-28T12:23:00
2025-11-28,EV-02,Electric,Electric,Class6_Box,DUTY_URB_02,D1_Urban,88.9,5.9,3040,0.76,29,128,07:15,13:09,17.9,5.6,Dry,0.0,Completed,0,0.0,,155.8,10.8,166.6,189.3,100.0,16.7,CHG-02,50.0,Enhanced_Telemetry,154.9,Received_Valid,Immediate_CAN_Bus,2025-11-28T13:39:00,2025-11-28T13:14:00,2025-11-28T13:14:00
2025-11-28,EV-03,Electric,Electric,Class6_Box,DUTY_URB_03,D1_Urban,82.6,5.9,2720,0.68,29,151,07:00,12:54,18.1,5.6,Dry,0.0,Completed,0,0.0,,141.1,11.5,152.6,173.4,100.0,23.7,CHG-01,50.0,Baseline_Meter,,Not_Subscribed_Baseline,Quarter_End,2025-11-28T12:59:00,,2026-02-15T00:00:00
2025-11-28,D-04,Diesel,Diesel,Class6_Box,DUTY_SUB_01,D2_Suburban,135.9,6.1,3000,0.75,19,264,07:30,13:36,17.4,5.6,Dry,0.0,Completed,0,0.0,37.8,,,,,,,,,None,,Not_Installed_Diesel,Quarter_End,2025-11-28T13:59:00,,2026-02-15T00:00:00
2025-11-28,D-05,Diesel,Diesel,Class6_Box,DUTY_SUB_02,D2_Suburban,134.5,6.5,2440,0.61,14,276,07:00,13:30,17.5,5.6,Dry,0.0,Completed,0,0.0,37.5,,,,,,,,,None,,Not_Installed_Diesel,Quarter_End,2025-11-28T13:59:00,,2026-02-15T00:00:00
2025-11-28,D-06,Diesel,Diesel,Class6_Box,DUTY_SUB_03,D2_Suburban,137.0,6.3,3080,0.77,17,309,07:00,13:18,17.7,5.6,Dry,0.0,Completed,0,0.0,38.0,,,,,,,,,None,,Not_Installed_Diesel,Quarter_End,2025-11-28T13:48:00,,2026-02-15T00:00:00
2025-11-28,D-07,Diesel,Diesel,Class6_Box,DUTY_SUB_04,D2_Suburban,134.8,6.3,3200,0.80,13,291,07:30,13:48,17.2,5.6,Dry,0.0,Completed,0,0.0,38.4,,,,,,,,,None,,Not_Installed_Diesel,Quarter_End,2025-11-28T13:59:00,,2026-02-15T00:00:00
2025-11-28,D-08,Diesel,Diesel,Class6_Box,DUTY_REG_01,D3_Regional,212.4,7.7,2560,0.64,8,503,07:00,14:42,16.3,5.6,Dry,0.0,Outsourced,1,420.0,,,,,,,,,,None,,Not_Applicable_Outsourced,Quarter_End,2025-11-28T14:59:00,,2025-11-28T14:59:00
2025-11-28,D-09,Diesel,Diesel,Class6_Box,DUTY_REG_02,D3_Regional,209.6,8.5,2840,0.71,2,499,07:15,15:45,15.2,5.6,Dry,0.0,Late,0,0.0,57.5,,,,,,,,,None,,Not_Installed_Diesel,Quarter_End,2025-11-28T15:59:00,,2026-02-15T00:00:00
2025-11-28,D-10,Diesel,Diesel,Class6_Box,DUTY_REG_03,D3_Regional,210.3,7.8,3000,0.75,10,530,07:00,14:48,16.2,5.6,Dry,0.0,Completed,0,0.0,56.0,,,,,,,,,None,,Not_Installed_Diesel,Quarter_End,2025-11-28T14:59:00,,2026-02-15T00:00:00
2025-12-01,EV-01,Electric,Electric,Class6_Box,DUTY_URB_01,D1_Urban,84.0,5.9,3240,0.81,27,129,07:00,12:54,18.1,7.0,Dry,0.0,Completed,0,0.0,,141.0,11.3,152.3,173.1,100.0,23.8,CHG-01,50.0,Enhanced_Telemetry,142.5,Received_Valid,Immediate_CAN_Bus,2025-12-01T12:59:00,2025-12-01T12:59:00,2025-12-01T12:59:00
2025-12-01,EV-02,Electric,Electric,Class6_Box,DUTY_URB_02,D1_Urban,81.1,5.9,2600,0.65,25,141,07:15,13:09,17.9,7.0,Dry,0.0,Completed,0,0.0,,135.0,11.0,146.0,165.9,100.0,27.0,CHG-02,50.0,Enhanced_Telemetry,134.9,Received_Valid,Immediate_CAN_Bus,2025-12-01T13:39:00,2025-12-01T13:14:00,2025-12-01T13:14:00
2025-12-01,EV-03,Electric,Electric,Class6_Box,DUTY_URB_03,D1_Urban,84.6,6.0,3240,0.81,34,147,07:30,13:30,17.5,7.0,Dry,0.0,Completed,0,0.0,,153.0,10.6,163.6,185.9,100.0,18.2,CHG-01,50.0,Baseline_Meter,,Not_Subscribed_Baseline,Quarter_End,2025-12-01T13:59:00,,2026-02-15T00:00:00
2025-12-01,D-04,Diesel,Diesel,Class6_Box,DUTY_SUB_01,D2_Suburban,136.1,6.6,3000,0.75,17,300,07:30,14:06,16.9,7.0,Dry,0.0,Completed,0,0.0,37.8,,,,,,,,,None,,Not_Installed_Diesel,Quarter_End,2025-12-01T14:36:00,,2026-02-15T00:00:00
2025-12-01,D-05,Diesel,Diesel,Class6_Box,DUTY_SUB_02,D2_Suburban,133.0,6.6,3120,0.78,15,275,07:00,13:36,17.4,7.0,Dry,0.0,Completed,0,0.0,38.4,,,,,,,,,None,,Not_Installed_Diesel,Quarter_End,2025-12-01T13:59:00,,2026-02-15T00:00:00
2025-12-01,D-06,Diesel,Diesel,Class6_Box,DUTY_SUB_03,D2_Suburban,136.8,6.6,3440,0.86,17,290,07:15,13:51,17.1,7.0,Dry,0.0,Completed,0,0.0,37.7,,,,,,,,,None,,Not_Installed_Diesel,Quarter_End,2025-12-01T13:59:00,,2026-02-15T00:00:00
2025-12-01,D-07,Diesel,Diesel,Class6_Box,DUTY_SUB_04,D2_Suburban,134.9,6.7,2840,0.71,14,290,07:15,13:57,17.1,7.0,Dry,0.0,Completed,0,0.0,37.3,,,,,,,,,None,,Not_Installed_Diesel,Quarter_End,2025-12-01T13:59:00,,2026-02-15T00:00:00
2025-12-01,D-08,Diesel,Diesel,Class6_Box,DUTY_REG_01,D3_Regional,206.9,7.8,3080,0.77,8,537,07:30,15:18,15.7,7.0,Dry,0.0,Completed,0,0.0,56.0,,,,,,,,,None,,Not_Installed_Diesel,Quarter_End,2025-12-01T15:48:00,,2026-02-15T00:00:00
2025-12-01,D-09,Diesel,Diesel,Class6_Box,DUTY_REG_02,D3_Regional,208.6,7.9,2680,0.67,3,486,07:30,15:24,15.6,7.0,Dry,0.0,Completed,0,0.0,55.5,,,,,,,,,None,,Not_Installed_Diesel,Quarter_End,2025-12-01T15:54:00,,2026-02-15T00:00:00
2025-12-01,D-10,Diesel,Diesel,Class6_Box,DUTY_REG_03,D3_Regional,212.0,8.3,3240,0.81,6,564,07:15,15:33,15.4,7.0,Dry,0.0,Late,0,0.0,56.4,,,,,,,,,None,,Not_Installed_Diesel,Quarter_End,2025-12-01T15:59:00,,2026-02-15T00:00:00
2025-12-02,EV-01,Electric,Electric,Class6_Box,DUTY_URB_01,D1_Urban,85.2,5.9,2520,0.63,27,142,07:15,13:09,17.9,3.9,Rain,1.6,Completed,0,0.0,,153.6,11.6,165.2,187.7,100.0,17.4,CHG-01,50.0,Enhanced_Telemetry,153.7,Received_Valid,Immediate_CAN_Bus,2025-12-02T13:39:00,2025-12-02T13:14:00,2025-12-02T13:14:00
2025-12-02,EV-02,Electric,Electric,Class6_Box,DUTY_URB_02,D1_Urban,81.4,5.2,2640,0.66,31,145,07:15,12:27,18.6,3.9,Rain,1.6,Completed,0,0.0,,143.3,11.0,154.3,175.3,100.0,22.8,CHG-02,50.0,Enhanced_Telemetry,144.5,Received_Valid,Immediate_CAN_Bus,2025-12-02T12:57:00,2025-12-02T12:32:00,2025-12-02T12:32:00
2025-12-02,EV-03,Electric,Electric,Class6_Box,DUTY_URB_03,D1_Urban,86.8,5.7,2640,0.66,34,147,07:30,13:12,17.8,3.9,Rain,1.6,Completed,0,0.0,,153.8,10.4,164.2,186.6,100.0,17.9,CHG-01,50.0,Baseline_Meter,,Not_Subscribed_Baseline,Quarter_End,2025-12-02T13:42:00,,2026-02-15T00:00:00
2025-12-02,D-04,Diesel,Diesel,Class6_Box,DUTY_SUB_01,D2_Suburban,132.9,6.3,3600,0.90,13,273,07:30,13:48,17.2,3.9,Rain,1.6,Completed,0,0.0,37.7,,,,,,,,,None,,Not_Installed_Diesel,Quarter_End,2025-12-02T13:59:00,,2026-02-15T00:00:00
2025-12-02,D-05,Diesel,Diesel,Class6_Box,DUTY_SUB_02,D2_Suburban,136.9,6.5,2840,0.71,17,307,07:30,14:00,17.0,3.9,Rain,1.6,Completed,0,0.0,38.2,,,,,,,,,None,,Not_Installed_Diesel,Quarter_End,2025-12-02T14:30:00,,2026-02-15T00:00:00
2025-12-02,D-06,Diesel,Diesel,Class6_Box,DUTY_SUB_03,D2_Suburban,137.4,7.0,2960,0.74,17,318,07:15,14:15,16.8,3.9,Rain,1.6,Completed,0,0.0,38.0,,,,,,,,,None,,Not_Installed_Diesel,Quarter_End,2025-12-02T14:45:00,,2026-02-15T00:00:00
2025-12-02,D-07,Diesel,Diesel,Class6_Box,DUTY_SUB_04,D2_Suburban,134.0,6.6,2480,0.62,14,284,07:15,13:51,17.1,3.9,Rain,1.6,Completed,0,0.0,37.5,,,,,,,,,None,,Not_Installed_Diesel,Quarter_End,2025-12-02T13:59:00,,2026-02-15T00:00:00
2025-12-02,D-08,Diesel,Diesel,Class6_Box,DUTY_REG_01,D3_Regional,210.5,8.0,3120,0.78,4,511,07:30,15:30,15.5,3.9,Rain,1.6,Completed,0,0.0,56.7,,,,,,,,,None,,Not_Installed_Diesel,Quarter_End,2025-12-02T15:59:00,,2026-02-15T00:00:00
2025-12-02,D-09,Diesel,Diesel,Class6_Box,DUTY_REG_02,D3_Regional,208.8,8.1,3000,0.75,8,485,07:30,15:36,15.4,3.9,Rain,1.6,Completed,0,0.0,57.4,,,,,,,,,None,,Not_Installed_Diesel,Quarter_End,2025-12-02T15:59:00,,2026-02-15T00:00:00
2025-12-02,D-10,Diesel,Diesel,Class6_Box,DUTY_REG_03,D3_Regional,212.3,8.4,2960,0.74,7,566,07:15,15:39,15.3,3.9,Rain,1.6,Completed,0,0.0,56.9,,,,,,,,,None,,Not_Installed_Diesel,Quarter_End,2025-12-02T15:59:00,,2026-02-15T00:00:00
2025-12-03,EV-01,Electric,Electric,Class6_Box,DUTY_URB_01,D1_Urban,81.6,6.0,2800,0.70,29,128,07:30,13:30,17.5,5.1,Dry,0.0,Completed,0,0.0,,141.9,10.3,152.2,173.0,100.0,23.9,CHG-01,50.0,Enhanced_Telemetry,142.4,Received_Valid,Immediate_CAN_Bus,2025-12-03T13:59:00,2025-12-03T13:35:00,2025-12-03T13:35:00
2025-12-03,EV-02,Electric,Electric,Class6_Box,DUTY_URB_02,D1_Urban,84.9,5.7,3360,0.84,29,136,07:15,12:57,18.1,5.1,Dry,0.0,Completed,0,0.0,,142.6,10.6,153.2,174.1,100.0,23.4,CHG-02,50.0,Enhanced_Telemetry,142.5,Received_Valid,Immediate_CAN_Bus,2025-12-03T12:59:00,2025-12-03T12:59:00,2025-12-03T12:59:00
2025-12-03,EV-03,Electric,Electric,Class6_Box,DUTY_URB_03,D1_Urban,85.7,5.6,3000,0.75,29,141,07:15,12:51,18.1,5.1,Dry,0.0,Completed,0,0.0,,152.8,12.0,164.8,187.3,100.0,17.6,CHG-01,50.0,Baseline_Meter,,Not_Subscribed_Baseline,Quarter_End,2025-12-03T12:59:00,,2026-02-15T00:00:00
2025-12-03,D-04,Diesel,Diesel,Class6_Box,DUTY_SUB_01,D2_Suburban,136.0,6.4,3000,0.75,15,261,07:15,13:39,17.4,5.1,Dry,0.0,Completed,0,0.0,38.1,,,,,,,,,None,,Not_Installed_Diesel,Quarter_End,2025-12-03T13:59:00,,2026-02-15T00:00:00
2025-12-03,D-05,Diesel,Diesel,Class6_Box,DUTY_SUB_02,D2_Suburban,136.1,6.5,3000,0.75,13,307,07:00,13:30,17.5,5.1,Dry,0.0,Completed,0,0.0,38.4,,,,,,,,,None,,Not_Installed_Diesel,Quarter_End,2025-12-03T13:59:00,,2026-02-15T00:00:00
2025-12-03,D-06,Diesel,Diesel,Class6_Box,DUTY_SUB_03,D2_Suburban,134.5,6.5,3080,0.77,17,303,07:30,14:00,17.0,5.1,Dry,0.0,Completed,0,0.0,37.7,,,,,,,,,None,,Not_Installed_Diesel,Quarter_End,2025-12-03T14:30:00,,2026-02-15T00:00:00
2025-12-03,D-07,Diesel,Diesel,Class6_Box,DUTY_SUB_04,D2_Suburban,137.4,6.4,2880,0.72,12,259,07:15,13:39,17.4,5.1,Dry,0.0,Completed,0,0.0,38.1,,,,,,,,,None,,Not_Installed_Diesel,Quarter_End,2025-12-03T13:59:00,,2026-02-15T00:00:00
2025-12-03,D-08,Diesel,Diesel,Class6_Box,DUTY_REG_01,D3_Regional,208.1,7.6,3000,0.75,6,500,07:00,14:36,16.4,5.1,Dry,0.0,Completed,0,0.0,56.8,,,,,,,,,None,,Not_Installed_Diesel,Quarter_End,2025-12-03T14:59:00,,2026-02-15T00:00:00
2025-12-03,D-09,Diesel,Diesel,Class6_Box,DUTY_REG_02,D3_Regional,208.2,7.6,2840,0.71,5,489,07:00,14:36,16.4,5.1,Dry,0.0,Completed,0,0.0,56.9,,,,,,,,,None,,Not_Installed_Diesel,Quarter_End,2025-12-03T14:59:00,,2026-02-15T00:00:00
2025-12-03,D-10,Diesel,Diesel,Class6_Box,DUTY_REG_03,D3_Regional,211.3,7.7,3040,0.76,6,534,07:15,14:57,16.1,5.1,Dry,0.0,Completed,0,0.0,57.6,,,,,,,,,None,,Not_Installed_Diesel,Quarter_End,2025-12-03T14:59:00,,2026-02-15T00:00:00
2025-12-04,EV-01,Electric,Electric,Class6_Box,DUTY_URB_01,D1_Urban,84.8,6.1,2720,0.68,33,149,07:00,13:06,17.9,11.7,Dry,0.0,Completed,0,0.0,,153.6,8.0,161.6,183.6,100.0,19.2,CHG-01,50.0,Enhanced_Telemetry,154.0,Received_Valid,Immediate_CAN_Bus,2025-12-04T13:36:00,2025-12-04T13:11:00,2025-12-04T13:11:00
2025-12-04,EV-02,Electric,Electric,Class6_Box,DUTY_URB_02,D1_Urban,85.0,5.8,3280,0.82,25,145,07:30,13:18,17.7,11.7,Dry,0.0,Completed,0,0.0,,151.4,8.2,159.6,181.4,100.0,20.2,CHG-02,50.0,Enhanced_Telemetry,151.3,Received_Valid,Immediate_CAN_Bus,2025-12-04T13:48:00,2025-12-04T13:23:00,2025-12-04T13:23:00
2025-12-04,EV-03,Electric,Electric,Class6_Box,DUTY_URB_03,D1_Urban,83.9,5.8,3160,0.79,32,134,07:00,12:48,18.2,11.7,Dry,0.0,Completed,0,0.0,,143.7,7.4,151.1,171.7,100.0,24.5,CHG-01,50.0,Baseline_Meter,,Not_Subscribed_Baseline,Quarter_End,2025-12-04T12:59:00,,2026-02-15T00:00:00
2025-12-04,D-04,Diesel,Diesel,Class6_Box,DUTY_SUB_01,D2_Suburban,134.2,6.1,3000,0.75,14,268,07:15,13:21,17.6,11.7,Dry,0.0,Completed,0,0.0,37.4,,,,,,,,,None,,Not_Installed_Diesel,Quarter_End,2025-12-04T13:51:00,,2026-02-15T00:00:00
2025-12-04,D-05,Diesel,Diesel,Class6_Box,DUTY_SUB_02,D2_Suburban,134.2,6.5,2640,0.66,12,276,07:15,13:45,17.2,11.7,Dry,0.0,Completed,0,0.0,38.1,,,,,,,,,None,,Not_Installed_Diesel,Quarter_End,2025-12-04T13:59:00,,2026-02-15T00:00:00
2025-12-04,D-06,Diesel,Diesel,Class6_Box,DUTY_SUB_03,D2_Suburban,136.4,6.3,2760,0.69,19,312,07:00,13:18,17.7,11.7,Dry,0.0,Completed,0,0.0,37.7,,,,,,,,,None,,Not_Installed_Diesel,Quarter_End,2025-12-04T13:48:00,,2026-02-15T00:00:00
2025-12-04,D-07,Diesel,Diesel,Class6_Box,DUTY_SUB_04,D2_Suburban,134.8,6.4,2800,0.70,14,292,07:00,13:24,17.6,11.7,Dry,0.0,Completed,0,0.0,37.5,,,,,,,,,None,,Not_Installed_Diesel,Quarter_End,2025-12-04T13:54:00,,2026-02-15T00:00:00
2025-12-04,D-08,Diesel,Diesel,Class6_Box,DUTY_REG_01,D3_Regional,211.1,7.6,2960,0.74,7,528,07:00,14:36,16.4,11.7,Dry,0.0,Completed,0,0.0,57.0,,,,,,,,,None,,Not_Installed_Diesel,Quarter_End,2025-12-04T14:59:00,,2026-02-15T00:00:00
2025-12-04,D-09,Diesel,Diesel,Class6_Box,DUTY_REG_02,D3_Regional,207.3,8.2,3040,0.76,8,489,07:15,15:26,15.6,11.7,Dry,0.0,Completed,0,0.0,57.3,,,,,,,,,None,,Not_Installed_Diesel,Quarter_End,2025-12-04T15:56:00,,2026-02-15T00:00:00
2025-12-04,D-10,Diesel,Diesel,Class6_Box,DUTY_REG_03,D3_Regional,213.8,7.5,2760,0.69,5,549,07:30,15:00,16.0,11.7,Dry,0.0,Completed,0,0.0,56.3,,,,,,,,,None,,Not_Installed_Diesel,Quarter_End,2025-12-04T15:30:00,,2026-02-15T00:00:00
2025-12-05,EV-01,Electric,Electric,Class6_Box,DUTY_URB_01,D1_Urban,83.3,5.5,3080,0.77,30,150,07:15,12:45,18.2,9.1,Dry,0.0,Completed,0,0.0,,150.9,9.9,160.8,182.7,100.0,19.6,CHG-01,50.0,Enhanced_Telemetry,151.3,Received_Valid,Immediate_CAN_Bus,2025-12-05T12:59:00,2025-12-05T12:50:00,2025-12-05T12:50:00
2025-12-05,EV-02,Electric,Electric,Class6_Box,DUTY_URB_02,D1_Urban,85.8,5.6,2880,0.72,31,139,07:15,12:51,18.1,9.1,Dry,0.0,Completed,0,0.0,,147.0,9.7,156.7,178.1,100.0,21.7,CHG-02,50.0,Enhanced_Telemetry,146.3,Received_Valid,Immediate_CAN_Bus,2025-12-05T12:59:00,2025-12-05T12:56:00,2025-12-05T12:56:00
2025-12-05,EV-03,Electric,Electric,Class6_Box,DUTY_URB_03,D1_Urban,87.2,5.6,2640,0.66,35,135,07:00,12:36,18.4,9.1,Dry,0.0,Completed,0,0.0,,149.6,9.4,159.0,180.7,100.0,20.5,CHG-01,50.0,Baseline_Meter,,Not_Subscribed_Baseline,Quarter_End,2025-12-05T12:59:00,,2026-02-15T00:00:00
2025-12-05,D-04,Diesel,Diesel,Class6_Box,DUTY_SUB_01,D2_Suburban,135.4,6.3,2920,0.73,13,263,07:30,13:48,17.2,9.1,Dry,0.0,Completed,0,0.0,38.0,,,,,,,,,None,,Not_Installed_Diesel,Quarter_End,2025-12-05T13:59:00,,2026-02-15T00:00:00
2025-12-05,D-05,Diesel,Diesel,Class6_Box,DUTY_SUB_02,D2_Suburban,134.7,6.6,3000,0.75,15,278,07:00,13:36,17.4,9.1,Dry,0.0,Completed,0,0.0,37.9,,,,,,,,,None,,Not_Installed_Diesel,Quarter_End,2025-12-05T13:59:00,,2026-02-15T00:00:00
2025-12-05,D-06,Diesel,Diesel,Class6_Box,DUTY_SUB_03,D2_Suburban,138.4,7.1,2720,0.68,19,293,07:00,14:06,16.9,9.1,Dry,0.0,Completed,0,0.0,39.0,,,,,,,,,None,,Not_Installed_Diesel,Quarter_End,2025-12-05T14:36:00,,2026-02-15T00:00:00
2025-12-05,D-07,Diesel,Diesel,Class6_Box,DUTY_SUB_04,D2_Suburban,136.3,6.3,2400,0.60,11,271,07:15,13:33,17.4,9.1,Dry,0.0,Completed,0,0.0,37.4,,,,,,,,,None,,Not_Installed_Diesel,Quarter_End,2025-12-05T13:59:00,,2026-02-15T00:00:00
2025-12-05,D-08,Diesel,Diesel,Class6_Box,DUTY_REG_01,D3_Regional,208.4,7.7,2760,0.69,5,539,07:30,15:12,15.8,9.1,Dry,0.0,Completed,0,0.0,56.6,,,,,,,,,None,,Not_Installed_Diesel,Quarter_End,2025-12-05T15:42:00,,2026-02-15T00:00:00
2025-12-05,D-09,Diesel,Diesel,Class6_Box,DUTY_REG_02,D3_Regional,210.8,7.1,2600,0.65,7,490,07:30,14:36,16.4,9.1,Dry,0.0,Completed,0,0.0,57.2,,,,,,,,,None,,Not_Installed_Diesel,Quarter_End,2025-12-05T14:59:00,,2026-02-15T00:00:00
2025-12-05,D-10,Diesel,Diesel,Class6_Box,DUTY_REG_03,D3_Regional,211.9,7.9,2720,0.68,10,540,07:30,15:24,15.6,9.1,Dry,0.0,Completed,0,0.0,57.3,,,,,,,,,None,,Not_Installed_Diesel,Quarter_End,2025-12-05T15:54:00,,2026-02-15T00:00:00
2025-12-08,EV-01,Electric,Electric,Class6_Box,DUTY_URB_01,D1_Urban,84.7,5.8,3080,0.77,27,160,07:15,13:03,17.9,3.0,Rain,4.0,Completed,0,0.0,,149.2,10.0,159.2,180.9,100.0,20.4,CHG-01,50.0,Enhanced_Telemetry,149.8,Received_Valid,Immediate_CAN_Bus,2025-12-08T13:33:00,2025-12-08T13:08:00,2025-12-08T13:08:00
2025-12-08,EV-02,Electric,Electric,Class6_Box,DUTY_URB_02,D1_Urban,86.4,5.9,2560,0.64,27,131,07:30,13:24,17.6,3.0,Rain,4.0,Completed,0,0.0,,156.3,11.1,167.4,190.2,100.0,16.3,CHG-02,50.0,Enhanced_Telemetry,156.1,Received_Valid,Immediate_CAN_Bus,2025-12-08T13:54:00,2025-12-08T13:29:00,2025-12-08T13:29:00
2025-12-08,EV-03,Electric,Electric,Class6_Box,DUTY_URB_03,D1_Urban,83.1,5.7,2840,0.71,34,128,07:15,12:57,18.1,3.0,Rain,4.0,Completed,0,0.0,,141.7,12.0,153.7,174.7,100.0,23.2,CHG-01,50.0,Baseline_Meter,,Not_Subscribed_Baseline,Quarter_End,2025-12-08T12:59:00,,2026-02-15T00:00:00
2025-12-08,D-04,Diesel,Diesel,Class6_Box,DUTY_SUB_01,D2_Suburban,132.9,6.1,2720,0.68,15,280,07:00,13:06,17.9,3.0,Rain,4.0,Completed,0,0.0,37.2,,,,,,,,,None,,Not_Installed_Diesel,Quarter_End,2025-12-08T13:36:00,,2026-02-15T00:00:00
2025-12-08,D-05,Diesel,Diesel,Class6_Box,DUTY_SUB_02,D2_Suburban,132.3,6.6,3040,0.76,14,299,07:30,14:06,16.9,3.0,Rain,4.0,Completed,0,0.0,37.4,,,,,,,,,None,,Not_Installed_Diesel,Quarter_End,2025-12-08T14:36:00,,2026-02-15T00:00:00
2025-12-08,D-06,Diesel,Diesel,Class6_Box,DUTY_SUB_03,D2_Suburban,136.2,6.9,2680,0.67,14,301,07:00,13:54,17.1,3.0,Rain,4.0,Completed,0,0.0,38.2,,,,,,,,,None,,Not_Installed_Diesel,Quarter_End,2025-12-08T13:59:00,,2026-02-15T00:00:00
2025-12-08,D-07,Diesel,Diesel,Class6_Box,DUTY_SUB_04,D2_Suburban,134.0,6.3,2960,0.74,12,284,07:15,13:33,17.4,3.0,Rain,4.0,Completed,0,0.0,38.5,,,,,,,,,None,,Not_Installed_Diesel,Quarter_End,2025-12-08T13:59:00,,2026-02-15T00:00:00
2025-12-08,D-08,Diesel,Diesel,Class6_Box,DUTY_REG_01,D3_Regional,212.4,7.9,2640,0.66,3,523,07:15,15:09,15.8,3.0,Rain,4.0,Completed,0,0.0,57.1,,,,,,,,,None,,Not_Installed_Diesel,Quarter_End,2025-12-08T15:39:00,,2026-02-15T00:00:00
2025-12-08,D-09,Diesel,Diesel,Class6_Box,DUTY_REG_02,D3_Regional,208.0,7.5,3120,0.78,3,489,07:00,14:30,16.5,3.0,Rain,4.0,Completed,0,0.0,56.7,,,,,,,,,None,,Not_Installed_Diesel,Quarter_End,2025-12-08T14:59:00,,2026-02-15T00:00:00
2025-12-08,D-10,Diesel,Diesel,Class6_Box,DUTY_REG_03,D3_Regional,212.6,7.4,2840,0.71,7,563,07:00,14:24,16.6,3.0,Rain,4.0,Completed,0,0.0,56.1,,,,,,,,,None,,Not_Installed_Diesel,Quarter_End,2025-12-08T14:54:00,,2026-02-15T00:00:00
2025-12-09,EV-01,Electric,Electric,Class6_Box,DUTY_URB_01,D1_Urban,83.3,6.1,2720,0.68,32,139,07:00,13:06,17.9,1.8,Dry,0.0,Completed,0,0.0,,144.1,10.6,154.7,175.8,100.0,22.7,CHG-01,50.0,Enhanced_Telemetry,143.4,Received_Valid,Immediate_CAN_Bus,2025-12-09T13:36:00,2025-12-09T13:11:00,2025-12-09T13:11:00
2025-12-09,EV-02,Electric,Electric,Class6_Box,DUTY_URB_02,D1_Urban,81.2,5.6,2880,0.72,28,142,07:00,12:36,18.4,1.8,Dry,0.0,Completed,0,0.0,,144.0,13.2,157.2,178.6,100.0,21.4,CHG-02,50.0,Enhanced_Telemetry,143.2,Received_Valid,Immediate_CAN_Bus,2025-12-09T12:59:00,2025-12-09T12:41:00,2025-12-09T12:41:00
2025-12-09,EV-03,Electric,Electric,Class6_Box,DUTY_URB_03,D1_Urban,85.7,5.8,2920,0.73,32,133,07:30,13:18,17.7,1.8,Dry,0.0,Completed,0,0.0,,148.8,13.1,161.9,184.0,100.0,19.0,CHG-01,50.0,Baseline_Meter,,Not_Subscribed_Baseline,Quarter_End,2025-12-09T13:48:00,,2026-02-15T00:00:00
2025-12-09,D-04,Diesel,Diesel,Class6_Box,DUTY_SUB_01,D2_Suburban,132.7,6.4,2880,0.72,16,264,07:15,13:39,17.4,1.8,Dry,0.0,Completed,0,0.0,38.4,,,,,,,,,None,,Not_Installed_Diesel,Quarter_End,2025-12-09T13:59:00,,2026-02-15T00:00:00
2025-12-09,D-05,Diesel,Diesel,Class6_Box,DUTY_SUB_02,D2_Suburban,134.1,6.3,3040,0.76,15,299,07:30,13:48,17.2,1.8,Dry,0.0,Completed,0,0.0,38.0,,,,,,,,,None,,Not_Installed_Diesel,Quarter_End,2025-12-09T13:59:00,,2026-02-15T00:00:00
2025-12-09,D-06,Diesel,Diesel,Class6_Box,DUTY_SUB_03,D2_Suburban,135.8,6.7,2880,0.72,16,316,07:30,14:12,16.8,1.8,Dry,0.0,Completed,0,0.0,38.1,,,,,,,,,None,,Not_Installed_Diesel,Quarter_End,2025-12-09T14:42:00,,2026-02-15T00:00:00
2025-12-09,D-07,Diesel,Diesel,Class6_Box,DUTY_SUB_04,D2_Suburban,133.4,6.4,2760,0.69,12,257,07:15,13:39,17.4,1.8,Dry,0.0,Completed,0,0.0,37.3,,,,,,,,,None,,Not_Installed_Diesel,Quarter_End,2025-12-09T13:59:00,,2026-02-15T00:00:00
2025-12-09,D-08,Diesel,Diesel,Class6_Box,DUTY_REG_01,D3_Regional,209.7,7.7,2520,0.63,3,533,07:30,15:12,15.8,1.8,Dry,0.0,Completed,0,0.0,56.0,,,,,,,,,None,,Not_Installed_Diesel,Quarter_End,2025-12-09T15:42:00,,2026-02-15T00:00:00
2025-12-09,D-09,Diesel,Diesel,Class6_Box,DUTY_REG_02,D3_Regional,204.3,8.2,2760,0.69,8,505,07:15,15:26,15.6,1.8,Dry,0.0,Completed,0,0.0,57.2,,,,,,,,,None,,Not_Installed_Diesel,Quarter_End,2025-12-09T15:56:00,,2026-02-15T00:00:00
2025-12-09,D-10,Diesel,Diesel,Class6_Box,DUTY_REG_03,D3_Regional,213.7,7.8,2200,0.55,4,548,07:15,15:03,15.9,1.8,Dry,0.0,Completed,0,0.0,57.4,,,,,,,,,None,,Not_Installed_Diesel,Quarter_End,2025-12-09T15:33:00,,2026-02-15T00:00:00
2025-12-10,EV-01,Electric,Electric,Class6_Box,DUTY_URB_01,D1_Urban,84.6,5.4,2960,0.74,27,154,07:30,12:54,18.1,5.6,Dry,0.0,Completed,0,0.0,,153.9,8.8,162.7,184.9,100.0,18.7,CHG-01,50.0,Enhanced_Telemetry,154.3,Received_Valid,Immediate_CAN_Bus,2025-12-10T12:59:00,2025-12-10T12:59:00,2025-12-10T12:59:00
2025-12-10,EV-02,Electric,Electric,Class6_Box,DUTY_URB_02,D1_Urban,81.8,5.6,2720,0.68,27,153,07:30,13:06,17.9,5.6,Dry,0.0,Completed,0,0.0,,144.2,11.9,156.1,177.4,100.0,22.0,CHG-02,50.0,Enhanced_Telemetry,144.6,Received_Valid,Immediate_CAN_Bus,2025-12-10T13:36:00,2025-12-10T13:11:00,2025-12-10T13:11:00
2025-12-10,EV-03,Electric,Electric,Class6_Box,DUTY_URB_03,D1_Urban,83.5,6.0,2800,0.70,34,151,07:30,13:30,17.5,5.6,Dry,0.0,Completed,0,0.0,,146.5,10.2,156.7,178.1,100.0,21.7,CHG-01,50.0,Baseline_Meter,,Not_Subscribed_Baseline,Quarter_End,2025-12-10T13:59:00,,2026-02-15T00:00:00
2025-12-10,D-04,Diesel,Diesel,Class6_Box,DUTY_SUB_01,D2_Suburban,134.8,6.2,2520,0.63,19,285,07:00,13:12,17.8,5.6,Dry,0.0,Completed,0,0.0,37.2,,,,,,,,,None,,Not_Installed_Diesel,Quarter_End,2025-12-10T13:42:00,,2026-02-15T00:00:00
2025-12-10,D-05,Diesel,Diesel,Class6_Box,DUTY_SUB_02,D2_Suburban,136.1,7.1,3080,0.77,12,272,07:15,14:21,16.6,5.6,Dry,0.0,Completed,0,0.0,37.9,,,,,,,,,None,,Not_Installed_Diesel,Quarter_End,2025-12-10T14:51:00,,2026-02-15T00:00:00
2025-12-10,D-06,Diesel,Diesel,Class6_Box,DUTY_SUB_03,D2_Suburban,133.2,6.6,3240,0.81,14,314,07:15,13:51,17.1,5.6,Dry,0.0,Completed,0,0.0,37.7,,,,,,,,,None,,Not_Installed_Diesel,Quarter_End,2025-12-10T13:59:00,,2026-02-15T00:00:00
2025-12-10,D-07,Diesel,Diesel,Class6_Box,DUTY_SUB_04,D2_Suburban,132.9,6.4,3080,0.77,11,261,07:00,13:24,17.6,5.6,Dry,0.0,Completed,0,0.0,37.5,,,,,,,,,None,,Not_Installed_Diesel,Quarter_End,2025-12-10T13:54:00,,2026-02-15T00:00:00
2025-12-10,D-08,Diesel,Diesel,Class6_Box,DUTY_REG_01,D3_Regional,212.4,7.6,3600,0.90,7,502,07:30,15:06,15.9,5.6,Dry,0.0,Outsourced,1,420.0,,,,,,,,,,None,,Not_Applicable_Outsourced,Quarter_End,2025-12-10T15:36:00,,2025-12-10T15:36:00
2025-12-10,D-09,Diesel,Diesel,Class6_Box,DUTY_REG_02,D3_Regional,208.7,8.0,2720,0.68,3,489,07:00,15:00,16.0,5.6,Dry,0.0,Completed,0,0.0,56.0,,,,,,,,,None,,Not_Installed_Diesel,Quarter_End,2025-12-10T15:30:00,,2026-02-15T00:00:00
2025-12-10,D-10,Diesel,Diesel,Class6_Box,DUTY_REG_03,D3_Regional,211.5,8.0,2880,0.72,5,550,07:00,15:00,16.0,5.6,Dry,0.0,Completed,0,0.0,56.9,,,,,,,,,None,,Not_Installed_Diesel,Quarter_End,2025-12-10T15:30:00,,2026-02-15T00:00:00
2025-12-11,EV-01,Electric,Electric,Class6_Box,DUTY_URB_01,D1_Urban,89.4,6.3,2800,0.70,31,146,07:15,13:33,17.4,2.7,Cold_Wind,0.0,Completed,0,0.0,,159.0,12.6,171.6,195.0,100.0,14.2,CHG-01,50.0,Enhanced_Telemetry,159.6,Received_Valid,Immediate_CAN_Bus,2025-12-11T13:59:00,2025-12-11T13:38:00,2025-12-11T13:38:00
2025-12-11,EV-02,Electric,Electric,Class6_Box,DUTY_URB_02,D1_Urban,86.2,5.8,3080,0.77,28,135,07:30,13:18,17.7,2.7,Cold_Wind,0.0,Completed,0,0.0,,150.6,11.9,162.5,184.7,100.0,18.8,CHG-02,50.0,Enhanced_Telemetry,150.7,Received_Valid,Immediate_CAN_Bus,2025-12-11T13:48:00,2025-12-11T13:23:00,2025-12-11T13:23:00
2025-12-11,EV-03,Electric,Electric,Class6_Box,DUTY_URB_03,D1_Urban,87.2,6.0,3280,0.82,32,153,07:00,13:00,18.0,2.7,Cold_Wind,0.0,Completed,0,0.0,,145.0,12.0,157.0,178.4,100.0,21.5,CHG-01,50.0,Baseline_Meter,,Not_Subscribed_Baseline,Quarter_End,2025-12-11T13:30:00,,2026-02-15T00:00:00
2025-12-11,D-04,Diesel,Diesel,Class6_Box,DUTY_SUB_01,D2_Suburban,133.8,6.8,2680,0.67,14,292,07:00,13:48,17.2,2.7,Cold_Wind,0.0,Completed,0,0.0,38.1,,,,,,,,,None,,Not_Installed_Diesel,Quarter_End,2025-12-11T13:59:00,,2026-02-15T00:00:00
2025-12-11,D-05,Diesel,Diesel,Class6_Box,DUTY_SUB_02,D2_Suburban,135.2,6.6,2840,0.71,16,305,07:30,14:06,16.9,2.7,Cold_Wind,0.0,Completed,0,0.0,37.9,,,,,,,,,None,,Not_Installed_Diesel,Quarter_End,2025-12-11T14:36:00,,2026-02-15T00:00:00
2025-12-11,D-06,Diesel,Diesel,Class6_Box,DUTY_SUB_03,D2_Suburban,136.7,6.4,3000,0.75,18,308,07:15,13:39,17.4,2.7,Cold_Wind,0.0,Completed,0,0.0,39.0,,,,,,,,,None,,Not_Installed_Diesel,Quarter_End,2025-12-11T13:59:00,,2026-02-15T00:00:00
2025-12-11,D-07,Diesel,Diesel,Class6_Box,DUTY_SUB_04,D2_Suburban,132.2,6.4,2880,0.72,12,259,07:15,13:39,17.4,2.7,Cold_Wind,0.0,Completed,0,0.0,38.7,,,,,,,,,None,,Not_Installed_Diesel,Quarter_End,2025-12-11T13:59:00,,2026-02-15T00:00:00
2025-12-11,D-08,Diesel,Diesel,Class6_Box,DUTY_REG_01,D3_Regional,211.5,7.4,2800,0.70,6,524,07:30,14:54,16.1,2.7,Cold_Wind,0.0,Completed,0,0.0,57.1,,,,,,,,,None,,Not_Installed_Diesel,Quarter_End,2025-12-11T14:59:00,,2026-02-15T00:00:00
2025-12-11,D-09,Diesel,Diesel,Class6_Box,DUTY_REG_02,D3_Regional,207.0,7.8,2480,0.62,2,486,07:00,14:48,16.2,2.7,Cold_Wind,0.0,Completed,0,0.0,57.3,,,,,,,,,None,,Not_Installed_Diesel,Quarter_End,2025-12-11T14:59:00,,2026-02-15T00:00:00
2025-12-11,D-10,Diesel,Diesel,Class6_Box,DUTY_REG_03,D3_Regional,209.1,7.6,2640,0.66,10,554,07:30,15:06,15.9,2.7,Cold_Wind,0.0,Completed,0,0.0,57.4,,,,,,,,,None,,Not_Installed_Diesel,Quarter_End,2025-12-11T15:36:00,,2026-02-15T00:00:00
2025-12-12,EV-01,Electric,Electric,Class6_Box,DUTY_URB_01,D1_Urban,85.2,5.9,2880,0.72,27,134,07:00,12:54,18.1,1.9,Dry,0.0,Completed,0,0.0,,151.9,12.1,164.0,186.4,100.0,18.0,CHG-01,50.0,Enhanced_Telemetry,151.3,Received_Valid,Immediate_CAN_Bus,2025-12-12T12:59:00,2025-12-12T12:59:00,2025-12-12T12:59:00
2025-12-12,EV-02,Electric,Electric,Class6_Box,DUTY_URB_02,D1_Urban,81.7,5.5,3440,0.86,27,120,07:30,13:00,18.0,1.9,Dry,0.0,Completed,0,0.0,,142.4,11.5,153.9,174.9,100.0,23.0,CHG-02,50.0,Enhanced_Telemetry,142.0,Received_Valid,Immediate_CAN_Bus,2025-12-12T13:30:00,2025-12-12T13:05:00,2025-12-12T13:05:00
2025-12-12,EV-03,Electric,Electric,Class6_Box,DUTY_URB_03,D1_Urban,85.3,6.0,3280,0.82,31,151,07:00,13:00,18.0,1.9,Dry,0.0,Completed,0,0.0,,149.3,12.8,162.1,184.2,100.0,19.0,CHG-01,50.0,Baseline_Meter,,Not_Subscribed_Baseline,Quarter_End,2025-12-12T13:30:00,,2026-02-15T00:00:00
2025-12-12,D-04,Diesel,Diesel,Class6_Box,DUTY_SUB_01,D2_Suburban,137.2,6.4,2920,0.73,13,276,07:15,13:39,17.4,1.9,Dry,0.0,Completed,0,0.0,38.1,,,,,,,,,None,,Not_Installed_Diesel,Quarter_End,2025-12-12T13:59:00,,2026-02-15T00:00:00
2025-12-12,D-05,Diesel,Diesel,Class6_Box,DUTY_SUB_02,D2_Suburban,133.9,6.3,2680,0.67,14,273,07:00,13:18,17.7,1.9,Dry,0.0,Completed,0,0.0,37.8,,,,,,,,,None,,Not_Installed_Diesel,Quarter_End,2025-12-12T13:48:00,,2026-02-15T00:00:00
2025-12-12,D-06,Diesel,Diesel,Class6_Box,DUTY_SUB_03,D2_Suburban,138.5,6.9,2840,0.71,18,304,07:00,13:54,17.1,1.9,Dry,0.0,Completed,0,0.0,38.6,,,,,,,,,None,,Not_Installed_Diesel,Quarter_End,2025-12-12T13:59:00,,2026-02-15T00:00:00
2025-12-12,D-07,Diesel,Diesel,Class6_Box,DUTY_SUB_04,D2_Suburban,136.2,6.3,3120,0.78,13,259,07:00,13:18,17.7,1.9,Dry,0.0,Completed,0,0.0,37.8,,,,,,,,,None,,Not_Installed_Diesel,Quarter_End,2025-12-12T13:48:00,,2026-02-15T00:00:00
2025-12-12,D-08,Diesel,Diesel,Class6_Box,DUTY_REG_01,D3_Regional,210.7,8.1,2960,0.74,6,515,07:00,15:06,15.9,1.9,Dry,0.0,Completed,0,0.0,57.0,,,,,,,,,None,,Not_Installed_Diesel,Quarter_End,2025-12-12T15:36:00,,2026-02-15T00:00:00
2025-12-12,D-09,Diesel,Diesel,Class6_Box,DUTY_REG_02,D3_Regional,207.8,7.8,2680,0.67,4,484,07:15,15:03,15.9,1.9,Dry,0.0,Completed,0,0.0,56.3,,,,,,,,,None,,Not_Installed_Diesel,Quarter_End,2025-12-12T15:33:00,,2026-02-15T00:00:00
2025-12-12,D-10,Diesel,Diesel,Class6_Box,DUTY_REG_03,D3_Regional,211.7,7.5,2720,0.68,9,567,07:30,15:00,16.0,1.9,Dry,0.0,Completed,0,0.0,56.8,,,,,,,,,None,,Not_Installed_Diesel,Quarter_End,2025-12-12T15:30:00,,2026-02-15T00:00:00
2025-12-15,EV-01,Electric,Electric,Class6_Box,DUTY_URB_01,D1_Urban,85.1,5.7,2880,0.72,27,149,07:00,12:42,18.3,5.5,Dry,0.0,Completed,0,0.0,,148.6,8.5,157.1,178.5,100.0,21.5,CHG-01,50.0,Enhanced_Telemetry,149.0,Received_Valid,Immediate_CAN_Bus,2025-12-15T12:59:00,2025-12-15T12:47:00,2025-12-15T12:47:00
2025-12-15,EV-02,Electric,Electric,Class6_Box,DUTY_URB_02,D1_Urban,86.5,5.6,3040,0.76,26,117,07:15,12:51,18.1,5.5,Dry,0.0,Completed,0,0.0,,149.7,10.7,160.4,182.3,100.0,19.8,CHG-02,50.0,Enhanced_Telemetry,150.1,Received_Valid,Immediate_CAN_Bus,2025-12-15T12:59:00,2025-12-15T12:56:00,2025-12-15T12:56:00
2025-12-15,EV-03,Electric,Electric,Class6_Box,DUTY_URB_03,D1_Urban,88.3,5.2,3400,0.85,31,164,07:15,12:27,18.6,5.5,Dry,0.0,Completed,0,0.0,,155.7,10.7,166.4,189.1,100.0,16.8,CHG-01,50.0,Baseline_Meter,,Not_Subscribed_Baseline,Quarter_End,2025-12-15T12:57:00,,2026-02-15T00:00:00
2025-12-15,D-04,Diesel,Diesel,Class6_Box,DUTY_SUB_01,D2_Suburban,136.7,6.4,3040,0.76,18,293,07:15,13:39,17.4,5.5,Dry,0.0,Completed,0,0.0,37.7,,,,,,,,,None,,Not_Installed_Diesel,Quarter_End,2025-12-15T13:59:00,,2026-02-15T00:00:00
2025-12-15,D-05,Diesel,Diesel,Class6_Box,DUTY_SUB_02,D2_Suburban,134.2,6.5,3040,0.76,18,271,07:15,13:45,17.2,5.5,Dry,0.0,Completed,0,0.0,38.5,,,,,,,,,None,,Not_Installed_Diesel,Quarter_End,2025-12-15T13:59:00,,2026-02-15T00:00:00
2025-12-15,D-06,Diesel,Diesel,Class6_Box,DUTY_SUB_03,D2_Suburban,136.9,6.4,2760,0.69,17,312,07:00,13:24,17.6,5.5,Dry,0.0,Completed,0,0.0,37.6,,,,,,,,,None,,Not_Installed_Diesel,Quarter_End,2025-12-15T13:54:00,,2026-02-15T00:00:00
2025-12-15,D-07,Diesel,Diesel,Class6_Box,DUTY_SUB_04,D2_Suburban,137.1,6.7,2920,0.73,15,274,07:00,13:42,17.3,5.5,Dry,0.0,Completed,0,0.0,38.1,,,,,,,,,None,,Not_Installed_Diesel,Quarter_End,2025-12-15T13:59:00,,2026-02-15T00:00:00
2025-12-15,D-08,Diesel,Diesel,Class6_Box,DUTY_REG_01,D3_Regional,209.5,7.6,2800,0.70,7,524,07:15,14:51,16.1,5.5,Dry,0.0,Completed,0,0.0,56.2,,,,,,,,,None,,Not_Installed_Diesel,Quarter_End,2025-12-15T14:59:00,,2026-02-15T00:00:00
2025-12-15,D-09,Diesel,Diesel,Class6_Box,DUTY_REG_02,D3_Regional,207.7,7.7,3480,0.87,7,475,07:15,14:57,16.1,5.5,Dry,0.0,Completed,0,0.0,56.2,,,,,,,,,None,,Not_Installed_Diesel,Quarter_End,2025-12-15T14:59:00,,2026-02-15T00:00:00
2025-12-15,D-10,Diesel,Diesel,Class6_Box,DUTY_REG_03,D3_Regional,212.3,7.9,2880,0.72,6,565,07:30,15:24,15.6,5.5,Dry,0.0,Completed,0,0.0,56.4,,,,,,,,,None,,Not_Installed_Diesel,Quarter_End,2025-12-15T15:54:00,,2026-02-15T00:00:00
2025-12-16,EV-01,Electric,Electric,Class6_Box,DUTY_URB_01,D1_Urban,85.7,5.9,2760,0.69,27,145,07:30,13:24,17.6,1.2,Dry,0.0,Completed,0,0.0,,145.6,13.1,158.7,180.3,100.0,20.7,CHG-01,50.0,Enhanced_Telemetry,146.5,Received_Valid,Immediate_CAN_Bus,2025-12-16T13:54:00,2025-12-16T13:29:00,2025-12-16T13:29:00
2025-12-16,EV-02,Electric,Electric,Class6_Box,DUTY_URB_02,D1_Urban,85.6,5.4,2800,0.70,25,121,07:15,12:39,18.4,1.2,Dry,0.0,Completed,0,0.0,,147.2,11.1,158.3,179.9,100.0,20.8,CHG-02,50.0,Enhanced_Telemetry,146.9,Received_Valid,Immediate_CAN_Bus,2025-12-16T12:59:00,2025-12-16T12:44:00,2025-12-16T12:44:00
2025-12-16,EV-03,Electric,Electric,Class6_Box,DUTY_URB_03,D1_Urban,85.2,5.7,2640,0.66,30,155,07:30,13:12,17.8,1.2,Dry,0.0,Completed,0,0.0,,139.7,11.4,151.1,171.7,100.0,24.5,CHG-01,50.0,Baseline_Meter,,Not_Subscribed_Baseline,Quarter_End,2025-12-16T13:42:00,,2026-02-15T00:00:00
2025-12-16,D-04,Diesel,Diesel,Class6_Box,DUTY_SUB_01,D2_Suburban,133.5,6.0,2600,0.65,13,281,07:00,13:00,18.0,1.2,Dry,0.0,Completed,0,0.0,37.8,,,,,,,,,None,,Not_Installed_Diesel,Quarter_End,2025-12-16T13:30:00,,2026-02-15T00:00:00
2025-12-16,D-05,Diesel,Diesel,Class6_Box,DUTY_SUB_02,D2_Suburban,135.3,6.4,3080,0.77,18,273,07:00,13:24,17.6,1.2,Dry,0.0,Completed,0,0.0,37.0,,,,,,,,,None,,Not_Installed_Diesel,Quarter_End,2025-12-16T13:54:00,,2026-02-15T00:00:00
2025-12-16,D-06,Diesel,Diesel,Class6_Box,DUTY_SUB_03,D2_Suburban,134.8,6.6,2560,0.64,14,298,07:00,13:36,17.4,1.2,Dry,0.0,Completed,0,0.0,37.3,,,,,,,,,None,,Not_Installed_Diesel,Quarter_End,2025-12-16T13:59:00,,2026-02-15T00:00:00
2025-12-16,D-07,Diesel,Diesel,Class6_Box,DUTY_SUB_04,D2_Suburban,134.0,6.5,2600,0.65,14,291,07:30,14:00,17.0,1.2,Dry,0.0,Completed,0,0.0,38.2,,,,,,,,,None,,Not_Installed_Diesel,Quarter_End,2025-12-16T14:30:00,,2026-02-15T00:00:00
2025-12-16,D-08,Diesel,Diesel,Class6_Box,DUTY_REG_01,D3_Regional,208.4,7.9,2840,0.71,5,516,07:30,15:24,15.6,1.2,Dry,0.0,Completed,0,0.0,56.7,,,,,,,,,None,,Not_Installed_Diesel,Quarter_End,2025-12-16T15:54:00,,2026-02-15T00:00:00
2025-12-16,D-09,Diesel,Diesel,Class6_Box,DUTY_REG_02,D3_Regional,205.2,8.0,2880,0.72,4,490,07:00,15:00,16.0,1.2,Dry,0.0,Completed,0,0.0,55.9,,,,,,,,,None,,Not_Installed_Diesel,Quarter_End,2025-12-16T15:30:00,,2026-02-15T00:00:00
2025-12-16,D-10,Diesel,Diesel,Class6_Box,DUTY_REG_03,D3_Regional,210.9,7.9,2960,0.74,9,555,07:15,15:09,15.8,1.2,Dry,0.0,Completed,0,0.0,56.3,,,,,,,,,None,,Not_Installed_Diesel,Quarter_End,2025-12-16T15:39:00,,2026-02-15T00:00:00
2025-12-17,EV-01,Electric,Electric,Class6_Box,DUTY_URB_01,D1_Urban,86.0,6.0,2800,0.70,33,127,07:00,13:00,18.0,10.4,Dry,0.0,Completed,0,0.0,,147.0,8.5,155.5,176.7,100.0,22.2,CHG-01,50.0,Enhanced_Telemetry,147.1,Received_Valid,Immediate_CAN_Bus,2025-12-17T13:30:00,2025-12-17T13:05:00,2025-12-17T13:05:00
2025-12-17,EV-02,Electric,Electric,Class6_Box,DUTY_URB_02,D1_Urban,84.1,5.7,2880,0.72,26,124,07:00,12:42,18.3,10.4,Dry,0.0,Completed,0,0.0,,148.2,7.7,155.9,177.2,100.0,22.0,CHG-02,50.0,Enhanced_Telemetry,148.0,Received_Valid,Immediate_CAN_Bus,2025-12-17T12:59:00,2025-12-17T12:47:00,2025-12-17T12:47:00
2025-12-17,EV-03,Electric,Electric,Class6_Box,DUTY_URB_03,D1_Urban,88.0,6.3,3040,0.76,30,165,07:00,13:18,17.7,10.4,Dry,0.0,Completed,0,0.0,,148.0,10.1,158.1,179.7,100.0,21.0,CHG-01,50.0,Baseline_Meter,,Not_Subscribed_Baseline,Quarter_End,2025-12-17T13:48:00,,2026-02-15T00:00:00
2025-12-17,D-04,Diesel,Diesel,Class6_Box,DUTY_SUB_01,D2_Suburban,132.8,6.2,3320,0.83,14,280,07:00,13:12,17.8,10.4,Dry,0.0,Completed,0,0.0,38.2,,,,,,,,,None,,Not_Installed_Diesel,Quarter_End,2025-12-17T13:42:00,,2026-02-15T00:00:00
2025-12-17,D-05,Diesel,Diesel,Class6_Box,DUTY_SUB_02,D2_Suburban,135.0,7.1,2920,0.73,17,297,07:15,14:21,16.6,10.4,Dry,0.0,Completed,0,0.0,38.6,,,,,,,,,None,,Not_Installed_Diesel,Quarter_End,2025-12-17T14:51:00,,2026-02-15T00:00:00
2025-12-17,D-06,Diesel,Diesel,Class6_Box,DUTY_SUB_03,D2_Suburban,137.4,6.8,2920,0.73,18,323,07:00,13:48,17.2,10.4,Dry,0.0,Completed,0,0.0,38.0,,,,,,,,,None,,Not_Installed_Diesel,Quarter_End,2025-12-17T13:59:00,,2026-02-15T00:00:00
2025-12-17,D-07,Diesel,Diesel,Class6_Box,DUTY_SUB_04,D2_Suburban,134.0,6.2,3200,0.80,17,295,07:00,13:12,17.8,10.4,Dry,0.0,Completed,0,0.0,38.9,,,,,,,,,None,,Not_Installed_Diesel,Quarter_End,2025-12-17T13:42:00,,2026-02-15T00:00:00
2025-12-17,D-08,Diesel,Diesel,Class6_Box,DUTY_REG_01,D3_Regional,211.3,7.8,2840,0.71,8,517,07:15,15:03,15.9,10.4,Dry,0.0,Completed,0,0.0,57.1,,,,,,,,,None,,Not_Installed_Diesel,Quarter_End,2025-12-17T15:33:00,,2026-02-15T00:00:00
2025-12-17,D-09,Diesel,Diesel,Class6_Box,DUTY_REG_02,D3_Regional,208.3,7.5,2800,0.70,3,490,07:00,14:30,16.5,10.4,Dry,0.0,Completed,0,0.0,55.8,,,,,,,,,None,,Not_Installed_Diesel,Quarter_End,2025-12-17T14:59:00,,2026-02-15T00:00:00
2025-12-17,D-10,Diesel,Diesel,Class6_Box,DUTY_REG_03,D3_Regional,209.6,7.9,3160,0.79,10,566,07:00,14:54,16.1,10.4,Dry,0.0,Completed,0,0.0,56.9,,,,,,,,,None,,Not_Installed_Diesel,Quarter_End,2025-12-17T14:59:00,,2026-02-15T00:00:00
2025-12-18,EV-01,Electric,Electric,Class6_Box,DUTY_URB_01,D1_Urban,88.2,5.7,2880,0.72,29,148,07:00,12:42,18.3,-1.0,Dry,0.0,Completed,0,0.0,,155.8,12.4,168.2,191.1,100.0,15.9,CHG-01,50.0,Enhanced_Telemetry,155.8,Received_Valid,Immediate_CAN_Bus,2025-12-18T12:59:00,2025-12-18T12:47:00,2025-12-18T12:47:00
2025-12-18,EV-02,Electric,Electric,Class6_Box,DUTY_URB_02,D1_Urban,84.4,5.1,3160,0.79,28,144,07:15,12:21,18.6,-1.0,Dry,0.0,Completed,0,0.0,,149.3,13.5,162.8,185.0,100.0,18.6,CHG-02,50.0,Enhanced_Telemetry,149.7,Received_Valid,Immediate_CAN_Bus,2025-12-18T12:51:00,2025-12-18T12:26:00,2025-12-18T12:26:00
2025-12-18,EV-03,Electric,Electric,Class6_Box,DUTY_URB_03,D1_Urban,85.8,5.9,2720,0.68,29,148,07:30,13:24,17.6,-1.0,Dry,0.0,Completed,0,0.0,,151.7,14.6,166.3,189.0,100.0,16.8,CHG-01,50.0,Baseline_Meter,,Not_Subscribed_Baseline,Quarter_End,2025-12-18T13:54:00,,2026-02-15T00:00:00
2025-12-18,D-04,Diesel,Diesel,Class6_Box,DUTY_SUB_01,D2_Suburban,135.2,6.6,3080,0.77,19,270,07:00,13:36,17.4,-1.0,Dry,0.0,Completed,0,0.0,37.2,,,,,,,,,None,,Not_Installed_Diesel,Quarter_End,2025-12-18T13:59:00,,2026-02-15T00:00:00
2025-12-18,D-05,Diesel,Diesel,Class6_Box,DUTY_SUB_02,D2_Suburban,135.2,6.8,2760,0.69,14,288,07:00,13:48,17.2,-1.0,Dry,0.0,Completed,0,0.0,38.2,,,,,,,,,None,,Not_Installed_Diesel,Quarter_End,2025-12-18T13:59:00,,2026-02-15T00:00:00
2025-12-18,D-06,Diesel,Diesel,Class6_Box,DUTY_SUB_03,D2_Suburban,134.1,6.1,2960,0.74,14,317,07:30,13:36,17.4,-1.0,Dry,0.0,Completed,0,0.0,37.0,,,,,,,,,None,,Not_Installed_Diesel,Quarter_End,2025-12-18T13:59:00,,2026-02-15T00:00:00
2025-12-18,D-07,Diesel,Diesel,Class6_Box,DUTY_SUB_04,D2_Suburban,137.8,6.6,2800,0.70,16,275,07:30,14:06,16.9,-1.0,Dry,0.0,Completed,0,0.0,38.1,,,,,,,,,None,,Not_Installed_Diesel,Quarter_End,2025-12-18T14:36:00,,2026-02-15T00:00:00
2025-12-18,D-08,Diesel,Diesel,Class6_Box,DUTY_REG_01,D3_Regional,210.2,7.6,2840,0.71,4,508,07:15,14:51,16.1,-1.0,Dry,0.0,Completed,0,0.0,57.0,,,,,,,,,None,,Not_Installed_Diesel,Quarter_End,2025-12-18T14:59:00,,2026-02-15T00:00:00
2025-12-18,D-09,Diesel,Diesel,Class6_Box,DUTY_REG_02,D3_Regional,209.6,7.9,2920,0.73,3,503,07:00,14:54,16.1,-1.0,Dry,0.0,Completed,0,0.0,56.6,,,,,,,,,None,,Not_Installed_Diesel,Quarter_End,2025-12-18T14:59:00,,2026-02-15T00:00:00
2025-12-18,D-10,Diesel,Diesel,Class6_Box,DUTY_REG_03,D3_Regional,211.1,8.0,2600,0.65,7,566,07:00,15:00,16.0,-1.0,Dry,0.0,Completed,0,0.0,56.7,,,,,,,,,None,,Not_Installed_Diesel,Quarter_End,2025-12-18T15:30:00,,2026-02-15T00:00:00
2025-12-19,EV-01,Electric,Electric,Class6_Box,DUTY_URB_01,D1_Urban,87.5,6.1,2520,0.63,33,147,07:15,13:21,17.6,10.2,Dry,0.0,Completed,0,0.0,,148.8,9.1,157.9,179.4,100.0,21.0,CHG-01,50.0,Enhanced_Telemetry,148.4,Received_Valid,Immediate_CAN_Bus,2025-12-19T13:51:00,2025-12-19T13:26:00,2025-12-19T13:26:00
2025-12-19,EV-02,Electric,Electric,Class6_Box,DUTY_URB_02,D1_Urban,83.4,5.7,3440,0.86,28,121,07:15,12:57,18.1,10.2,Dry,0.0,Completed,0,0.0,,142.4,10.0,152.4,173.2,100.0,23.8,CHG-02,50.0,Enhanced_Telemetry,143.2,Received_Valid,Immediate_CAN_Bus,2025-12-19T12:59:00,2025-12-19T12:59:00,2025-12-19T12:59:00
2025-12-19,EV-03,Electric,Electric,Class6_Box,DUTY_URB_03,D1_Urban,85.3,6.0,2680,0.67,31,131,07:30,13:30,17.5,10.2,Dry,0.0,Completed,0,0.0,,149.5,11.0,160.5,182.4,100.0,19.8,CHG-01,50.0,Baseline_Meter,,Not_Subscribed_Baseline,Quarter_End,2025-12-19T13:59:00,,2026-02-15T00:00:00
2025-12-19,D-04,Diesel,Diesel,Class6_Box,DUTY_SUB_01,D2_Suburban,134.0,6.3,3040,0.76,13,299,07:15,13:33,17.4,10.2,Dry,0.0,Completed,0,0.0,38.2,,,,,,,,,None,,Not_Installed_Diesel,Quarter_End,2025-12-19T13:59:00,,2026-02-15T00:00:00
2025-12-19,D-05,Diesel,Diesel,Class6_Box,DUTY_SUB_02,D2_Suburban,136.5,6.2,2760,0.69,14,280,07:00,13:12,17.8,10.2,Dry,0.0,Completed,0,0.0,37.4,,,,,,,,,None,,Not_Installed_Diesel,Quarter_End,2025-12-19T13:42:00,,2026-02-15T00:00:00
2025-12-19,D-06,Diesel,Diesel,Class6_Box,DUTY_SUB_03,D2_Suburban,139.1,6.3,2960,0.74,16,305,07:15,13:33,17.4,10.2,Dry,0.0,Completed,0,0.0,37.5,,,,,,,,,None,,Not_Installed_Diesel,Quarter_End,2025-12-19T13:59:00,,2026-02-15T00:00:00
2025-12-19,D-07,Diesel,Diesel,Class6_Box,DUTY_SUB_04,D2_Suburban,136.3,7.3,2800,0.70,17,267,07:00,14:18,16.7,10.2,Dry,0.0,Late,0,0.0,38.0,,,,,,,,,None,,Not_Installed_Diesel,Quarter_End,2025-12-19T14:48:00,,2026-02-15T00:00:00
2025-12-19,D-08,Diesel,Diesel,Class6_Box,DUTY_REG_01,D3_Regional,208.6,7.9,2640,0.66,8,534,07:30,15:24,15.6,10.2,Dry,0.0,Completed,0,0.0,58.3,,,,,,,,,None,,Not_Installed_Diesel,Quarter_End,2025-12-19T15:54:00,,2026-02-15T00:00:00
2025-12-19,D-09,Diesel,Diesel,Class6_Box,DUTY_REG_02,D3_Regional,208.9,7.7,3120,0.78,4,504,07:30,15:12,15.8,10.2,Dry,0.0,Completed,0,0.0,56.0,,,,,,,,,None,,Not_Installed_Diesel,Quarter_End,2025-12-19T15:42:00,,2026-02-15T00:00:00
2025-12-19,D-10,Diesel,Diesel,Class6_Box,DUTY_REG_03,D3_Regional,213.3,7.7,3360,0.84,5,568,07:00,14:42,16.3,10.2,Dry,0.0,Completed,0,0.0,56.6,,,,,,,,,None,,Not_Installed_Diesel,Quarter_End,2025-12-19T14:59:00,,2026-02-15T00:00:00
2025-12-22,EV-01,Electric,Electric,Class6_Box,DUTY_URB_01,D1_Urban,85.4,5.7,2640,0.66,32,142,07:15,12:57,18.1,-1.0,Snow,1.3,Completed,0,0.0,,148.0,13.7,161.7,183.8,100.0,19.2,CHG-01,50.0,Enhanced_Telemetry,148.0,Received_Valid,Immediate_CAN_Bus,2025-12-22T12:59:00,2025-12-22T12:59:00,2025-12-22T12:59:00
2025-12-22,EV-02,Electric,Electric,Class6_Box,DUTY_URB_02,D1_Urban,85.2,5.4,2720,0.68,25,134,07:15,12:39,18.4,-1.0,Snow,1.3,Completed,0,0.0,,140.0,15.6,155.6,176.8,100.0,22.2,CHG-02,50.0,Enhanced_Telemetry,139.6,Received_Valid,Immediate_CAN_Bus,2025-12-22T12:59:00,2025-12-22T12:44:00,2025-12-22T12:44:00
2025-12-22,EV-03,Electric,Electric,Class6_Box,DUTY_URB_03,D1_Urban,87.0,6.0,3360,0.84,33,161,07:30,13:30,17.5,-1.0,Snow,1.3,Completed,0,0.0,,151.4,13.1,164.5,186.9,100.0,17.8,CHG-01,50.0,Baseline_Meter,,Not_Subscribed_Baseline,Quarter_End,2025-12-22T13:59:00,,2026-02-15T00:00:00
2025-12-22,D-04,Diesel,Diesel,Class6_Box,DUTY_SUB_01,D2_Suburban,130.3,6.6,2840,0.71,19,273,07:00,13:36,17.4,-1.0,Snow,1.3,Completed,0,0.0,38.8,,,,,,,,,None,,Not_Installed_Diesel,Quarter_End,2025-12-22T13:59:00,,2026-02-15T00:00:00
2025-12-22,D-05,Diesel,Diesel,Class6_Box,DUTY_SUB_02,D2_Suburban,132.4,6.6,2720,0.68,12,278,07:30,14:06,16.9,-1.0,Snow,1.3,Completed,0,0.0,39.6,,,,,,,,,None,,Not_Installed_Diesel,Quarter_End,2025-12-22T14:36:00,,2026-02-15T00:00:00
2025-12-22,D-06,Diesel,Diesel,Class6_Box,DUTY_SUB_03,D2_Suburban,135.8,6.7,2960,0.74,15,326,07:30,14:12,16.8,-1.0,Snow,1.3,Completed,0,0.0,38.4,,,,,,,,,None,,Not_Installed_Diesel,Quarter_End,2025-12-22T14:42:00,,2026-02-15T00:00:00
2025-12-22,D-07,Diesel,Diesel,Class6_Box,DUTY_SUB_04,D2_Suburban,136.8,6.4,3280,0.82,14,258,07:00,13:24,17.6,-1.0,Snow,1.3,Completed,0,0.0,39.6,,,,,,,,,None,,Not_Installed_Diesel,Quarter_End,2025-12-22T13:54:00,,2026-02-15T00:00:00
2025-12-22,D-08,Diesel,Diesel,Class6_Box,DUTY_REG_01,D3_Regional,208.2,7.9,3080,0.77,8,535,07:30,15:24,15.6,-1.0,Snow,1.3,Completed,0,0.0,58.6,,,,,,,,,None,,Not_Installed_Diesel,Quarter_End,2025-12-22T15:54:00,,2026-02-15T00:00:00
2025-12-22,D-09,Diesel,Diesel,Class6_Box,DUTY_REG_02,D3_Regional,206.9,7.6,2760,0.69,3,473,07:00,14:36,16.4,-1.0,Snow,1.3,Completed,0,0.0,57.9,,,,,,,,,None,,Not_Installed_Diesel,Quarter_End,2025-12-22T14:59:00,,2026-02-15T00:00:00
2025-12-22,D-10,Diesel,Diesel,Class6_Box,DUTY_REG_03,D3_Regional,214.3,8.0,2520,0.63,10,549,07:15,15:15,15.8,-1.0,Snow,1.3,Completed,0,0.0,57.8,,,,,,,,,None,,Not_Installed_Diesel,Quarter_End,2025-12-22T15:45:00,,2026-02-15T00:00:00
2025-12-23,EV-01,Electric,Electric,Class6_Box,DUTY_URB_01,D1_Urban,85.3,5.7,3000,0.75,30,157,07:15,12:57,18.1,1.2,Dry,0.0,Completed,0,0.0,,148.1,13.3,161.4,183.4,100.0,19.3,CHG-01,50.0,Enhanced_Telemetry,148.6,Received_Valid,Immediate_CAN_Bus,2025-12-23T12:59:00,2025-12-23T12:59:00,2025-12-23T12:59:00
2025-12-23,EV-02,Electric,Electric,Class6_Box,DUTY_URB_02,D1_Urban,85.8,6.1,2200,0.55,25,140,07:00,13:06,17.9,1.2,Dry,0.0,Completed,0,0.0,,155.4,11.7,167.1,189.9,100.0,16.5,CHG-02,50.0,Enhanced_Telemetry,155.4,Received_Valid,Immediate_CAN_Bus,2025-12-23T13:36:00,2025-12-23T13:11:00,2025-12-23T13:11:00
2025-12-23,EV-03,Electric,Electric,Class6_Box,DUTY_URB_03,D1_Urban,84.3,5.8,2800,0.70,34,165,07:00,12:48,18.2,1.2,Dry,0.0,Completed,0,0.0,,143.1,11.0,154.1,175.1,100.0,23.0,CHG-01,50.0,Baseline_Meter,,Not_Subscribed_Baseline,Quarter_End,2025-12-23T12:59:00,,2026-02-15T00:00:00
2025-12-23,D-04,Diesel,Diesel,Class6_Box,DUTY_SUB_01,D2_Suburban,133.6,6.0,3000,0.75,18,291,07:15,13:15,17.8,1.2,Dry,0.0,Completed,0,0.0,37.7,,,,,,,,,None,,Not_Installed_Diesel,Quarter_End,2025-12-23T13:45:00,,2026-02-15T00:00:00
2025-12-23,D-05,Diesel,Diesel,Class6_Box,DUTY_SUB_02,D2_Suburban,135.3,6.7,3080,0.77,12,301,07:00,13:42,17.3,1.2,Dry,0.0,Outsourced,1,270.0,,,,,,,,,,None,,Not_Applicable_Outsourced,Quarter_End,2025-12-23T13:59:00,,2025-12-23T13:59:00
2025-12-23,D-06,Diesel,Diesel,Class6_Box,DUTY_SUB_03,D2_Suburban,134.1,7.1,3200,0.80,19,302,07:15,14:21,16.6,1.2,Dry,0.0,Completed,0,0.0,37.8,,,,,,,,,None,,Not_Installed_Diesel,Quarter_End,2025-12-23T14:51:00,,2026-02-15T00:00:00
2025-12-23,D-07,Diesel,Diesel,Class6_Box,DUTY_SUB_04,D2_Suburban,136.2,6.6,2880,0.72,16,287,07:00,13:36,17.4,1.2,Dry,0.0,Completed,0,0.0,38.3,,,,,,,,,None,,Not_Installed_Diesel,Quarter_End,2025-12-23T13:59:00,,2026-02-15T00:00:00
2025-12-23,D-08,Diesel,Diesel,Class6_Box,DUTY_REG_01,D3_Regional,209.5,7.8,2720,0.68,9,508,07:30,15:18,15.7,1.2,Dry,0.0,Completed,0,0.0,57.2,,,,,,,,,None,,Not_Installed_Diesel,Quarter_End,2025-12-23T15:48:00,,2026-02-15T00:00:00
2025-12-23,D-09,Diesel,Diesel,Class6_Box,DUTY_REG_02,D3_Regional,209.0,7.5,2840,0.71,5,479,07:00,14:30,16.5,1.2,Dry,0.0,Completed,0,0.0,56.4,,,,,,,,,None,,Not_Installed_Diesel,Quarter_End,2025-12-23T14:59:00,,2026-02-15T00:00:00
2025-12-23,D-10,Diesel,Diesel,Class6_Box,DUTY_REG_03,D3_Regional,212.1,7.9,2920,0.73,5,552,07:15,15:09,15.8,1.2,Dry,0.0,Completed,0,0.0,56.8,,,,,,,,,None,,Not_Installed_Diesel,Quarter_End,2025-12-23T15:39:00,,2026-02-15T00:00:00
2025-12-24,EV-01,Electric,Electric,Class6_Box,DUTY_URB_01,D1_Urban,83.3,5.9,2720,0.68,27,132,07:15,13:09,17.9,2.1,Dry,0.0,Completed,0,0.0,,147.3,10.4,157.7,179.2,100.0,21.2,CHG-01,50.0,Enhanced_Telemetry,147.0,Received_Valid,Immediate_CAN_Bus,2025-12-24T13:39:00,2025-12-24T13:14:00,2025-12-24T13:14:00
2025-12-24,EV-02,Electric,Electric,Class6_Box,DUTY_URB_02,D1_Urban,85.2,5.7,3240,0.81,25,155,07:00,12:42,18.3,2.1,Dry,0.0,Completed,0,0.0,,143.5,12.2,155.7,176.9,100.0,22.2,CHG-02,50.0,Enhanced_Telemetry,143.7,Received_Valid,Immediate_CAN_Bus,2025-12-24T12:59:00,2025-12-24T12:47:00,2025-12-24T12:47:00
2025-12-24,EV-03,Electric,Electric,Class6_Box,DUTY_URB_03,D1_Urban,82.3,6.2,3120,0.78,30,134,07:00,13:12,17.8,2.1,Dry,0.0,Completed,0,0.0,,141.6,11.2,152.8,173.6,100.0,23.6,CHG-01,50.0,Baseline_Meter,,Not_Subscribed_Baseline,Quarter_End,2025-12-24T13:42:00,,2026-02-15T00:00:00
2025-12-24,D-04,Diesel,Diesel,Class6_Box,DUTY_SUB_01,D2_Suburban,135.8,6.4,2920,0.73,15,283,07:15,13:39,17.4,2.1,Dry,0.0,Completed,0,0.0,37.7,,,,,,,,,None,,Not_Installed_Diesel,Quarter_End,2025-12-24T13:59:00,,2026-02-15T00:00:00
2025-12-24,D-05,Diesel,Diesel,Class6_Box,DUTY_SUB_02,D2_Suburban,134.9,6.5,2920,0.73,15,301,07:30,14:00,17.0,2.1,Dry,0.0,Completed,0,0.0,38.2,,,,,,,,,None,,Not_Installed_Diesel,Quarter_End,2025-12-24T14:30:00,,2026-02-15T00:00:00
2025-12-24,D-06,Diesel,Diesel,Class6_Box,DUTY_SUB_03,D2_Suburban,137.4,6.3,2720,0.68,16,316,07:00,13:18,17.7,2.1,Dry,0.0,Completed,0,0.0,37.4,,,,,,,,,None,,Not_Installed_Diesel,Quarter_End,2025-12-24T13:48:00,,2026-02-15T00:00:00
2025-12-24,D-07,Diesel,Diesel,Class6_Box,DUTY_SUB_04,D2_Suburban,138.9,6.4,3440,0.86,14,291,07:00,13:24,17.6,2.1,Dry,0.0,Completed,0,0.0,37.8,,,,,,,,,None,,Not_Installed_Diesel,Quarter_End,2025-12-24T13:54:00,,2026-02-15T00:00:00
2025-12-24,D-08,Diesel,Diesel,Class6_Box,DUTY_REG_01,D3_Regional,210.3,7.8,2800,0.70,8,529,07:00,14:48,16.2,2.1,Dry,0.0,Completed,0,0.0,57.1,,,,,,,,,None,,Not_Installed_Diesel,Quarter_End,2025-12-24T14:59:00,,2026-02-15T00:00:00
2025-12-24,D-09,Diesel,Diesel,Class6_Box,DUTY_REG_02,D3_Regional,209.3,7.5,2560,0.64,6,472,07:00,14:30,16.5,2.1,Dry,0.0,Completed,0,0.0,56.5,,,,,,,,,None,,Not_Installed_Diesel,Quarter_End,2025-12-24T14:59:00,,2026-02-15T00:00:00
2025-12-24,D-10,Diesel,Diesel,Class6_Box,DUTY_REG_03,D3_Regional,211.6,7.8,2720,0.68,9,570,07:00,14:48,16.2,2.1,Dry,0.0,Completed,0,0.0,56.4,,,,,,,,,None,,Not_Installed_Diesel,Quarter_End,2025-12-24T14:59:00,,2026-02-15T00:00:00
2025-12-25,EV-01,Electric,Electric,Class6_Box,DUTY_URB_01,D1_Urban,85.8,5.7,3160,0.79,30,125,07:00,12:42,18.3,-0.3,Dry,0.0,Completed,0,0.0,,156.8,14.3,171.1,194.4,100.0,14.5,CHG-01,50.0,Enhanced_Telemetry,156.0,Received_Valid,Immediate_CAN_Bus,2025-12-25T12:59:00,2025-12-25T12:47:00,2025-12-25T12:47:00
2025-12-25,EV-02,Electric,Electric,Class6_Box,DUTY_URB_02,D1_Urban,85.5,5.7,2720,0.68,31,118,07:15,12:57,18.1,-0.3,Dry,0.0,Completed,0,0.0,,148.6,14.1,162.7,184.9,100.0,18.7,CHG-02,50.0,Enhanced_Telemetry,148.0,Received_Valid,Immediate_CAN_Bus,2025-12-25T12:59:00,2025-12-25T12:59:00,2025-12-25T12:59:00
2025-12-25,EV-03,Electric,Electric,Class6_Box,DUTY_URB_03,D1_Urban,88.7,5.5,2920,0.73,29,150,07:30,13:00,18.0,-0.3,Dry,0.0,Completed,0,0.0,,157.2,11.3,168.5,191.5,100.0,15.8,CHG-01,50.0,Baseline_Meter,,Not_Subscribed_Baseline,Quarter_End,2025-12-25T13:30:00,,2026-02-15T00:00:00
2025-12-25,D-04,Diesel,Diesel,Class6_Box,DUTY_SUB_01,D2_Suburban,132.7,6.7,2840,0.71,15,276,07:15,13:57,17.1,-0.3,Dry,0.0,Completed,0,0.0,37.7,,,,,,,,,None,,Not_Installed_Diesel,Quarter_End,2025-12-25T13:59:00,,2026-02-15T00:00:00
2025-12-25,D-05,Diesel,Diesel,Class6_Box,DUTY_SUB_02,D2_Suburban,137.3,6.5,2560,0.64,18,271,07:15,13:45,17.2,-0.3,Dry,0.0,Completed,0,0.0,38.0,,,,,,,,,None,,Not_Installed_Diesel,Quarter_End,2025-12-25T13:59:00,,2026-02-15T00:00:00
2025-12-25,D-06,Diesel,Diesel,Class6_Box,DUTY_SUB_03,D2_Suburban,134.5,6.7,3160,0.79,19,306,07:15,13:57,17.1,-0.3,Dry,0.0,Completed,0,0.0,38.4,,,,,,,,,None,,Not_Installed_Diesel,Quarter_End,2025-12-25T13:59:00,,2026-02-15T00:00:00
2025-12-25,D-07,Diesel,Diesel,Class6_Box,DUTY_SUB_04,D2_Suburban,135.3,6.7,2880,0.72,14,284,07:15,13:57,17.1,-0.3,Dry,0.0,Completed,0,0.0,36.8,,,,,,,,,None,,Not_Installed_Diesel,Quarter_End,2025-12-25T13:59:00,,2026-02-15T00:00:00
2025-12-25,D-08,Diesel,Diesel,Class6_Box,DUTY_REG_01,D3_Regional,207.2,7.7,3120,0.78,3,538,07:00,14:42,16.3,-0.3,Dry,0.0,Completed,0,0.0,56.4,,,,,,,,,None,,Not_Installed_Diesel,Quarter_End,2025-12-25T14:59:00,,2026-02-15T00:00:00
2025-12-25,D-09,Diesel,Diesel,Class6_Box,DUTY_REG_02,D3_Regional,207.8,7.8,2600,0.65,2,470,07:00,14:48,16.2,-0.3,Dry,0.0,Completed,0,0.0,56.2,,,,,,,,,None,,Not_Installed_Diesel,Quarter_End,2025-12-25T14:59:00,,2026-02-15T00:00:00
2025-12-25,D-10,Diesel,Diesel,Class6_Box,DUTY_REG_03,D3_Regional,213.9,8.1,2880,0.72,9,555,07:15,15:21,15.7,-0.3,Dry,0.0,Completed,0,0.0,56.2,,,,,,,,,None,,Not_Installed_Diesel,Quarter_End,2025-12-25T15:51:00,,2026-02-15T00:00:00
2025-12-26,EV-01,Electric,Electric,Class6_Box,DUTY_URB_01,D1_Urban,84.0,5.7,2920,0.73,27,131,07:00,12:42,18.3,8.0,Dry,0.0,Completed,0,0.0,,137.0,9.1,146.1,166.0,100.0,27.0,CHG-01,50.0,Enhanced_Telemetry,136.8,Received_Valid,Immediate_CAN_Bus,2025-12-26T12:59:00,2025-12-26T12:47:00,2025-12-26T12:47:00
2025-12-26,EV-02,Electric,Electric,Class6_Box,DUTY_URB_02,D1_Urban,83.2,5.7,2800,0.70,29,120,07:30,13:12,17.8,8.0,Dry,0.0,Completed,0,0.0,,143.0,9.7,152.7,173.5,100.0,23.7,CHG-02,50.0,Enhanced_Telemetry,143.5,Received_Valid,Immediate_CAN_Bus,2025-12-26T13:42:00,2025-12-26T13:17:00,2025-12-26T13:17:00
2025-12-26,EV-03,Electric,Electric,Class6_Box,DUTY_URB_03,D1_Urban,87.7,5.9,2360,0.59,34,150,07:15,13:09,17.9,8.0,Dry,0.0,Completed,0,0.0,,154.1,10.5,164.6,187.0,100.0,17.7,CHG-01,50.0,Baseline_Meter,,Not_Subscribed_Baseline,Quarter_End,2025-12-26T13:39:00,,2026-02-15T00:00:00
2025-12-26,D-04,Diesel,Diesel,Class6_Box,DUTY_SUB_01,D2_Suburban,133.4,6.6,2960,0.74,16,295,07:30,14:06,16.9,8.0,Dry,0.0,Completed,0,0.0,38.4,,,,,,,,,None,,Not_Installed_Diesel,Quarter_End,2025-12-26T14:36:00,,2026-02-15T00:00:00
2025-12-26,D-05,Diesel,Diesel,Class6_Box,DUTY_SUB_02,D2_Suburban,135.5,6.5,3320,0.83,12,275,07:00,13:30,17.5,8.0,Dry,0.0,Completed,0,0.0,37.0,,,,,,,,,None,,Not_Installed_Diesel,Quarter_End,2025-12-26T13:59:00,,2026-02-15T00:00:00
2025-12-26,D-06,Diesel,Diesel,Class6_Box,DUTY_SUB_03,D2_Suburban,136.1,6.7,3080,0.77,15,312,07:30,14:12,16.8,8.0,Dry,0.0,Completed,0,0.0,36.8,,,,,,,,,None,,Not_Installed_Diesel,Quarter_End,2025-12-26T14:42:00,,2026-02-15T00:00:00
2025-12-26,D-07,Diesel,Diesel,Class6_Box,DUTY_SUB_04,D2_Suburban,135.8,6.6,2520,0.63,16,266,07:15,13:51,17.1,8.0,Dry,0.0,Completed,0,0.0,37.4,,,,,,,,,None,,Not_Installed_Diesel,Quarter_End,2025-12-26T13:59:00,,2026-02-15T00:00:00
2025-12-26,D-08,Diesel,Diesel,Class6_Box,DUTY_REG_01,D3_Regional,207.8,7.9,2720,0.68,4,538,07:15,15:09,15.8,8.0,Dry,0.0,Completed,0,0.0,56.8,,,,,,,,,None,,Not_Installed_Diesel,Quarter_End,2025-12-26T15:39:00,,2026-02-15T00:00:00
2025-12-26,D-09,Diesel,Diesel,Class6_Box,DUTY_REG_02,D3_Regional,207.5,7.9,2880,0.72,7,509,07:30,15:24,15.6,8.0,Dry,0.0,Completed,0,0.0,57.5,,,,,,,,,None,,Not_Installed_Diesel,Quarter_End,2025-12-26T15:54:00,,2026-02-15T00:00:00
2025-12-26,D-10,Diesel,Diesel,Class6_Box,DUTY_REG_03,D3_Regional,214.0,7.7,3440,0.86,10,553,07:00,14:42,16.3,8.0,Dry,0.0,Completed,0,0.0,58.0,,,,,,,,,None,,Not_Installed_Diesel,Quarter_End,2025-12-26T14:59:00,,2026-02-15T00:00:00
2025-12-29,EV-01,Electric,Electric,Class6_Box,DUTY_URB_01,D1_Urban,87.2,5.5,2840,0.71,33,145,07:30,13:00,18.0,7.5,Rain,2.3,Completed,0,0.0,,146.6,9.4,156.0,177.3,100.0,22.0,CHG-01,50.0,Enhanced_Telemetry,146.3,Received_Valid,Immediate_CAN_Bus,2025-12-29T13:30:00,2025-12-29T13:05:00,2025-12-29T13:05:00
2025-12-29,EV-02,Electric,Electric,Class6_Box,DUTY_URB_02,D1_Urban,82.9,5.8,2720,0.68,28,120,07:15,13:03,17.9,7.5,Rain,2.3,Completed,0,0.0,,143.5,11.5,155.0,176.1,100.0,22.5,CHG-02,50.0,Enhanced_Telemetry,143.7,Received_Valid,Immediate_CAN_Bus,2025-12-29T13:33:00,2025-12-29T13:08:00,2025-12-29T13:08:00
2025-12-29,EV-03,Electric,Electric,Class6_Box,DUTY_URB_03,D1_Urban,84.1,5.9,2960,0.74,33,164,07:15,13:09,17.9,7.5,Rain,2.3,Completed,0,0.0,,147.4,9.5,156.9,178.3,100.0,21.5,CHG-01,50.0,Baseline_Meter,,Not_Subscribed_Baseline,Quarter_End,2025-12-29T13:39:00,,2026-02-15T00:00:00
2025-12-29,D-04,Diesel,Diesel,Class6_Box,DUTY_SUB_01,D2_Suburban,132.3,6.7,2920,0.73,17,287,07:00,13:42,17.3,7.5,Rain,2.3,Completed,0,0.0,38.1,,,,,,,,,None,,Not_Installed_Diesel,Quarter_End,2025-12-29T13:59:00,,2026-02-15T00:00:00
2025-12-29,D-05,Diesel,Diesel,Class6_Box,DUTY_SUB_02,D2_Suburban,135.7,6.6,3120,0.78,17,273,07:30,14:06,16.9,7.5,Rain,2.3,Completed,0,0.0,37.4,,,,,,,,,None,,Not_Installed_Diesel,Quarter_End,2025-12-29T14:36:00,,2026-02-15T00:00:00
2025-12-29,D-06,Diesel,Diesel,Class6_Box,DUTY_SUB_03,D2_Suburban,132.6,6.4,2560,0.64,18,304,07:00,13:24,17.6,7.5,Rain,2.3,Completed,0,0.0,37.7,,,,,,,,,None,,Not_Installed_Diesel,Quarter_End,2025-12-29T13:54:00,,2026-02-15T00:00:00
2025-12-29,D-07,Diesel,Diesel,Class6_Box,DUTY_SUB_04,D2_Suburban,133.9,6.2,2720,0.68,12,272,07:00,13:12,17.8,7.5,Rain,2.3,Completed,0,0.0,37.5,,,,,,,,,None,,Not_Installed_Diesel,Quarter_End,2025-12-29T13:42:00,,2026-02-15T00:00:00
2025-12-29,D-08,Diesel,Diesel,Class6_Box,DUTY_REG_01,D3_Regional,208.4,7.3,2480,0.62,8,508,07:00,14:18,16.7,7.5,Rain,2.3,Completed,0,0.0,56.8,,,,,,,,,None,,Not_Installed_Diesel,Quarter_End,2025-12-29T14:48:00,,2026-02-15T00:00:00
2025-12-29,D-09,Diesel,Diesel,Class6_Box,DUTY_REG_02,D3_Regional,212.1,7.5,2840,0.71,6,476,07:00,14:30,16.5,7.5,Rain,2.3,Completed,0,0.0,56.6,,,,,,,,,None,,Not_Installed_Diesel,Quarter_End,2025-12-29T14:59:00,,2026-02-15T00:00:00
2025-12-29,D-10,Diesel,Diesel,Class6_Box,DUTY_REG_03,D3_Regional,209.7,7.7,2960,0.74,6,541,07:30,15:12,15.8,7.5,Rain,2.3,Completed,0,0.0,57.3,,,,,,,,,None,,Not_Installed_Diesel,Quarter_End,2025-12-29T15:42:00,,2026-02-15T00:00:00
2025-12-30,EV-01,Electric,Electric,Class6_Box,DUTY_URB_01,D1_Urban,88.7,5.8,2640,0.66,27,136,07:15,13:03,17.9,0.1,Dry,0.0,Completed,0,0.0,,156.9,12.6,169.5,192.6,100.0,15.2,CHG-01,50.0,Enhanced_Telemetry,157.0,Received_Valid,Immediate_CAN_Bus,2025-12-30T13:33:00,2025-12-30T13:08:00,2025-12-30T13:08:00
2025-12-30,EV-02,Electric,Electric,Class6_Box,DUTY_URB_02,D1_Urban,82.1,5.3,3120,0.78,31,142,07:30,12:48,18.2,0.1,Dry,0.0,Completed,0,0.0,,147.4,12.1,159.5,181.2,100.0,20.2,CHG-02,50.0,Enhanced_Telemetry,146.9,Received_Valid,Immediate_CAN_Bus,2025-12-30T12:59:00,2025-12-30T12:53:00,2025-12-30T12:53:00
2025-12-30,EV-03,Electric,Electric,Class6_Box,DUTY_URB_03,D1_Urban,84.0,5.9,2880,0.72,31,157,07:15,13:09,17.9,0.1,Dry,0.0,Completed,0,0.0,,150.8,13.4,164.2,186.6,100.0,17.9,CHG-01,50.0,Baseline_Meter,,Not_Subscribed_Baseline,Quarter_End,2025-12-30T13:39:00,,2026-02-15T00:00:00
2025-12-30,D-04,Diesel,Diesel,Class6_Box,DUTY_SUB_01,D2_Suburban,132.0,7.1,2600,0.65,14,286,07:00,14:06,16.9,0.1,Dry,0.0,Completed,0,0.0,38.1,,,,,,,,,None,,Not_Installed_Diesel,Quarter_End,2025-12-30T14:36:00,,2026-02-15T00:00:00
2025-12-30,D-05,Diesel,Diesel,Class6_Box,DUTY_SUB_02,D2_Suburban,137.4,7.1,3120,0.78,14,294,07:00,14:06,16.9,0.1,Dry,0.0,Late,0,0.0,37.0,,,,,,,,,None,,Not_Installed_Diesel,Quarter_End,2025-12-30T14:36:00,,2026-02-15T00:00:00
2025-12-30,D-06,Diesel,Diesel,Class6_Box,DUTY_SUB_03,D2_Suburban,135.4,6.6,3280,0.82,19,312,07:15,13:51,17.1,0.1,Dry,0.0,Completed,0,0.0,37.8,,,,,,,,,None,,Not_Installed_Diesel,Quarter_End,2025-12-30T13:59:00,,2026-02-15T00:00:00
2025-12-30,D-07,Diesel,Diesel,Class6_Box,DUTY_SUB_04,D2_Suburban,138.2,6.9,3320,0.83,17,258,07:00,13:54,17.1,0.1,Dry,0.0,Completed,0,0.0,38.2,,,,,,,,,None,,Not_Installed_Diesel,Quarter_End,2025-12-30T13:59:00,,2026-02-15T00:00:00
2025-12-30,D-08,Diesel,Diesel,Class6_Box,DUTY_REG_01,D3_Regional,210.3,7.7,2960,0.74,4,528,07:30,15:12,15.8,0.1,Dry,0.0,Completed,0,0.0,57.2,,,,,,,,,None,,Not_Installed_Diesel,Quarter_End,2025-12-30T15:42:00,,2026-02-15T00:00:00
2025-12-30,D-09,Diesel,Diesel,Class6_Box,DUTY_REG_02,D3_Regional,210.5,7.5,3120,0.78,8,501,07:30,15:00,16.0,0.1,Dry,0.0,Completed,0,0.0,56.7,,,,,,,,,None,,Not_Installed_Diesel,Quarter_End,2025-12-30T15:30:00,,2026-02-15T00:00:00
2025-12-30,D-10,Diesel,Diesel,Class6_Box,DUTY_REG_03,D3_Regional,212.9,7.9,2760,0.69,4,543,07:30,15:24,15.6,0.1,Dry,0.0,Completed,0,0.0,56.3,,,,,,,,,None,,Not_Installed_Diesel,Quarter_End,2025-12-30T15:54:00,,2026-02-15T00:00:00
2025-12-31,EV-01,Electric,Electric,Class6_Box,DUTY_URB_01,D1_Urban,86.7,5.9,2800,0.70,27,140,07:30,13:24,17.6,0.9,Cold_Wind,0.0,Completed,0,0.0,,148.9,13.0,161.9,184.0,100.0,19.0,CHG-01,50.0,Enhanced_Telemetry,148.6,Received_Valid,Immediate_CAN_Bus,2025-12-31T13:54:00,2025-12-31T13:29:00,2025-12-31T13:29:00
2025-12-31,EV-02,Electric,Electric,Class6_Box,DUTY_URB_02,D1_Urban,86.4,5.6,3160,0.79,25,125,07:30,13:06,17.9,0.9,Cold_Wind,0.0,Completed,0,0.0,,154.4,11.2,165.6,188.2,100.0,17.2,CHG-02,50.0,Enhanced_Telemetry,154.5,Received_Valid,Immediate_CAN_Bus,2025-12-31T13:36:00,2025-12-31T13:11:00,2025-12-31T13:11:00
2025-12-31,EV-03,Electric,Electric,Class6_Box,DUTY_URB_03,D1_Urban,83.3,5.9,3400,0.85,32,162,07:30,13:24,17.6,0.9,Cold_Wind,0.0,Completed,0,0.0,,147.8,12.2,160.0,181.8,100.0,20.0,CHG-01,50.0,Baseline_Meter,,Not_Subscribed_Baseline,Quarter_End,2025-12-31T13:54:00,,2026-02-15T00:00:00
2025-12-31,D-04,Diesel,Diesel,Class6_Box,DUTY_SUB_01,D2_Suburban,133.7,7.0,2400,0.60,19,294,07:15,14:15,16.8,0.9,Cold_Wind,0.0,Completed,0,0.0,38.1,,,,,,,,,None,,Not_Installed_Diesel,Quarter_End,2025-12-31T14:45:00,,2026-02-15T00:00:00
2025-12-31,D-05,Diesel,Diesel,Class6_Box,DUTY_SUB_02,D2_Suburban,136.2,6.8,3200,0.80,16,299,07:00,13:48,17.2,0.9,Cold_Wind,0.0,Completed,0,0.0,38.6,,,,,,,,,None,,Not_Installed_Diesel,Quarter_End,2025-12-31T13:59:00,,2026-02-15T00:00:00
2025-12-31,D-06,Diesel,Diesel,Class6_Box,DUTY_SUB_03,D2_Suburban,132.8,6.7,2880,0.72,17,320,07:30,14:12,16.8,0.9,Cold_Wind,0.0,Completed,0,0.0,37.6,,,,,,,,,None,,Not_Installed_Diesel,Quarter_End,2025-12-31T14:42:00,,2026-02-15T00:00:00
2025-12-31,D-07,Diesel,Diesel,Class6_Box,DUTY_SUB_04,D2_Suburban,132.6,6.4,3040,0.76,11,270,07:15,13:39,17.4,0.9,Cold_Wind,0.0,Completed,0,0.0,39.1,,,,,,,,,None,,Not_Installed_Diesel,Quarter_End,2025-12-31T13:59:00,,2026-02-15T00:00:00
2025-12-31,D-08,Diesel,Diesel,Class6_Box,DUTY_REG_01,D3_Regional,209.2,7.9,3160,0.79,9,514,07:15,15:09,15.8,0.9,Cold_Wind,0.0,Completed,0,0.0,56.2,,,,,,,,,None,,Not_Installed_Diesel,Quarter_End,2025-12-31T15:39:00,,2026-02-15T00:00:00
2025-12-31,D-09,Diesel,Diesel,Class6_Box,DUTY_REG_02,D3_Regional,206.9,7.7,3000,0.75,5,481,07:15,14:57,16.1,0.9,Cold_Wind,0.0,Completed,0,0.0,56.8,,,,,,,,,None,,Not_Installed_Diesel,Quarter_End,2025-12-31T14:59:00,,2026-02-15T00:00:00
2025-12-31,D-10,Diesel,Diesel,Class6_Box,DUTY_REG_03,D3_Regional,213.2,7.8,2640,0.66,4,538,07:15,15:03,15.9,0.9,Cold_Wind,0.0,Completed,0,0.0,56.6,,,,,,,,,None,,Not_Installed_Diesel,Quarter_End,2025-12-31T15:33:00,,2026-02-15T00:00:00
